step,time,drone_x,drone_y,drone_z,beam_x,beam_y,beam_z,human_danger,mission_progress,free_energy,tau_factor,position_error
0,0.0000,0.0000,0.0000,1.5000,2.0000,0.0000,4.0000,0.0000,0.3917,2.370833,1.0000,3.0414
1,0.0020,0.0000,0.0000,1.5000,2.0000,0.0000,4.0000,0.0000,0.3917,2.062247,1.0000,3.0414
2,0.0040,-0.0000,0.0000,1.5000,2.0000,0.0000,4.0000,0.0000,0.3917,2.062247,1.0000,3.0414
3,0.0060,-0.0000,0.0000,1.5000,2.0000,0.0000,3.9999,0.0000,0.3917,2.062247,1.0000,3.0414
4,0.0080,-0.0000,0.0000,1.5001,2.0000,0.0000,3.9999,0.0000,0.3917,2.062247,1.0000,3.0414
5,0.0100,-0.0000,0.0000,1.5001,2.0000,0.0000,3.9999,0.0000,0.3917,2.062247,1.0000,3.0414
6,0.0120,-0.0000,0.0000,1.5002,2.0000,0.0000,3.9999,0.0000,0.3917,2.062247,1.0000,3.0414
7,0.0140,-0.0000,0.0000,1.5003,2.0000,0.0000,3.9999,0.0000,0.3917,2.062247,1.0000,3.0414
8,0.0160,-0.0000,0.0000,1.5003,2.0000,0.0000,3.9998,0.0000,0.3917,2.062247,1.0000,3.0414
9,0.0180,-0.0000,0.0000,1.5004,2.0000,0.0000,3.9998,0.0000,0.3917,2.062247,1.0000,3.0415
10,0.0200,-0.0000,0.0000,1.5005,2.0000,0.0000,3.9998,0.0000,0.3917,2.062247,1.0000,3.0415
11,0.0220,-0.0000,0.0000,1.5007,2.0000,0.0000,3.9998,0.0000,0.3917,2.062247,1.0000,3.0415
12,0.0240,-0.0000,0.0000,1.5008,2.0000,0.0000,3.9998,0.0000,0.3917,2.062247,1.0000,3.0415
13,0.0260,-0.0000,0.0000,1.5009,2.0000,0.0000,3.9997,0.0000,0.3917,2.062247,1.0000,3.0415
14,0.0280,-0.0000,0.0000,1.5011,2.0000,0.0000,3.9997,0.0000,0.3917,2.062247,1.0000,3.0416
15,0.0300,-0.0000,0.0000,1.5012,2.0000,0.0000,3.9997,0.0000,0.3917,2.062247,1.0000,3.0416
16,0.0320,-0.0000,0.0000,1.5014,2.0000,0.0000,3.9997,0.0000,0.3917,2.062247,1.0000,3.0416
17,0.0340,-0.0000,0.0000,1.5015,2.0000,0.0000,3.9997,0.0000,0.3917,2.062247,1.0000,3.0416
18,0.0360,-0.0000,0.0000,1.5017,2.0000,0.0000,3.9996,0.0000,0.3917,2.062247,1.0000,3.0417
19,0.0380,-0.0000,0.0000,1.5019,2.0000,0.0000,3.9996,0.0000,0.3917,2.062247,1.0000,3.0417
20,0.0400,-0.0000,0.0000,1.5021,2.0000,0.0000,3.9996,0.0000,0.3917,2.062247,1.0000,3.0417
21,0.0420,-0.0000,0.0000,1.5023,2.0000,0.0000,3.9996,0.0000,0.3916,1.725368,1.0000,3.0418
22,0.0440,-0.0000,0.0000,1.5026,2.0000,0.0000,3.9996,0.0000,0.3916,1.725368,1.0000,3.0418
23,0.0460,-0.0000,0.0000,1.5028,2.0000,0.0000,3.9995,0.0000,0.3916,1.725368,1.0000,3.0418
24,0.0480,-0.0000,0.0000,1.5030,2.0000,0.0000,3.9995,0.0000,0.3916,1.725368,1.0000,3.0419
25,0.0500,-0.0000,0.0000,1.5033,2.0000,0.0000,3.9995,0.0000,0.3916,1.725368,1.0000,3.0419
26,0.0520,-0.0000,0.0000,1.5035,2.0000,0.0000,3.9995,0.0000,0.3916,1.725368,1.0000,3.0420
27,0.0540,-0.0000,0.0000,1.5038,2.0000,0.0000,3.9995,0.0000,0.3916,1.725368,1.0000,3.0420
28,0.0560,-0.0000,0.0000,1.5041,2.0000,0.0000,3.9995,0.0000,0.3916,1.725368,1.0000,3.0421
29,0.0580,-0.0000,0.0000,1.5044,2.0000,0.0000,3.9994,0.0000,0.3916,1.725368,1.0000,3.0421
30,0.0600,-0.0000,0.0000,1.5047,2.0000,0.0000,3.9994,0.0000,0.3916,1.725368,1.0000,3.0421
31,0.0620,-0.0000,0.0000,1.5050,2.0000,0.0000,3.9994,0.0000,0.3916,1.725368,1.0000,3.0422
32,0.0640,-0.0000,0.0000,1.5053,2.0000,0.0000,3.9994,0.0000,0.3915,1.725368,1.0000,3.0423
33,0.0660,-0.0000,0.0000,1.5056,2.0000,0.0000,3.9994,0.0000,0.3915,1.725368,1.0000,3.0423
34,0.0680,-0.0000,0.0000,1.5060,2.0000,0.0000,3.9993,0.0000,0.3915,1.725368,1.0000,3.0424
35,0.0700,-0.0000,0.0000,1.5063,2.0000,0.0000,3.9993,0.0000,0.3915,1.725368,1.0000,3.0424
36,0.0720,-0.0000,0.0000,1.5067,2.0000,0.0000,3.9993,0.0000,0.3915,1.725368,1.0000,3.0425
37,0.0740,-0.0000,0.0000,1.5070,2.0000,0.0000,3.9993,0.0000,0.3915,1.725368,1.0000,3.0425
38,0.0760,-0.0000,0.0000,1.5074,2.0000,0.0000,3.9993,0.0000,0.3915,1.725368,1.0000,3.0426
39,0.0780,-0.0000,0.0000,1.5078,2.0000,0.0000,3.9992,0.0000,0.3915,1.725368,1.0000,3.0427
40,0.0800,-0.0000,0.0000,1.5081,2.0000,0.0000,3.9992,0.0000,0.3915,1.725368,1.0000,3.0427
41,0.0820,-0.0000,0.0000,1.5085,2.0000,0.0000,3.9992,0.0000,0.3914,1.527436,1.0000,3.0428
42,0.0840,-0.0000,0.0000,1.5089,2.0000,0.0000,3.9992,0.0000,0.3914,1.527436,1.0000,3.0428
43,0.0860,-0.0000,0.0000,1.5093,2.0000,0.0000,3.9992,0.0000,0.3914,1.527436,1.0000,3.0429
44,0.0880,-0.0000,0.0000,1.5098,2.0000,0.0000,3.9991,0.0000,0.3914,1.527436,1.0000,3.0430
45,0.0900,-0.0000,0.0000,1.5102,2.0000,0.0000,3.9991,0.0000,0.3914,1.527436,1.0000,3.0431
46,0.0920,-0.0000,0.0000,1.5106,2.0000,0.0000,3.9991,0.0000,0.3914,1.527436,1.0000,3.0431
47,0.0940,-0.0000,0.0000,1.5111,2.0000,0.0000,3.9991,0.0000,0.3914,1.527436,1.0000,3.0432
48,0.0960,-0.0000,0.0000,1.5115,2.0000,0.0000,3.9991,0.0000,0.3913,1.527436,1.0000,3.0433
49,0.0980,-0.0000,0.0000,1.5120,2.0000,0.0000,3.9990,0.0000,0.3913,1.527436,1.0000,3.0433
50,0.1000,-0.0000,0.0000,1.5124,2.0000,0.0000,3.9990,0.0000,0.3913,1.527436,1.0000,3.0434
51,0.1020,-0.0000,0.0000,1.5129,2.0000,0.0000,3.9990,0.0000,0.3913,1.527436,1.0000,3.0435
52,0.1040,-0.0000,0.0000,1.5134,2.0000,0.0000,3.9990,0.0000,0.3913,1.527436,1.0000,3.0436
53,0.1060,-0.0000,0.0000,1.5139,2.0000,0.0000,3.9990,0.0000,0.3913,1.527436,1.0000,3.0437
54,0.1080,-0.0000,0.0000,1.5144,2.0000,0.0000,3.9989,0.0000,0.3913,1.527436,1.0000,3.0437
55,0.1100,-0.0000,0.0000,1.5149,2.0000,0.0000,3.9989,0.0000,0.3912,1.527436,1.0000,3.0438
56,0.1120,-0.0000,0.0000,1.5154,2.0000,0.0000,3.9989,0.0000,0.3912,1.527436,1.0000,3.0439
57,0.1140,-0.0000,0.0000,1.5159,2.0000,0.0000,3.9989,0.0000,0.3912,1.527436,1.0000,3.0440
58,0.1160,-0.0001,0.0000,1.5164,2.0000,0.0000,3.9989,0.0000,0.3912,1.527436,1.0000,3.0441
59,0.1180,-0.0001,0.0000,1.5170,2.0000,0.0000,3.9988,0.0000,0.3912,1.527436,1.0000,3.0442
60,0.1200,-0.0001,0.0000,1.5175,2.0000,0.0000,3.9988,0.0000,0.3912,1.527436,1.0000,3.0442
61,0.1220,-0.0001,0.0000,1.5180,2.0000,0.0000,3.9988,0.0000,0.3911,1.388662,1.0000,3.0443
62,0.1240,-0.0001,0.0000,1.5186,2.0000,0.0000,3.9988,0.0000,0.3911,1.388662,1.0000,3.0444
63,0.1260,-0.0001,0.0000,1.5191,2.0000,0.0000,3.9988,0.0000,0.3911,1.388662,1.0000,3.0445
64,0.1280,-0.0001,0.0000,1.5197,2.0000,0.0000,3.9987,0.0000,0.3911,1.388662,1.0000,3.0446
65,0.1300,-0.0001,0.0000,1.5203,2.0000,0.0000,3.9987,0.0000,0.3911,1.388662,1.0000,3.0447
66,0.1320,-0.0001,0.0000,1.5209,2.0000,0.0000,3.9987,0.0000,0.3910,1.388662,1.0000,3.0448
67,0.1340,-0.0001,0.0000,1.5214,2.0000,0.0000,3.9987,0.0000,0.3910,1.388662,1.0000,3.0449
68,0.1360,-0.0001,0.0000,1.5220,2.0000,0.0000,3.9987,0.0000,0.3910,1.388662,1.0000,3.0450
69,0.1380,-0.0001,0.0000,1.5226,2.0000,0.0000,3.9986,0.0000,0.3910,1.388662,1.0000,3.0451
70,0.1400,-0.0001,0.0000,1.5232,2.0000,0.0000,3.9986,0.0000,0.3910,1.388662,1.0000,3.0452
71,0.1420,-0.0001,0.0001,1.5239,2.0000,0.0000,3.9986,0.0000,0.3909,1.388662,1.0000,3.0453
72,0.1440,-0.0001,0.0001,1.5245,2.0000,0.0000,3.9986,0.0000,0.3909,1.388662,1.0000,3.0454
73,0.1460,-0.0001,0.0001,1.5251,2.0000,0.0000,3.9986,0.0000,0.3909,1.388662,1.0000,3.0455
74,0.1480,-0.0001,0.0001,1.5257,2.0000,0.0000,3.9985,0.0000,0.3909,1.388662,1.0000,3.0456
75,0.1500,-0.0001,0.0001,1.5264,2.0000,0.0000,3.9985,0.0000,0.3909,1.388662,1.0000,3.0457
76,0.1520,-0.0001,0.0001,1.5270,2.0000,0.0000,3.9985,0.0000,0.3908,1.388662,1.0000,3.0458
77,0.1540,-0.0001,0.0001,1.5276,2.0000,0.0000,3.9985,0.0000,0.3908,1.388662,1.0000,3.0459
78,0.1560,-0.0002,0.0001,1.5283,2.0000,0.0000,3.9985,0.0000,0.3908,1.388662,1.0000,3.0460
79,0.1580,-0.0002,0.0001,1.5290,2.0000,0.0000,3.9985,0.0000,0.3908,1.388662,1.0000,3.0461
80,0.1600,-0.0002,0.0001,1.5296,2.0000,0.0000,3.9984,0.0000,0.3908,1.388662,1.0000,3.0462
81,0.1620,-0.0002,0.0001,1.5303,2.0000,0.0000,3.9984,0.0000,0.3907,1.341442,1.0000,3.0463
82,0.1640,-0.0002,0.0001,1.5310,2.0000,0.0000,3.9984,0.0000,0.3907,1.341442,1.0000,3.0464
83,0.1660,-0.0002,0.0001,1.5317,2.0000,0.0000,3.9984,0.0000,0.3907,1.341442,1.0000,3.0466
84,0.1680,-0.0002,0.0001,1.5323,2.0000,0.0000,3.9984,0.0000,0.3907,1.341442,1.0000,3.0467
85,0.1700,-0.0002,0.0001,1.5330,2.0000,0.0000,3.9983,0.0000,0.3906,1.341442,1.0000,3.0468
86,0.1720,-0.0002,0.0001,1.5337,2.0000,0.0000,3.9983,0.0000,0.3906,1.341442,1.0000,3.0469
87,0.1740,-0.0002,0.0001,1.5344,2.0000,0.0000,3.9983,0.0000,0.3906,1.341442,1.0000,3.0470
88,0.1760,-0.0002,0.0001,1.5351,2.0000,0.0000,3.9983,0.0000,0.3906,1.341442,1.0000,3.0471
89,0.1780,-0.0003,0.0001,1.5359,2.0000,0.0000,3.9983,0.0000,0.3906,1.341442,1.0000,3.0472
90,0.1800,-0.0003,0.0001,1.5366,2.0000,0.0000,3.9982,0.0000,0.3905,1.341442,1.0000,3.0473
91,0.1820,-0.0003,0.0001,1.5373,2.0000,0.0000,3.9982,0.0000,0.3905,1.341442,1.0000,3.0475
92,0.1840,-0.0003,0.0001,1.5380,2.0000,0.0000,3.9982,0.0000,0.3905,1.341442,1.0000,3.0476
93,0.1860,-0.0003,0.0001,1.5388,2.0000,0.0000,3.9982,0.0000,0.3905,1.341442,1.0000,3.0477
94,0.1880,-0.0003,0.0001,1.5395,2.0000,0.0000,3.9982,0.0000,0.3904,1.341442,1.0000,3.0478
95,0.1900,-0.0003,0.0002,1.5402,2.0000,0.0000,3.9981,0.0000,0.3904,1.341442,1.0000,3.0479
96,0.1920,-0.0003,0.0002,1.5410,2.0000,0.0000,3.9981,0.0000,0.3904,1.341442,1.0000,3.0481
97,0.1940,-0.0003,0.0002,1.5417,2.0000,0.0000,3.9981,0.0000,0.3904,1.341442,1.0000,3.0482
98,0.1960,-0.0004,0.0002,1.5425,2.0000,0.0000,3.9981,0.0000,0.3903,1.341442,1.0000,3.0483
99,0.1980,-0.0004,0.0002,1.5433,2.0000,0.0000,3.9981,0.0000,0.3903,1.341442,1.0000,3.0484
100,0.2000,-0.0004,0.0002,1.5440,2.0000,0.0000,3.9980,0.0000,0.3903,1.341442,1.0000,3.0485
101,0.2020,-0.0004,0.0002,1.5448,2.0000,0.0000,3.9980,0.0000,0.3903,1.313684,1.0000,3.0487
102,0.2040,-0.0004,0.0002,1.5456,2.0000,0.0000,3.9980,0.0000,0.3902,1.313684,1.0000,3.0488
103,0.2060,-0.0004,0.0002,1.5463,2.0000,0.0000,3.9980,0.0000,0.3902,1.313684,1.0000,3.0489
104,0.2080,-0.0004,0.0002,1.5471,2.0000,0.0000,3.9980,0.0000,0.3902,1.313684,1.0000,3.0490
105,0.2100,-0.0005,0.0002,1.5479,2.0000,0.0000,3.9979,0.0000,0.3902,1.313684,1.0000,3.0492
106,0.2120,-0.0005,0.0002,1.5487,2.0000,0.0000,3.9979,0.0000,0.3901,1.313684,1.0000,3.0493
107,0.2140,-0.0005,0.0002,1.5495,2.0000,0.0000,3.9979,0.0000,0.3901,1.313684,1.0000,3.0494
108,0.2160,-0.0005,0.0002,1.5503,2.0000,0.0000,3.9979,0.0000,0.3901,1.313684,1.0000,3.0495
109,0.2180,-0.0005,0.0002,1.5511,2.0000,0.0000,3.9979,0.0000,0.3901,1.313684,1.0000,3.0497
110,0.2200,-0.0006,0.0003,1.5519,2.0000,0.0000,3.9978,0.0000,0.3900,1.313684,1.0000,3.0498
111,0.2220,-0.0006,0.0003,1.5527,2.0000,0.0000,3.9978,0.0000,0.3900,1.313684,1.0000,3.0499
112,0.2240,-0.0006,0.0003,1.5535,2.0000,0.0000,3.9978,0.0000,0.3900,1.313684,1.0000,3.0501
113,0.2260,-0.0006,0.0003,1.5543,2.0000,0.0000,3.9978,0.0000,0.3900,1.313684,1.0000,3.0502
114,0.2280,-0.0006,0.0003,1.5552,2.0000,0.0000,3.9978,0.0000,0.3899,1.313684,1.0000,3.0503
115,0.2300,-0.0006,0.0003,1.5560,2.0000,0.0000,3.9977,0.0000,0.3899,1.313684,1.0000,3.0504
116,0.2320,-0.0007,0.0003,1.5568,2.0000,0.0000,3.9977,0.0000,0.3899,1.313684,1.0000,3.0506
117,0.2340,-0.0007,0.0003,1.5576,2.0000,0.0000,3.9977,0.0000,0.3899,1.313684,1.0000,3.0507
118,0.2360,-0.0007,0.0003,1.5585,2.0000,0.0000,3.9977,0.0000,0.3898,1.313684,1.0000,3.0508
119,0.2380,-0.0007,0.0003,1.5593,2.0000,0.0000,3.9977,0.0000,0.3898,1.313684,1.0000,3.0510
120,0.2400,-0.0008,0.0004,1.5601,2.0000,0.0000,3.9976,0.0000,0.3898,1.313684,1.0000,3.0511
121,0.2420,-0.0008,0.0004,1.5610,2.0000,0.0000,3.9976,0.0000,0.3898,1.299015,1.0000,3.0512
122,0.2440,-0.0008,0.0004,1.5618,2.0000,0.0000,3.9976,0.0000,0.3897,1.299015,1.0000,3.0514
123,0.2460,-0.0008,0.0004,1.5627,2.0000,0.0000,3.9976,0.0000,0.3897,1.299015,1.0000,3.0515
124,0.2480,-0.0009,0.0004,1.5635,2.0000,0.0000,3.9976,0.0000,0.3897,1.299015,1.0000,3.0516
125,0.2500,-0.0009,0.0004,1.5644,2.0000,0.0000,3.9975,0.0000,0.3896,1.299015,1.0000,3.0518
126,0.2520,-0.0009,0.0004,1.5652,2.0000,0.0000,3.9975,0.0000,0.3896,1.299015,1.0000,3.0519
127,0.2540,-0.0009,0.0004,1.5661,2.0000,0.0000,3.9975,0.0000,0.3896,1.299015,1.0000,3.0520
128,0.2560,-0.0010,0.0004,1.5670,2.0000,0.0000,3.9975,0.0000,0.3896,1.299015,1.0000,3.0522
129,0.2580,-0.0010,0.0005,1.5678,2.0000,0.0000,3.9975,0.0000,0.3895,1.299015,1.0000,3.0523
130,0.2600,-0.0010,0.0005,1.5687,2.0000,0.0000,3.9974,0.0000,0.3895,1.299015,1.0000,3.0524
131,0.2620,-0.0010,0.0005,1.5696,2.0000,0.0000,3.9974,0.0000,0.3895,1.299015,1.0000,3.0526
132,0.2640,-0.0011,0.0005,1.5704,2.0000,0.0000,3.9974,0.0000,0.3895,1.299015,1.0000,3.0527
133,0.2660,-0.0011,0.0005,1.5713,2.0000,0.0000,3.9974,0.0000,0.3894,1.299015,1.0000,3.0528
134,0.2680,-0.0011,0.0005,1.5722,2.0000,0.0000,3.9974,0.0000,0.3894,1.299015,1.0000,3.0530
135,0.2700,-0.0012,0.0005,1.5731,2.0000,0.0000,3.9974,0.0000,0.3894,1.299015,1.0000,3.0531
136,0.2720,-0.0012,0.0005,1.5739,2.0000,0.0000,3.9973,0.0000,0.3894,1.299015,1.0000,3.0532
137,0.2740,-0.0012,0.0006,1.5748,2.0000,0.0000,3.9973,0.0000,0.3893,1.299015,1.0000,3.0534
138,0.2760,-0.0013,0.0006,1.5757,2.0000,0.0000,3.9973,0.0000,0.3893,1.299015,1.0000,3.0535
139,0.2780,-0.0013,0.0006,1.5766,2.0000,0.0000,3.9973,0.0000,0.3893,1.299015,1.0000,3.0536
140,0.2800,-0.0013,0.0006,1.5775,2.0000,0.0000,3.9973,0.0000,0.3892,1.299015,1.0000,3.0538
141,0.2820,-0.0014,0.0006,1.5784,2.0000,0.0000,3.9972,0.0000,0.3892,1.288018,1.0000,3.0539
142,0.2840,-0.0014,0.0006,1.5793,2.0000,0.0000,3.9972,0.0000,0.3892,1.288018,1.0000,3.0540
143,0.2860,-0.0014,0.0007,1.5802,2.0000,0.0000,3.9972,0.0000,0.3892,1.288018,1.0000,3.0542
144,0.2880,-0.0015,0.0007,1.5811,2.0000,0.0000,3.9972,0.0000,0.3891,1.288018,1.0000,3.0543
145,0.2900,-0.0015,0.0007,1.5820,2.0000,0.0000,3.9972,0.0000,0.3891,1.288018,1.0000,3.0544
146,0.2920,-0.0016,0.0007,1.5829,2.0000,0.0000,3.9971,0.0000,0.3891,1.288018,1.0000,3.0546
147,0.2940,-0.0016,0.0007,1.5838,2.0000,0.0000,3.9971,0.0000,0.3891,1.288018,1.0000,3.0547
148,0.2960,-0.0016,0.0007,1.5847,2.0000,0.0000,3.9971,0.0000,0.3890,1.288018,1.0000,3.0548
149,0.2980,-0.0017,0.0008,1.5856,2.0000,0.0000,3.9971,0.0000,0.3890,1.288018,1.0000,3.0550
150,0.3000,-0.0017,0.0008,1.5865,2.0000,0.0000,3.9971,0.0000,0.3890,1.288018,1.0000,3.0551
151,0.3020,-0.0018,0.0008,1.5874,2.0000,0.0000,3.9970,0.0000,0.3890,1.288018,1.0000,3.0552
152,0.3040,-0.0018,0.0008,1.5883,2.0000,0.0000,3.9970,0.0000,0.3889,1.288018,1.0000,3.0554
153,0.3060,-0.0018,0.0008,1.5892,2.0000,0.0000,3.9970,0.0000,0.3889,1.288018,1.0000,3.0555
154,0.3080,-0.0019,0.0009,1.5901,2.0000,0.0000,3.9970,0.0000,0.3889,1.288018,1.0000,3.0556
155,0.3100,-0.0019,0.0009,1.5910,2.0000,0.0000,3.9970,0.0000,0.3888,1.288018,1.0000,3.0558
156,0.3120,-0.0020,0.0009,1.5919,2.0000,0.0000,3.9969,0.0000,0.3888,1.288018,1.0000,3.0559
157,0.3140,-0.0020,0.0009,1.5928,2.0000,0.0000,3.9969,0.0000,0.3888,1.288018,1.0000,3.0560
158,0.3160,-0.0021,0.0009,1.5938,2.0000,0.0000,3.9969,0.0000,0.3888,1.288018,1.0000,3.0562
159,0.3180,-0.0021,0.0010,1.5947,2.0000,0.0000,3.9969,0.0000,0.3887,1.288018,1.0000,3.0563
160,0.3200,-0.0022,0.0010,1.5956,2.0000,0.0000,3.9969,0.0000,0.3887,1.288018,1.0000,3.0564
161,0.3220,-0.0022,0.0010,1.5965,2.0000,0.0000,3.9968,0.0000,0.3887,1.279572,1.0000,3.0565
162,0.3240,-0.0023,0.0010,1.5974,2.0000,0.0000,3.9968,0.0000,0.3887,1.279572,1.0000,3.0567
163,0.3260,-0.0023,0.0010,1.5983,2.0000,0.0000,3.9968,0.0000,0.3886,1.279572,1.0000,3.0568
164,0.3280,-0.0024,0.0011,1.5993,2.0000,0.0000,3.9968,0.0000,0.3886,1.279572,1.0000,3.0569
165,0.3300,-0.0024,0.0011,1.6002,2.0000,0.0000,3.9968,0.0000,0.3886,1.279572,1.0000,3.0571
166,0.3320,-0.0025,0.0011,1.6011,2.0000,0.0000,3.9967,0.0000,0.3886,1.279572,1.0000,3.0572
167,0.3340,-0.0025,0.0011,1.6020,2.0000,0.0000,3.9967,0.0000,0.3885,1.279572,1.0000,3.0573
168,0.3360,-0.0026,0.0012,1.6029,2.0000,0.0000,3.9967,0.0000,0.3885,1.279572,1.0000,3.0574
169,0.3380,-0.0027,0.0012,1.6039,2.0000,0.0000,3.9967,0.0000,0.3885,1.279572,1.0000,3.0576
170,0.3400,-0.0027,0.0012,1.6048,2.0000,0.0000,3.9967,0.0000,0.3885,1.279572,1.0000,3.0577
171,0.3420,-0.0028,0.0012,1.6057,2.0000,0.0000,3.9966,0.0000,0.3884,1.279572,1.0000,3.0578
172,0.3440,-0.0028,0.0013,1.6066,2.0000,0.0000,3.9966,0.0000,0.3884,1.279572,1.0000,3.0579
173,0.3460,-0.0029,0.0013,1.6075,2.0000,0.0000,3.9966,0.0000,0.3884,1.279572,1.0000,3.0581
174,0.3480,-0.0030,0.0013,1.6084,2.0000,0.0000,3.9966,0.0000,0.3884,1.279572,1.0000,3.0582
175,0.3500,-0.0030,0.0013,1.6094,2.0000,0.0000,3.9966,0.0000,0.3883,1.279572,1.0000,3.0583
176,0.3520,-0.0031,0.0014,1.6103,2.0000,0.0000,3.9965,0.0000,0.3883,1.279572,1.0000,3.0584
177,0.3540,-0.0031,0.0014,1.6112,2.0000,0.0000,3.9965,0.0000,0.3883,1.279572,1.0000,3.0586
178,0.3560,-0.0032,0.0014,1.6121,2.0000,0.0000,3.9965,0.0000,0.3883,1.279572,1.0000,3.0587
179,0.3580,-0.0033,0.0014,1.6130,2.0000,0.0000,3.9965,0.0000,0.3882,1.279572,1.0000,3.0588
180,0.3600,-0.0033,0.0015,1.6140,2.0000,0.0000,3.9965,0.0000,0.3882,1.279572,1.0000,3.0589
181,0.3620,-0.0034,0.0015,1.6149,2.0000,0.0000,3.9964,0.0000,0.3882,1.272440,1.0000,3.0590
182,0.3640,-0.0035,0.0015,1.6158,2.0000,0.0000,3.9964,0.0000,0.3882,1.272440,1.0000,3.0591
183,0.3660,-0.0035,0.0016,1.6167,2.0000,0.0000,3.9964,0.0000,0.3881,1.272440,1.0000,3.0593
184,0.3680,-0.0036,0.0016,1.6176,2.0000,0.0000,3.9964,0.0000,0.3881,1.272440,1.0000,3.0594
185,0.3700,-0.0037,0.0016,1.6185,2.0000,0.0000,3.9964,0.0000,0.3881,1.272440,1.0000,3.0595
186,0.3720,-0.0038,0.0017,1.6195,2.0000,0.0000,3.9964,0.0000,0.3881,1.272440,1.0000,3.0596
187,0.3740,-0.0038,0.0017,1.6204,2.0000,0.0000,3.9963,0.0000,0.3881,1.272440,1.0000,3.0597
188,0.3760,-0.0039,0.0017,1.6213,2.0000,0.0000,3.9963,0.0000,0.3880,1.272440,1.0000,3.0598
189,0.3780,-0.0040,0.0018,1.6222,2.0000,0.0000,3.9963,0.0000,0.3880,1.272440,1.0000,3.0599
190,0.3800,-0.0041,0.0018,1.6231,2.0000,0.0000,3.9963,0.0000,0.3880,1.272440,1.0000,3.0601
191,0.3820,-0.0041,0.0018,1.6240,2.0000,0.0000,3.9963,0.0000,0.3880,1.272440,1.0000,3.0602
192,0.3840,-0.0042,0.0019,1.6249,2.0000,0.0000,3.9962,0.0000,0.3879,1.272440,1.0000,3.0603
193,0.3860,-0.0043,0.0019,1.6258,2.0000,0.0000,3.9962,0.0000,0.3879,1.272440,1.0000,3.0604
194,0.3880,-0.0044,0.0019,1.6268,2.0000,0.0000,3.9962,0.0000,0.3879,1.272440,1.0000,3.0605
195,0.3900,-0.0045,0.0020,1.6277,2.0000,0.0000,3.9962,0.0000,0.3879,1.272440,1.0000,3.0606
196,0.3920,-0.0045,0.0020,1.6286,2.0000,0.0000,3.9962,0.0000,0.3879,1.272440,1.0000,3.0607
197,0.3940,-0.0046,0.0020,1.6295,2.0000,0.0000,3.9961,0.0000,0.3878,1.272440,1.0000,3.0608
198,0.3960,-0.0047,0.0021,1.6304,2.0000,0.0000,3.9961,0.0000,0.3878,1.272440,1.0000,3.0609
199,0.3980,-0.0048,0.0021,1.6313,2.0000,0.0000,3.9961,0.0000,0.3878,1.272440,1.0000,3.0610
200,0.4000,-0.0049,0.0021,1.6322,2.0000,0.0000,3.9961,0.0000,0.3878,1.272440,1.0000,3.0611
201,0.4020,-0.0050,0.0022,1.6331,2.0000,0.0000,3.9961,0.0000,0.3878,1.266261,1.0000,3.0612
202,0.4040,-0.0051,0.0022,1.6340,2.0000,0.0000,3.9960,0.0000,0.3877,1.266261,1.0000,3.0613
203,0.4060,-0.0052,0.0022,1.6349,2.0000,0.0000,3.9960,0.0000,0.3877,1.266261,1.0000,3.0614
204,0.4080,-0.0053,0.0023,1.6358,2.0000,0.0000,3.9960,0.0000,0.3877,1.266261,1.0000,3.0615
205,0.4100,-0.0053,0.0023,1.6366,2.0000,0.0000,3.9960,0.0000,0.3877,1.266261,1.0000,3.0616
206,0.4120,-0.0054,0.0024,1.6375,2.0000,0.0000,3.9960,0.0000,0.3877,1.266261,1.0000,3.0617
207,0.4140,-0.0055,0.0024,1.6384,2.0000,0.0000,3.9959,0.0000,0.3876,1.266261,1.0000,3.0618
208,0.4160,-0.0056,0.0024,1.6393,2.0000,0.0000,3.9959,0.0000,0.3876,1.266261,1.0000,3.0618
209,0.4180,-0.0057,0.0025,1.6402,2.0000,0.0000,3.9959,0.0000,0.3876,1.266261,1.0000,3.0619
210,0.4200,-0.0058,0.0025,1.6411,2.0000,0.0000,3.9959,0.0000,0.3876,1.266261,1.0000,3.0620
211,0.4220,-0.0059,0.0026,1.6420,2.0000,0.0000,3.9959,0.0000,0.3876,1.266261,1.0000,3.0621
212,0.4240,-0.0060,0.0026,1.6428,2.0000,0.0000,3.9958,0.0000,0.3876,1.266261,1.0000,3.0622
213,0.4260,-0.0061,0.0027,1.6437,2.0000,0.0000,3.9958,0.0000,0.3875,1.266261,1.0000,3.0623
214,0.4280,-0.0062,0.0027,1.6446,2.0000,0.0000,3.9958,0.0000,0.3875,1.266261,1.0000,3.0624
215,0.4300,-0.0064,0.0027,1.6455,2.0000,0.0000,3.9958,0.0000,0.3875,1.266261,1.0000,3.0624
216,0.4320,-0.0065,0.0028,1.6463,2.0000,0.0000,3.9958,0.0000,0.3875,1.266261,1.0000,3.0625
217,0.4340,-0.0066,0.0028,1.6472,2.0000,0.0000,3.9957,0.0000,0.3875,1.266261,1.0000,3.0626
218,0.4360,-0.0067,0.0029,1.6481,2.0000,0.0000,3.9957,0.0000,0.3875,1.266261,1.0000,3.0627
219,0.4380,-0.0068,0.0029,1.6489,2.0000,0.0000,3.9957,0.0000,0.3875,1.266261,1.0000,3.0627
220,0.4400,-0.0069,0.0030,1.6498,2.0000,0.0000,3.9957,0.0000,0.3874,1.266261,1.0000,3.0628
221,0.4420,-0.0070,0.0030,1.6506,2.0000,0.0000,3.9957,0.0000,0.3874,1.260841,1.0000,3.0629
222,0.4440,-0.0071,0.0031,1.6515,2.0000,0.0000,3.9956,0.0000,0.3874,1.260841,1.0000,3.0630
223,0.4460,-0.0073,0.0031,1.6523,2.0000,0.0000,3.9956,0.0000,0.3874,1.260841,1.0000,3.0630
224,0.4480,-0.0074,0.0032,1.6532,2.0000,0.0000,3.9956,0.0000,0.3874,1.260841,1.0000,3.0631
225,0.4500,-0.0075,0.0032,1.6540,2.0000,0.0000,3.9956,0.0000,0.3874,1.260841,1.0000,3.0632
226,0.4520,-0.0076,0.0033,1.6549,2.0000,0.0000,3.9956,0.0000,0.3874,1.260841,1.0000,3.0632
227,0.4540,-0.0077,0.0033,1.6557,2.0000,0.0000,3.9955,0.0000,0.3873,1.260841,1.0000,3.0633
228,0.4560,-0.0079,0.0034,1.6566,2.0000,0.0000,3.9955,0.0000,0.3873,1.260841,1.0000,3.0633
229,0.4580,-0.0080,0.0034,1.6574,2.0000,0.0000,3.9955,0.0000,0.3873,1.260841,1.0000,3.0634
230,0.4600,-0.0081,0.0035,1.6582,2.0000,0.0000,3.9955,0.0000,0.3873,1.260841,1.0000,3.0634
231,0.4620,-0.0082,0.0035,1.6591,2.0000,0.0000,3.9955,0.0000,0.3873,1.260841,1.0000,3.0635
232,0.4640,-0.0084,0.0036,1.6599,2.0000,0.0000,3.9954,0.0000,0.3873,1.260841,1.0000,3.0635
233,0.4660,-0.0085,0.0036,1.6607,2.0000,0.0000,3.9954,0.0000,0.3873,1.260841,1.0000,3.0636
234,0.4680,-0.0086,0.0037,1.6615,2.0000,0.0000,3.9954,0.0000,0.3873,1.260841,1.0000,3.0636
235,0.4700,-0.0088,0.0037,1.6624,2.0000,0.0000,3.9954,0.0000,0.3873,1.260841,1.0000,3.0637
236,0.4720,-0.0089,0.0038,1.6632,2.0000,0.0000,3.9954,0.0000,0.3873,1.260841,1.0000,3.0637
237,0.4740,-0.0090,0.0038,1.6640,2.0000,0.0000,3.9954,0.0000,0.3872,1.260841,1.0000,3.0638
238,0.4760,-0.0092,0.0039,1.6648,2.0000,0.0000,3.9953,0.0000,0.3872,1.260841,1.0000,3.0638
239,0.4780,-0.0093,0.0040,1.6656,2.0000,0.0000,3.9953,0.0000,0.3872,1.260841,1.0000,3.0639
240,0.4800,-0.0095,0.0040,1.6664,2.0000,0.0000,3.9953,0.0000,0.3872,1.260841,1.0000,3.0639
241,0.4820,-0.0096,0.0041,1.6672,2.0000,0.0000,3.9953,0.0000,0.3872,1.256128,1.0000,3.0639
242,0.4840,-0.0097,0.0041,1.6680,2.0000,0.0000,3.9953,0.0000,0.3872,1.256128,1.0000,3.0640
243,0.4860,-0.0099,0.0042,1.6688,2.0000,0.0000,3.9952,0.0000,0.3872,1.256128,1.0000,3.0640
244,0.4880,-0.0100,0.0043,1.6696,2.0000,0.0000,3.9952,0.0000,0.3872,1.256128,1.0000,3.0640
245,0.4900,-0.0102,0.0043,1.6703,2.0000,0.0000,3.9952,0.0000,0.3872,1.256128,1.0000,3.0640
246,0.4920,-0.0103,0.0044,1.6711,2.0000,0.0000,3.9952,0.0000,0.3872,1.256128,1.0000,3.0641
247,0.4940,-0.0105,0.0044,1.6719,2.0000,0.0000,3.9952,0.0000,0.3872,1.256128,1.0000,3.0641
248,0.4960,-0.0106,0.0045,1.6727,2.0000,0.0000,3.9951,0.0000,0.3872,1.256128,1.0000,3.0641
249,0.4980,-0.0108,0.0046,1.6734,2.0000,0.0000,3.9951,0.0000,0.3872,1.256128,1.0000,3.0641
250,0.5000,-0.0110,0.0046,1.6742,2.0000,0.0000,3.9951,0.0000,0.3872,1.256128,1.0000,3.0641
251,0.5020,-0.0111,0.0047,1.6750,2.0000,0.0000,3.9951,0.0000,0.3872,1.256128,1.0000,3.0642
252,0.5040,-0.0113,0.0048,1.6757,2.0000,0.0000,3.9951,0.0000,0.3872,1.256128,1.0000,3.0642
253,0.5060,-0.0114,0.0048,1.6765,2.0000,0.0000,3.9950,0.0000,0.3872,1.256128,1.0000,3.0642
254,0.5080,-0.0116,0.0049,1.6772,2.0000,0.0000,3.9950,0.0000,0.3872,1.256128,1.0000,3.0642
255,0.5100,-0.0118,0.0049,1.6780,2.0000,0.0000,3.9950,0.0000,0.3872,1.256128,1.0000,3.0642
256,0.5120,-0.0119,0.0050,1.6787,2.0000,0.0000,3.9950,0.0000,0.3872,1.256128,1.0000,3.0642
257,0.5140,-0.0121,0.0051,1.6794,2.0000,0.0000,3.9950,0.0000,0.3872,1.256128,1.0000,3.0642
258,0.5160,-0.0123,0.0052,1.6802,2.0000,0.0000,3.9949,0.0000,0.3872,1.256128,1.0000,3.0642
259,0.5180,-0.0124,0.0052,1.6809,2.0000,0.0000,3.9949,0.0000,0.3872,1.256128,1.0000,3.0642
260,0.5200,-0.0126,0.0053,1.6816,2.0000,0.0000,3.9949,0.0000,0.3872,1.256128,1.0000,3.0642
261,0.5220,-0.0128,0.0054,1.6823,2.0000,0.0000,3.9949,0.0000,0.3872,1.251643,1.0000,3.0641
262,0.5240,-0.0130,0.0054,1.6830,2.0000,0.0000,3.9949,0.0000,0.3872,1.251643,1.0000,3.0641
263,0.5260,-0.0132,0.0055,1.6838,2.0000,0.0000,3.9948,0.0000,0.3872,1.251643,1.0000,3.0641
264,0.5280,-0.0133,0.0056,1.6845,2.0000,0.0000,3.9948,0.0000,0.3872,1.251643,1.0000,3.0641
265,0.5300,-0.0135,0.0056,1.6852,2.0000,0.0000,3.9948,0.0000,0.3872,1.251643,1.0000,3.0641
266,0.5320,-0.0137,0.0057,1.6859,2.0000,0.0000,3.9948,0.0000,0.3872,1.251643,1.0000,3.0640
267,0.5340,-0.0139,0.0058,1.6865,2.0000,0.0000,3.9948,0.0000,0.3872,1.251643,1.0000,3.0640
268,0.5360,-0.0141,0.0059,1.6872,2.0000,0.0000,3.9947,0.0000,0.3872,1.251643,1.0000,3.0640
269,0.5380,-0.0143,0.0059,1.6879,2.0000,0.0000,3.9947,0.0000,0.3872,1.251643,1.0000,3.0640
270,0.5400,-0.0145,0.0060,1.6886,2.0000,0.0000,3.9947,0.0000,0.3872,1.251643,1.0000,3.0639
271,0.5420,-0.0147,0.0061,1.6893,2.0000,0.0000,3.9947,0.0000,0.3872,1.251643,1.0000,3.0639
272,0.5440,-0.0148,0.0062,1.6899,2.0000,0.0000,3.9947,0.0000,0.3872,1.251643,1.0000,3.0638
273,0.5460,-0.0150,0.0063,1.6906,2.0000,0.0000,3.9946,0.0000,0.3872,1.251643,1.0000,3.0638
274,0.5480,-0.0152,0.0063,1.6912,2.0000,0.0000,3.9946,0.0000,0.3872,1.251643,1.0000,3.0638
275,0.5500,-0.0154,0.0064,1.6919,2.0000,0.0000,3.9946,0.0000,0.3873,1.251643,1.0000,3.0637
276,0.5520,-0.0157,0.0065,1.6925,2.0000,0.0000,3.9946,0.0000,0.3873,1.251643,1.0000,3.0637
277,0.5540,-0.0159,0.0066,1.6932,2.0000,0.0000,3.9946,0.0000,0.3873,1.251643,1.0000,3.0636
278,0.5560,-0.0161,0.0067,1.6938,2.0000,0.0000,3.9945,0.0000,0.3873,1.251643,1.0000,3.0635
279,0.5580,-0.0163,0.0067,1.6944,2.0000,0.0000,3.9945,0.0000,0.3873,1.251643,1.0000,3.0635
280,0.5600,-0.0165,0.0068,1.6951,2.0000,0.0000,3.9945,0.0000,0.3873,1.251643,1.0000,3.0634
281,0.5620,-0.0167,0.0069,1.6957,2.0000,0.0000,3.9945,0.0000,0.3873,1.247157,1.0000,3.0634
282,0.5640,-0.0169,0.0070,1.6963,2.0000,0.0000,3.9945,0.0000,0.3873,1.247157,1.0000,3.0633
283,0.5660,-0.0171,0.0071,1.6969,2.0000,0.0000,3.9944,0.0000,0.3874,1.247157,1.0000,3.0632
284,0.5680,-0.0173,0.0072,1.6975,2.0000,0.0000,3.9944,0.0000,0.3874,1.247157,1.0000,3.0631
285,0.5700,-0.0176,0.0072,1.6981,2.0000,0.0000,3.9944,0.0000,0.3874,1.247157,1.0000,3.0631
286,0.5720,-0.0178,0.0073,1.6987,2.0000,0.0000,3.9944,0.0000,0.3874,1.247157,1.0000,3.0630
287,0.5740,-0.0180,0.0074,1.6993,2.0000,0.0000,3.9944,0.0000,0.3874,1.247157,1.0000,3.0629
288,0.5760,-0.0182,0.0075,1.6999,2.0000,0.0000,3.9943,0.0000,0.3874,1.247157,1.0000,3.0628
289,0.5780,-0.0185,0.0076,1.7005,2.0000,0.0000,3.9943,0.0000,0.3875,1.247157,1.0000,3.0627
290,0.5800,-0.0187,0.0077,1.7010,2.0000,0.0000,3.9943,0.0000,0.3875,1.247157,1.0000,3.0626
291,0.5820,-0.0189,0.0078,1.7016,2.0000,0.0000,3.9943,0.0000,0.3875,1.247157,1.0000,3.0625
292,0.5840,-0.0192,0.0079,1.7022,2.0000,0.0000,3.9943,0.0000,0.3875,1.247157,1.0000,3.0624
293,0.5860,-0.0194,0.0080,1.7027,2.0000,0.0000,3.9943,0.0000,0.3875,1.247157,1.0000,3.0623
294,0.5880,-0.0196,0.0081,1.7033,2.0000,0.0000,3.9942,0.0000,0.3876,1.247157,1.0000,3.0622
295,0.5900,-0.0199,0.0082,1.7038,2.0000,0.0000,3.9942,0.0000,0.3876,1.247157,1.0000,3.0621
296,0.5920,-0.0201,0.0082,1.7043,2.0000,0.0000,3.9942,0.0000,0.3876,1.247157,1.0000,3.0620
297,0.5940,-0.0204,0.0083,1.7049,2.0000,0.0000,3.9942,0.0000,0.3876,1.247157,1.0000,3.0619
298,0.5960,-0.0206,0.0084,1.7054,2.0000,0.0000,3.9942,0.0000,0.3876,1.247157,1.0000,3.0618
299,0.5980,-0.0209,0.0085,1.7059,2.0000,0.0000,3.9941,0.0000,0.3877,1.247157,1.0000,3.0616
300,0.6000,-0.0211,0.0086,1.7064,2.0000,0.0000,3.9941,0.6999,0.3877,1.247157,1.0000,3.0526
301,0.6020,-0.0214,0.0087,1.7069,2.0000,0.0000,3.9941,0.7005,0.3877,9.251976,0.5000,3.0524
302,0.6040,-0.0216,0.0088,1.7074,2.0000,0.0000,3.9940,0.7012,0.3878,9.251976,0.5000,3.0521
303,0.6060,-0.0219,0.0089,1.7079,2.0000,0.0000,3.9938,0.7019,0.3878,9.251976,0.5000,3.0518
304,0.6080,-0.0222,0.0090,1.7084,2.0000,0.0000,3.9936,0.7025,0.3878,9.251976,0.5000,3.0515
305,0.6100,-0.0224,0.0091,1.7089,2.0000,0.0000,3.9934,0.7032,0.3878,9.251976,0.5000,3.0511
306,0.6120,-0.0227,0.0092,1.7094,2.0000,0.0000,3.9932,0.7039,0.3879,9.251976,0.5000,3.0508
307,0.6140,-0.0230,0.0093,1.7098,2.0000,0.0000,3.9929,0.7045,0.3879,9.251976,0.5000,3.0504
308,0.6160,-0.0232,0.0094,1.7103,2.0000,0.0000,3.9925,0.7052,0.3879,9.251976,0.5000,3.0499
309,0.6180,-0.0235,0.0095,1.7108,2.0000,0.0000,3.9922,0.7059,0.3880,9.251976,0.5000,3.0495
310,0.6200,-0.0238,0.0097,1.7112,2.0000,0.0000,3.9918,0.7065,0.3880,9.251976,0.5000,3.0490
311,0.6220,-0.0240,0.0098,1.7117,2.0000,0.0000,3.9913,0.7072,0.3880,9.251976,0.5000,3.0486
312,0.6240,-0.0243,0.0099,1.7121,2.0000,0.0000,3.9908,0.7079,0.3881,9.251976,0.5000,3.0480
313,0.6260,-0.0246,0.0100,1.7125,2.0000,0.0000,3.9903,0.7085,0.3881,9.251976,0.5000,3.0475
314,0.6280,-0.0249,0.0101,1.7130,2.0000,0.0000,3.9897,0.7092,0.3881,9.251976,0.5000,3.0469
315,0.6300,-0.0252,0.0102,1.7134,2.0000,0.0000,3.9891,0.7099,0.3882,9.251976,0.5000,3.0464
316,0.6320,-0.0255,0.0103,1.7138,2.0000,0.0000,3.9885,0.7105,0.3882,9.251976,0.5000,3.0458
317,0.6340,-0.0258,0.0104,1.7142,2.0000,0.0000,3.9878,0.7112,0.3882,9.251976,0.5000,3.0451
318,0.6360,-0.0261,0.0105,1.7147,2.0000,0.0000,3.9871,0.7119,0.3883,9.251976,0.5000,3.0445
319,0.6380,-0.0263,0.0106,1.7151,2.0000,0.0000,3.9863,0.7125,0.3883,9.251976,0.5000,3.0438
320,0.6400,-0.0266,0.0108,1.7155,2.0000,0.0000,3.9855,0.7132,0.3884,9.251976,0.5000,3.0431
321,0.6420,-0.0270,0.0109,1.7159,2.0000,0.0000,3.9846,0.7139,0.3884,9.433401,0.5000,3.0424
322,0.6440,-0.0273,0.0110,1.7163,2.0000,0.0000,3.9838,0.7145,0.3884,9.433401,0.5000,3.0416
323,0.6460,-0.0276,0.0111,1.7167,2.0000,0.0000,3.9828,0.7152,0.3885,9.433401,0.5000,3.0408
324,0.6480,-0.0279,0.0112,1.7170,2.0000,0.0000,3.9819,0.7159,0.3885,9.433401,0.5000,3.0400
325,0.6500,-0.0282,0.0113,1.7174,2.0000,0.0000,3.9809,0.7165,0.3886,9.433401,0.5000,3.0392
326,0.6520,-0.0285,0.0115,1.7178,2.0000,0.0000,3.9798,0.7172,0.3886,9.433401,0.5000,3.0384
327,0.6540,-0.0288,0.0116,1.7182,2.0000,0.0000,3.9788,0.7179,0.3886,9.433401,0.5000,3.0375
328,0.6560,-0.0291,0.0117,1.7185,2.0000,0.0000,3.9776,0.7185,0.3887,9.433401,0.5000,3.0366
329,0.6580,-0.0295,0.0118,1.7189,2.0000,0.0000,3.9765,0.7192,0.3887,9.433401,0.5000,3.0357
330,0.6600,-0.0298,0.0120,1.7193,2.0000,0.0000,3.9753,0.7199,0.3888,9.433401,0.5000,3.0348
331,0.6620,-0.0301,0.0121,1.7196,2.0000,0.0000,3.9740,0.7205,0.3888,9.433401,0.5000,3.0338
332,0.6640,-0.0304,0.0122,1.7200,2.0000,0.0000,3.9728,0.7212,0.3889,9.433401,0.5000,3.0328
333,0.6660,-0.0308,0.0123,1.7203,2.0000,0.0000,3.9715,0.7219,0.3889,9.433401,0.5000,3.0318
334,0.6680,-0.0311,0.0125,1.7207,2.0000,0.0000,3.9701,0.7225,0.3890,9.433401,0.5000,3.0308
335,0.6700,-0.0315,0.0126,1.7210,2.0000,0.0000,3.9687,0.7232,0.3890,9.433401,0.5000,3.0297
336,0.6720,-0.0318,0.0127,1.7214,2.0000,0.0000,3.9673,0.7239,0.3891,9.433401,0.5000,3.0286
337,0.6740,-0.0322,0.0129,1.7217,2.0000,0.0000,3.9658,0.7245,0.3891,9.433401,0.5000,3.0275
338,0.6760,-0.0325,0.0130,1.7220,2.0000,0.0000,3.9643,0.7252,0.3892,9.433401,0.5000,3.0264
339,0.6780,-0.0329,0.0131,1.7224,2.0000,0.0000,3.9627,0.7259,0.3892,9.433401,0.5000,3.0252
340,0.6800,-0.0332,0.0133,1.7227,2.0000,0.0000,3.9612,0.7265,0.3893,9.433401,0.5000,3.0241
341,0.6820,-0.0336,0.0134,1.7230,2.0000,0.0000,3.9595,0.7272,0.3893,8.702855,0.5000,3.0229
342,0.6840,-0.0339,0.0135,1.7233,2.0000,0.0000,3.9579,0.7279,0.3894,8.702855,0.5000,3.0216
343,0.6860,-0.0343,0.0137,1.7236,2.0000,0.0000,3.9562,0.7285,0.3895,8.702855,0.5000,3.0204
344,0.6880,-0.0347,0.0138,1.7239,2.0000,0.0000,3.9544,0.7292,0.3895,8.702855,0.5000,3.0191
345,0.6900,-0.0350,0.0139,1.7243,2.0000,0.0000,3.9526,0.7299,0.3896,8.702855,0.5000,3.0178
346,0.6920,-0.0354,0.0141,1.7246,2.0000,0.0000,3.9508,0.7305,0.3896,8.702855,0.5000,3.0165
347,0.6940,-0.0358,0.0142,1.7249,2.0000,0.0000,3.9489,0.7312,0.3897,8.702855,0.5000,3.0151
348,0.6960,-0.0362,0.0144,1.7252,2.0000,0.0000,3.9470,0.7319,0.3897,8.702855,0.5000,3.0138
349,0.6980,-0.0365,0.0145,1.7255,2.0000,0.0000,3.9451,0.7325,0.3898,8.702855,0.5000,3.0124
350,0.7000,-0.0369,0.0147,1.7258,2.0000,0.0000,3.9431,0.7332,0.3899,8.702855,0.5000,3.0110
351,0.7020,-0.0373,0.0148,1.7261,2.0000,0.0000,3.9411,0.7339,0.3899,8.702855,0.5000,3.0095
352,0.7040,-0.0377,0.0150,1.7263,2.0000,0.0000,3.9390,0.7345,0.3900,8.702855,0.5000,3.0081
353,0.7060,-0.0381,0.0151,1.7266,2.0000,0.0000,3.9369,0.7352,0.3900,8.702855,0.5000,3.0066
354,0.7080,-0.0385,0.0152,1.7269,2.0000,0.0000,3.9348,0.7359,0.3901,8.702855,0.5000,3.0051
355,0.7100,-0.0389,0.0154,1.7272,2.0000,0.0000,3.9326,0.7365,0.3902,8.702855,0.5000,3.0035
356,0.7120,-0.0393,0.0156,1.7275,2.0000,0.0000,3.9304,0.7372,0.3902,8.702855,0.5000,3.0020
357,0.7140,-0.0397,0.0157,1.7278,2.0000,0.0000,3.9281,0.7379,0.3903,8.702855,0.5000,3.0004
358,0.7160,-0.0401,0.0159,1.7280,2.0000,0.0000,3.9258,0.7385,0.3904,8.702855,0.5000,2.9988
359,0.7180,-0.0406,0.0160,1.7283,2.0000,0.0000,3.9235,0.7392,0.3904,8.702855,0.5000,2.9972
360,0.7200,-0.0410,0.0162,1.7286,2.0000,0.0000,3.9211,0.7399,0.3905,8.702855,0.5000,2.9955
361,0.7220,-0.0414,0.0163,1.7289,2.0000,0.0000,3.9187,0.7405,0.3906,8.715420,0.5000,2.9938
362,0.7240,-0.0418,0.0165,1.7291,2.0000,0.0000,3.9163,0.7412,0.3907,8.715420,0.5000,2.9922
363,0.7260,-0.0423,0.0167,1.7294,2.0000,0.0000,3.9138,0.7419,0.3907,8.715420,0.5000,2.9904
364,0.7280,-0.0427,0.0168,1.7297,2.0000,0.0000,3.9113,0.7425,0.3908,8.715420,0.5000,2.9887
365,0.7300,-0.0431,0.0170,1.7299,2.0000,0.0000,3.9087,0.7432,0.3909,8.715420,0.5000,2.9869
366,0.7320,-0.0436,0.0172,1.7302,2.0000,0.0000,3.9061,0.7439,0.3909,8.715420,0.5000,2.9851
367,0.7340,-0.0440,0.0173,1.7305,2.0000,0.0000,3.9034,0.7445,0.3910,8.715420,0.5000,2.9833
368,0.7360,-0.0445,0.0175,1.7307,2.0000,0.0000,3.9007,0.7452,0.3911,8.715420,0.5000,2.9815
369,0.7380,-0.0449,0.0177,1.7310,2.0000,0.0000,3.8980,0.7459,0.3912,8.715420,0.5000,2.9796
370,0.7400,-0.0454,0.0178,1.7312,2.0000,0.0000,3.8952,0.7465,0.3912,8.715420,0.5000,2.9777
371,0.7420,-0.0459,0.0180,1.7315,2.0000,0.0000,3.8924,0.7472,0.3913,8.715420,0.5000,2.9758
372,0.7440,-0.0463,0.0182,1.7317,2.0000,0.0000,3.8896,0.7479,0.3914,8.715420,0.5000,2.9739
373,0.7460,-0.0468,0.0183,1.7320,2.0000,0.0000,3.8867,0.7485,0.3915,8.715420,0.5000,2.9720
374,0.7480,-0.0473,0.0185,1.7323,2.0000,0.0000,3.8838,0.7492,0.3916,8.715420,0.5000,2.9700
375,0.7500,-0.0477,0.0187,1.7325,2.0000,0.0000,3.8808,0.7499,0.3916,8.715420,0.5000,2.9680
376,0.7520,-0.0482,0.0189,1.7328,2.0000,0.0000,3.8778,0.7505,0.3917,8.715420,0.5000,2.9660
377,0.7540,-0.0487,0.0191,1.7330,2.0000,0.0000,3.8748,0.7512,0.3918,8.715420,0.5000,2.9639
378,0.7560,-0.0492,0.0192,1.7333,2.0000,0.0000,3.8717,0.7518,0.3919,8.715420,0.5000,2.9619
379,0.7580,-0.0497,0.0194,1.7335,2.0000,0.0000,3.8686,0.7525,0.3920,8.715420,0.5000,2.9598
380,0.7600,-0.0502,0.0196,1.7338,2.0000,0.0000,3.8654,0.7532,0.3920,8.715420,0.5000,2.9577
381,0.7620,-0.0507,0.0198,1.7340,2.0000,0.0000,3.8622,0.7538,0.3921,8.697239,0.5000,2.9555
382,0.7640,-0.0512,0.0200,1.7343,2.0000,0.0000,3.8590,0.7545,0.3922,8.697239,0.5000,2.9534
383,0.7660,-0.0517,0.0202,1.7345,2.0000,0.0000,3.8557,0.7552,0.3923,8.697239,0.5000,2.9512
384,0.7680,-0.0522,0.0204,1.7348,2.0000,0.0000,3.8524,0.7558,0.3924,8.697239,0.5000,2.9490
385,0.7700,-0.0527,0.0206,1.7350,2.0000,0.0000,3.8491,0.7565,0.3925,8.697239,0.5000,2.9468
386,0.7720,-0.0533,0.0208,1.7353,2.0000,0.0000,3.8457,0.7572,0.3926,8.697239,0.5000,2.9445
387,0.7740,-0.0538,0.0209,1.7355,2.0000,0.0000,3.8422,0.7578,0.3927,8.697239,0.5000,2.9423
388,0.7760,-0.0543,0.0211,1.7357,2.0000,0.0000,3.8388,0.7585,0.3927,8.697239,0.5000,2.9400
389,0.7780,-0.0549,0.0213,1.7360,2.0000,0.0000,3.8353,0.7592,0.3928,8.697239,0.5000,2.9377
390,0.7800,-0.0554,0.0215,1.7362,2.0000,0.0000,3.8317,0.7598,0.3929,8.697239,0.5000,2.9353
391,0.7820,-0.0559,0.0217,1.7365,2.0000,0.0000,3.8281,0.7605,0.3930,8.697239,0.5000,2.9330
392,0.7840,-0.0565,0.0220,1.7367,2.0000,0.0000,3.8245,0.7612,0.3931,8.697239,0.5000,2.9306
393,0.7860,-0.0570,0.0222,1.7370,2.0000,0.0000,3.8208,0.7618,0.3932,8.697239,0.5000,2.9282
394,0.7880,-0.0576,0.0224,1.7372,2.0000,0.0000,3.8171,0.7625,0.3933,8.697239,0.5000,2.9258
395,0.7900,-0.0582,0.0226,1.7375,2.0000,0.0000,3.8134,0.7632,0.3934,8.697239,0.5000,2.9233
396,0.7920,-0.0587,0.0228,1.7377,2.0000,0.0000,3.8096,0.7638,0.3935,8.697239,0.5000,2.9209
397,0.7940,-0.0593,0.0230,1.7380,2.0000,0.0000,3.8058,0.7645,0.3936,8.697239,0.5000,2.9184
398,0.7960,-0.0599,0.0232,1.7382,2.0000,0.0000,3.8019,0.7652,0.3937,8.697239,0.5000,2.9159
399,0.7980,-0.0604,0.0234,1.7385,2.0000,0.0000,3.7980,0.7658,0.3938,8.697239,0.5000,2.9134
400,0.8000,-0.0610,0.0236,1.7387,2.0000,0.0000,3.7941,0.7665,0.3939,8.697239,0.5000,2.9108
401,0.8020,-0.0616,0.0239,1.7390,2.0000,0.0000,3.7901,0.7672,0.3940,8.775933,0.5000,2.9082
402,0.8040,-0.0622,0.0241,1.7392,2.0000,0.0000,3.7861,0.7678,0.3941,8.775933,0.5000,2.9057
403,0.8060,-0.0628,0.0243,1.7395,2.0000,0.0000,3.7820,0.7685,0.3942,8.775933,0.5000,2.9030
404,0.8080,-0.0634,0.0245,1.7398,2.0000,0.0000,3.7779,0.7692,0.3943,8.775933,0.5000,2.9004
405,0.8100,-0.0640,0.0247,1.7400,2.0000,0.0000,3.7738,0.7698,0.3944,8.775933,0.5000,2.8978
406,0.8120,-0.0646,0.0250,1.7403,2.0000,0.0000,3.7696,0.7705,0.3945,8.775933,0.5000,2.8951
407,0.8140,-0.0653,0.0252,1.7405,2.0000,0.0000,3.7654,0.7711,0.3946,8.775933,0.5000,2.8924
408,0.8160,-0.0659,0.0254,1.7408,2.0000,0.0000,3.7611,0.7718,0.3947,8.775933,0.5000,2.8897
409,0.8180,-0.0665,0.0257,1.7410,2.0000,0.0000,3.7568,0.7725,0.3949,8.775933,0.5000,2.8870
410,0.8200,-0.0671,0.0259,1.7413,2.0000,0.0000,3.7525,0.7731,0.3950,8.775933,0.5000,2.8842
411,0.8220,-0.0678,0.0261,1.7416,2.0000,0.0000,3.7481,0.7738,0.3951,8.775933,0.5000,2.8814
412,0.8240,-0.0684,0.0264,1.7418,2.0000,0.0000,3.7437,0.7745,0.3952,8.775933,0.5000,2.8787
413,0.8260,-0.0691,0.0266,1.7421,2.0000,0.0000,3.7393,0.7751,0.3953,8.775933,0.5000,2.8759
414,0.8280,-0.0697,0.0269,1.7424,2.0000,0.0000,3.7348,0.7758,0.3954,8.775933,0.5000,2.8730
415,0.8300,-0.0704,0.0271,1.7426,2.0000,0.0000,3.7303,0.7765,0.3955,8.775933,0.5000,2.8702
416,0.8320,-0.0711,0.0274,1.7429,2.0000,0.0000,3.7257,0.7771,0.3956,8.775933,0.5000,2.8673
417,0.8340,-0.0717,0.0276,1.7432,2.0000,0.0000,3.7211,0.7778,0.3958,8.775933,0.5000,2.8644
418,0.8360,-0.0724,0.0279,1.7435,2.0000,0.0000,3.7165,0.7785,0.3959,8.775933,0.5000,2.8615
419,0.8380,-0.0731,0.0281,1.7438,2.0000,0.0000,3.7118,0.7791,0.3960,8.775933,0.5000,2.8586
420,0.8400,-0.0738,0.0284,1.7440,2.0000,0.0000,3.7070,0.7798,0.3961,8.775933,0.5000,2.8557
421,0.8420,-0.0745,0.0286,1.7443,2.0000,0.0000,3.7023,0.7805,0.3962,8.906300,0.5000,2.8527
422,0.8440,-0.0752,0.0289,1.7446,2.0000,0.0000,3.6975,0.7811,0.3963,8.906300,0.5000,2.8497
423,0.8460,-0.0759,0.0291,1.7449,2.0000,0.0000,3.6926,0.7818,0.3965,8.906300,0.5000,2.8467
424,0.8480,-0.0766,0.0294,1.7452,2.0000,0.0000,3.6878,0.7825,0.3966,8.906300,0.5000,2.8437
425,0.8500,-0.0773,0.0297,1.7455,2.0000,0.0000,3.6828,0.7831,0.3967,8.906300,0.5000,2.8407
426,0.8520,-0.0780,0.0299,1.7458,2.0000,0.0000,3.6779,0.7838,0.3968,8.906300,0.5000,2.8376
427,0.8540,-0.0787,0.0302,1.7461,2.0000,0.0000,3.6729,0.7844,0.3970,8.906300,0.5000,2.8345
428,0.8560,-0.0794,0.0305,1.7464,2.0000,0.0000,3.6679,0.7851,0.3971,8.906300,0.5000,2.8315
429,0.8580,-0.0802,0.0307,1.7467,2.0000,0.0000,3.6628,0.7858,0.3972,8.906300,0.5000,2.8284
430,0.8600,-0.0809,0.0310,1.7470,2.0000,0.0000,3.6577,0.7864,0.3973,8.906300,0.5000,2.8252
431,0.8620,-0.0817,0.0313,1.7473,2.0000,0.0000,3.6525,0.7871,0.3975,8.906300,0.5000,2.8221
432,0.8640,-0.0824,0.0316,1.7476,2.0000,0.0000,3.6473,0.7878,0.3976,8.906300,0.5000,2.8190
433,0.8660,-0.0832,0.0318,1.7479,2.0000,0.0000,3.6421,0.7884,0.3977,8.906300,0.5000,2.8158
434,0.8680,-0.0839,0.0321,1.7482,2.0000,0.0000,3.6368,0.7891,0.3979,8.906300,0.5000,2.8126
435,0.8700,-0.0847,0.0324,1.7485,2.0000,0.0000,3.6315,0.7898,0.3980,8.906300,0.5000,2.8094
436,0.8720,-0.0855,0.0327,1.7489,2.0000,0.0000,3.6262,0.7904,0.3981,8.906300,0.5000,2.8062
437,0.8740,-0.0863,0.0330,1.7492,2.0000,0.0000,3.6208,0.7911,0.3983,8.906300,0.5000,2.8029
438,0.8760,-0.0871,0.0333,1.7495,2.0000,0.0000,3.6154,0.7918,0.3984,8.906300,0.5000,2.7997
439,0.8780,-0.0879,0.0336,1.7498,2.0000,0.0000,3.6099,0.7924,0.3985,8.906300,0.5000,2.7964
440,0.8800,-0.0887,0.0339,1.7502,2.0000,0.0000,3.6044,0.7931,0.3987,8.906300,0.5000,2.7932
441,0.8820,-0.0895,0.0342,1.7505,2.0000,0.0000,3.5988,0.7938,0.3988,9.031953,0.5000,2.7899
442,0.8840,-0.0903,0.0345,1.7509,2.0000,0.0000,3.5933,0.7944,0.3990,9.031953,0.5000,2.7866
443,0.8860,-0.0911,0.0348,1.7512,2.0000,0.0000,3.5876,0.7951,0.3991,9.031953,0.5000,2.7832
444,0.8880,-0.0919,0.0351,1.7516,2.0000,0.0000,3.5820,0.7957,0.3992,9.031953,0.5000,2.7799
445,0.8900,-0.0927,0.0354,1.7519,2.0000,0.0000,3.5763,0.7964,0.3994,9.031953,0.5000,2.7765
446,0.8920,-0.0936,0.0357,1.7523,2.0000,0.0000,3.5705,0.7971,0.3995,9.031953,0.5000,2.7732
447,0.8940,-0.0944,0.0360,1.7526,2.0000,0.0000,3.5648,0.7977,0.3997,9.031953,0.5000,2.7698
448,0.8960,-0.0953,0.0363,1.7530,2.0000,0.0000,3.5589,0.7984,0.3998,9.031953,0.5000,2.7664
449,0.8980,-0.0961,0.0366,1.7534,2.0000,0.0000,3.5531,0.7991,0.4000,9.031953,0.5000,2.7630
450,0.9000,-0.0970,0.0370,1.7537,2.0000,0.0000,3.5472,0.7997,0.4001,9.031953,0.5000,2.7596
451,0.9020,-0.0979,0.0373,1.7541,2.0000,0.0000,3.5413,0.8004,0.4003,9.031953,0.5000,2.7562
452,0.9040,-0.0987,0.0376,1.7545,2.0000,0.0000,3.5353,0.8011,0.4004,9.031953,0.5000,2.7527
453,0.9060,-0.0996,0.0379,1.7549,2.0000,0.0000,3.5293,0.8017,0.4006,9.031953,0.5000,2.7493
454,0.9080,-0.1005,0.0383,1.7553,2.0000,0.0000,3.5232,0.8024,0.4007,9.031953,0.5000,2.7458
455,0.9100,-0.1014,0.0386,1.7556,2.0000,0.0000,3.5171,0.8031,0.4009,9.031953,0.5000,2.7423
456,0.9120,-0.1023,0.0389,1.7560,2.0000,0.0000,3.5110,0.8037,0.4010,9.031953,0.5000,2.7388
457,0.9140,-0.1032,0.0393,1.7564,2.0000,0.0000,3.5048,0.8044,0.4012,9.031953,0.5000,2.7353
458,0.9160,-0.1041,0.0396,1.7568,2.0000,0.0000,3.4986,0.8050,0.4013,9.031953,0.5000,2.7318
459,0.9180,-0.1051,0.0400,1.7573,2.0000,0.0000,3.4924,0.8057,0.4015,9.031953,0.5000,2.7283
460,0.9200,-0.1060,0.0403,1.7577,2.0000,0.0000,3.4861,0.8064,0.4016,9.031953,0.5000,2.7248
461,0.9220,-0.1069,0.0407,1.7581,2.0000,0.0000,3.4798,0.8070,0.4018,9.146062,0.5000,2.7212
462,0.9240,-0.1079,0.0410,1.7585,2.0000,0.0000,3.4734,0.8077,0.4020,9.146062,0.5000,2.7177
463,0.9260,-0.1088,0.0414,1.7589,2.0000,0.0000,3.4670,0.8084,0.4021,9.146062,0.5000,2.7141
464,0.9280,-0.1098,0.0417,1.7594,2.0000,0.0000,3.4606,0.8090,0.4023,9.146062,0.5000,2.7105
465,0.9300,-0.1107,0.0421,1.7598,2.0000,0.0000,3.4541,0.8097,0.4024,9.146062,0.5000,2.7069
466,0.9320,-0.1117,0.0424,1.7602,2.0000,0.0000,3.4476,0.8104,0.4026,9.146062,0.5000,2.7034
467,0.9340,-0.1127,0.0428,1.7607,2.0000,0.0000,3.4410,0.8110,0.4028,9.146062,0.5000,2.6998
468,0.9360,-0.1137,0.0432,1.7611,2.0000,0.0000,3.4344,0.8117,0.4029,9.146062,0.5000,2.6962
469,0.9380,-0.1147,0.0435,1.7616,2.0000,0.0000,3.4278,0.8123,0.4031,9.146062,0.5000,2.6926
470,0.9400,-0.1157,0.0439,1.7621,2.0000,0.0000,3.4211,0.8130,0.4033,9.146062,0.5000,2.6889
471,0.9420,-0.1167,0.0443,1.7625,2.0000,0.0000,3.4144,0.8137,0.4034,9.146062,0.5000,2.6853
472,0.9440,-0.1177,0.0447,1.7630,2.0000,0.0000,3.4076,0.8143,0.4036,9.146062,0.5000,2.6817
473,0.9460,-0.1187,0.0451,1.7635,2.0000,0.0000,3.4008,0.8150,0.4038,9.146062,0.5000,2.6780
474,0.9480,-0.1197,0.0454,1.7640,2.0000,0.0000,3.3940,0.8157,0.4040,9.146062,0.5000,2.6744
475,0.9500,-0.1208,0.0458,1.7644,2.0000,0.0000,3.3871,0.8163,0.4041,9.146062,0.5000,2.6708
476,0.9520,-0.1218,0.0462,1.7649,2.0000,0.0000,3.3802,0.8170,0.4043,9.146062,0.5000,2.6671
477,0.9540,-0.1229,0.0466,1.7654,2.0000,0.0000,3.3733,0.8177,0.4045,9.146062,0.5000,2.6634
478,0.9560,-0.1239,0.0470,1.7659,2.0000,0.0000,3.3663,0.8183,0.4047,9.146062,0.5000,2.6598
479,0.9580,-0.1250,0.0474,1.7665,2.0000,0.0000,3.3593,0.8190,0.4048,9.146062,0.5000,2.6561
480,0.9600,-0.1261,0.0478,1.7670,2.0000,0.0000,3.3522,0.8196,0.4050,9.146062,0.5000,2.6524
481,0.9620,-0.1271,0.0482,1.7675,2.0000,0.0000,3.3451,0.8203,0.4052,9.262589,0.5000,2.6488
482,0.9640,-0.1282,0.0486,1.7680,2.0000,0.0000,3.3380,0.8210,0.4054,9.262589,0.5000,2.6451
483,0.9660,-0.1293,0.0490,1.7685,2.0000,0.0000,3.3308,0.8216,0.4056,9.262589,0.5000,2.6414
484,0.9680,-0.1304,0.0494,1.7691,2.0000,0.0000,3.3236,0.8223,0.4057,9.262589,0.5000,2.6377
485,0.9700,-0.1315,0.0499,1.7696,2.0000,0.0000,3.3163,0.8230,0.4059,9.262589,0.5000,2.6340
486,0.9720,-0.1327,0.0503,1.7702,2.0000,0.0000,3.3090,0.8236,0.4061,9.262589,0.5000,2.6304
487,0.9740,-0.1338,0.0507,1.7707,2.0000,0.0000,3.3017,0.8243,0.4063,9.262589,0.5000,2.6267
488,0.9760,-0.1349,0.0511,1.7713,2.0000,0.0000,3.2943,0.8250,0.4065,9.262589,0.5000,2.6230
489,0.9780,-0.1361,0.0516,1.7719,2.0000,0.0000,3.2869,0.8256,0.4067,9.262589,0.5000,2.6193
490,0.9800,-0.1372,0.0520,1.7724,2.0000,0.0000,3.2794,0.8263,0.4069,9.262589,0.5000,2.6156
491,0.9820,-0.1384,0.0524,1.7730,2.0000,0.0000,3.2719,0.8269,0.4071,9.262589,0.5000,2.6119
492,0.9840,-0.1396,0.0529,1.7736,2.0000,0.0000,3.2644,0.8276,0.4073,9.262589,0.5000,2.6083
493,0.9860,-0.1407,0.0533,1.7742,2.0000,0.0000,3.2568,0.8283,0.4075,9.262589,0.5000,2.6046
494,0.9880,-0.1419,0.0538,1.7748,2.0000,0.0000,3.2492,0.8289,0.4077,9.262589,0.5000,2.6009
495,0.9900,-0.1431,0.0542,1.7754,2.0000,0.0000,3.2416,0.8296,0.4079,9.262589,0.5000,2.5972
496,0.9920,-0.1443,0.0547,1.7760,2.0000,0.0000,3.2339,0.8303,0.4080,9.262589,0.5000,2.5935
497,0.9940,-0.1455,0.0551,1.7766,2.0000,0.0000,3.2262,0.8309,0.4082,9.262589,0.5000,2.5899
498,0.9960,-0.1467,0.0556,1.7772,2.0000,0.0000,3.2184,0.8316,0.4084,9.262589,0.5000,2.5862
499,0.9980,-0.1480,0.0560,1.7779,2.0000,0.0000,3.2106,0.8323,0.4087,9.262589,0.5000,2.5825
500,1.0000,-0.1492,0.0565,1.7785,2.0000,0.0000,3.2028,0.8329,0.4089,9.262589,0.5000,2.5789
501,1.0020,-0.1504,0.0570,1.7792,2.0000,0.0000,3.1949,0.8336,0.4091,9.383316,0.5000,2.5752
502,1.0040,-0.1517,0.0574,1.7798,2.0000,0.0000,3.1870,0.8342,0.4093,9.383316,0.5000,2.5716
503,1.0060,-0.1530,0.0579,1.7805,2.0000,0.0000,3.1790,0.8349,0.4095,9.383316,0.5000,2.5680
504,1.0080,-0.1542,0.0584,1.7811,2.0000,0.0000,3.1710,0.8356,0.4097,9.383316,0.5000,2.5643
505,1.0100,-0.1555,0.0589,1.7818,2.0000,0.0000,3.1630,0.8362,0.4099,9.383316,0.5000,2.5607
506,1.0120,-0.1568,0.0594,1.7825,2.0000,0.0000,3.1549,0.8369,0.4101,9.383316,0.5000,2.5571
507,1.0140,-0.1581,0.0599,1.7832,2.0000,0.0000,3.1468,0.8376,0.4103,9.383316,0.5000,2.5535
508,1.0160,-0.1594,0.0603,1.7839,2.0000,0.0000,3.1386,0.8382,0.4105,9.383316,0.5000,2.5499
509,1.0180,-0.1607,0.0608,1.7846,2.0000,0.0000,3.1304,0.8389,0.4107,9.383316,0.5000,2.5463
510,1.0200,-0.1620,0.0613,1.7853,2.0000,0.0000,3.1222,0.8395,0.4109,9.383316,0.5000,2.5427
511,1.0220,-0.1633,0.0618,1.7860,2.0000,0.0000,3.1139,0.8402,0.4112,9.383316,0.5000,2.5392
512,1.0240,-0.1647,0.0624,1.7867,2.0000,0.0000,3.1056,0.8409,0.4114,9.383316,0.5000,2.5356
513,1.0260,-0.1660,0.0629,1.7874,2.0000,0.0000,3.0973,0.8415,0.4116,9.383316,0.5000,2.5321
514,1.0280,-0.1674,0.0634,1.7882,2.0000,0.0000,3.0889,0.8422,0.4118,9.383316,0.5000,2.5285
515,1.0300,-0.1688,0.0639,1.7889,2.0000,0.0000,3.0805,0.8429,0.4120,9.383316,0.5000,2.5250
516,1.0320,-0.1701,0.0644,1.7897,2.0000,0.0000,3.0720,0.8435,0.4123,9.383316,0.5000,2.5215
517,1.0340,-0.1715,0.0649,1.7904,2.0000,0.0000,3.0635,0.8442,0.4125,9.383316,0.5000,2.5180
518,1.0360,-0.1729,0.0655,1.7912,2.0000,0.0000,3.0550,0.8448,0.4127,9.383316,0.5000,2.5145
519,1.0380,-0.1743,0.0660,1.7920,2.0000,0.0000,3.0464,0.8455,0.4129,9.383316,0.5000,2.5111
520,1.0400,-0.1757,0.0665,1.7927,2.0000,0.0000,3.0378,0.8462,0.4132,9.383316,0.5000,2.5076
521,1.0420,-0.1771,0.0671,1.7935,2.0000,0.0000,3.0291,0.8468,0.4134,9.505244,0.5000,2.5042
522,1.0440,-0.1786,0.0676,1.7943,2.0000,0.0000,3.0204,0.8475,0.4136,9.505244,0.5000,2.5008
523,1.0460,-0.1800,0.0682,1.7951,2.0000,0.0000,3.0117,0.8482,0.4139,9.505244,0.5000,2.4974
524,1.0480,-0.1815,0.0687,1.7959,2.0000,0.0000,3.0029,0.8488,0.4141,9.505244,0.5000,2.4941
525,1.0500,-0.1829,0.0693,1.7967,2.0000,0.0000,2.9941,0.8495,0.4143,9.505244,0.5000,2.4907
526,1.0520,-0.1844,0.0699,1.7976,2.0000,0.0000,2.9852,0.8501,0.4146,9.505244,0.5000,2.4874
527,1.0540,-0.1859,0.0704,1.7984,2.0000,0.0000,2.9763,0.8508,0.4148,9.505244,0.5000,2.4841
528,1.0560,-0.1874,0.0710,1.7992,2.0000,0.0000,2.9674,0.8515,0.4150,9.505244,0.5000,2.4808
529,1.0580,-0.1889,0.0716,1.8001,2.0000,0.0000,2.9584,0.8521,0.4153,9.505244,0.5000,2.4775
530,1.0600,-0.1904,0.0721,1.8010,2.0000,0.0000,2.9494,0.8528,0.4155,9.505244,0.5000,2.4743
531,1.0620,-0.1919,0.0727,1.8018,2.0000,0.0000,2.9404,0.8535,0.4158,9.505244,0.5000,2.4710
532,1.0640,-0.1934,0.0733,1.8027,2.0000,0.0000,2.9313,0.8541,0.4160,9.505244,0.5000,2.4678
533,1.0660,-0.1950,0.0739,1.8036,2.0000,0.0000,2.9222,0.8548,0.4162,9.505244,0.5000,2.4647
534,1.0680,-0.1965,0.0745,1.8045,2.0000,0.0000,2.9130,0.8554,0.4165,9.505244,0.5000,2.4615
535,1.0700,-0.1981,0.0751,1.8054,2.0000,0.0000,2.9038,0.8561,0.4167,9.505244,0.5000,2.4584
536,1.0720,-0.1996,0.0757,1.8063,2.0000,0.0000,2.8946,0.8568,0.4170,9.505244,0.5000,2.4553
537,1.0740,-0.2012,0.0763,1.8072,2.0000,0.0000,2.8853,0.8574,0.4172,9.505244,0.5000,2.4522
538,1.0760,-0.2028,0.0769,1.8081,2.0000,0.0000,2.8760,0.8581,0.4175,9.505244,0.5000,2.4492
539,1.0780,-0.2044,0.0775,1.8090,2.0000,0.0000,2.8666,0.8588,0.4177,9.505244,0.5000,2.4462
540,1.0800,-0.2060,0.0781,1.8100,2.0000,0.0000,2.8572,0.8594,0.4180,9.505244,0.5000,2.4432
541,1.0820,-0.2076,0.0787,1.8109,2.0000,0.0000,2.8478,0.8601,0.4182,9.627198,0.5000,2.4403
542,1.0840,-0.2092,0.0794,1.8119,2.0000,0.0000,2.8383,0.8607,0.4185,9.627198,0.5000,2.4373
543,1.0860,-0.2109,0.0800,1.8129,2.0000,0.0000,2.8288,0.8614,0.4187,9.627198,0.5000,2.4345
544,1.0880,-0.2125,0.0806,1.8138,2.0000,0.0000,2.8193,0.8621,0.4190,9.627198,0.5000,2.4316
545,1.0900,-0.2142,0.0813,1.8148,2.0000,0.0000,2.8097,0.8627,0.4193,9.627198,0.5000,2.4288
546,1.0920,-0.2159,0.0819,1.8158,2.0000,0.0000,2.8001,0.8634,0.4195,9.627198,0.5000,2.4260
547,1.0940,-0.2175,0.0826,1.8168,2.0000,0.0000,2.7904,0.8641,0.4198,9.627198,0.5000,2.4233
548,1.0960,-0.2192,0.0832,1.8178,2.0000,0.0000,2.7807,0.8647,0.4201,9.627198,0.5000,2.4206
549,1.0980,-0.2209,0.0839,1.8188,2.0000,0.0000,2.7710,0.8654,0.4203,9.627198,0.5000,2.4179
550,1.1000,-0.2226,0.0845,1.8199,2.0000,0.0000,2.7612,0.8660,0.4206,9.627198,0.5000,2.4152
551,1.1020,-0.2244,0.0852,1.8209,2.0000,0.0000,2.7514,0.8667,0.4209,9.627198,0.5000,2.4126
552,1.1040,-0.2261,0.0859,1.8219,2.0000,0.0000,2.7415,0.8674,0.4211,9.627198,0.5000,2.4101
553,1.1060,-0.2278,0.0865,1.8230,2.0000,0.0000,2.7316,0.8680,0.4214,9.627198,0.5000,2.4076
554,1.1080,-0.2296,0.0872,1.8241,2.0000,0.0000,2.7217,0.8687,0.4217,9.627198,0.5000,2.4051
555,1.1100,-0.2314,0.0879,1.8251,2.0000,0.0000,2.7117,0.8694,0.4219,9.627198,0.5000,2.4027
556,1.1120,-0.2331,0.0886,1.8262,2.0000,0.0000,2.7017,0.8700,0.4222,9.627198,0.5000,2.4003
557,1.1140,-0.2349,0.0893,1.8273,2.0000,0.0000,2.6916,0.8707,0.4225,9.627198,0.5000,2.3979
558,1.1160,-0.2367,0.0900,1.8284,2.0000,0.0000,2.6815,0.8713,0.4228,9.627198,0.5000,2.3956
559,1.1180,-0.2385,0.0907,1.8295,2.0000,0.0000,2.6714,0.8720,0.4230,9.627198,0.5000,2.3934
560,1.1200,-0.2404,0.0914,1.8306,2.0000,0.0000,2.6612,0.8727,0.4233,9.627198,0.5000,2.3911
561,1.1220,-0.2422,0.0921,1.8317,2.0000,0.0000,2.6510,0.8733,0.4236,9.750135,0.5000,2.3890
562,1.1240,-0.2440,0.0928,1.8329,2.0000,0.0000,2.6408,0.8740,0.4239,9.750135,0.5000,2.3869
563,1.1260,-0.2459,0.0935,1.8340,2.0000,0.0000,2.6305,0.8747,0.4242,9.750135,0.5000,2.3848
564,1.1280,-0.2478,0.0943,1.8352,2.0000,0.0000,2.6202,0.8753,0.4245,9.750135,0.5000,2.3828
565,1.1300,-0.2496,0.0950,1.8363,2.0000,0.0000,2.6098,0.8760,0.4247,9.750135,0.5000,2.3808
566,1.1320,-0.2515,0.0957,1.8375,2.0000,0.0000,2.5994,0.8766,0.4250,9.750135,0.5000,2.3789
567,1.1340,-0.2534,0.0965,1.8387,2.0000,0.0000,2.5890,0.8773,0.4253,9.750135,0.5000,2.3770
568,1.1360,-0.2553,0.0972,1.8399,2.0000,0.0000,2.5785,0.8780,0.4256,9.750135,0.5000,2.3752
569,1.1380,-0.2573,0.0980,1.8411,2.0000,0.0000,2.5680,0.8786,0.4259,9.750135,0.5000,2.3735
570,1.1400,-0.2592,0.0987,1.8423,2.0000,0.0000,2.5575,0.8793,0.4262,9.750135,0.5000,2.3718
571,1.1420,-0.2611,0.0995,1.8435,2.0000,0.0000,2.5469,0.8799,0.4265,9.750135,0.5000,2.3701
572,1.1440,-0.2631,0.1002,1.8447,2.0000,0.0000,2.5362,0.8806,0.4268,9.750135,0.5000,2.3685
573,1.1460,-0.2651,0.1010,1.8460,2.0000,0.0000,2.5256,0.8813,0.4271,9.750135,0.5000,2.3670
574,1.1480,-0.2671,0.1018,1.8472,2.0000,0.0000,2.5149,0.8819,0.4274,9.750135,0.5000,2.3655
575,1.1500,-0.2691,0.1026,1.8485,2.0000,0.0000,2.5041,0.8826,0.4277,9.750135,0.5000,2.3641
576,1.1520,-0.2711,0.1034,1.8498,2.0000,0.0000,2.4933,0.8833,0.4280,9.750135,0.5000,2.3628
577,1.1540,-0.2731,0.1041,1.8510,2.0000,0.0000,2.4825,0.8839,0.4283,9.750135,0.5000,2.3615
578,1.1560,-0.2751,0.1049,1.8523,2.0000,0.0000,2.4717,0.8846,0.4286,9.750135,0.5000,2.3602
579,1.1580,-0.2771,0.1057,1.8536,2.0000,0.0000,2.4608,0.8852,0.4289,9.750135,0.5000,2.3591
580,1.1600,-0.2792,0.1065,1.8549,2.0000,0.0000,2.4498,0.8859,0.4292,9.750135,0.5000,2.3580
581,1.1620,-0.2813,0.1074,1.8562,2.0000,0.0000,2.4388,0.8866,0.4295,9.876300,0.5000,2.3569
582,1.1640,-0.2833,0.1082,1.8576,2.0000,0.0000,2.4278,0.8872,0.4298,9.876300,0.5000,2.3560
583,1.1660,-0.2854,0.1090,1.8589,2.0000,0.0000,2.4168,0.8879,0.4301,9.876300,0.5000,2.3551
584,1.1680,-0.2875,0.1098,1.8602,2.0000,0.0000,2.4057,0.8886,0.4305,9.876300,0.5000,2.3542
585,1.1700,-0.2897,0.1107,1.8616,2.0000,0.0000,2.3945,0.8892,0.4308,9.876300,0.5000,2.3535
586,1.1720,-0.2918,0.1115,1.8630,2.0000,0.0000,2.3834,0.8899,0.4311,9.876300,0.5000,2.3528
587,1.1740,-0.2939,0.1123,1.8643,2.0000,0.0000,2.3722,0.8905,0.4314,9.876300,0.5000,2.3521
588,1.1760,-0.2961,0.1132,1.8657,2.0000,0.0000,2.3609,0.8912,0.4317,9.876300,0.5000,2.3516
589,1.1780,-0.2982,0.1140,1.8671,2.0000,0.0000,2.3496,0.8919,0.4320,9.876300,0.5000,2.3511
590,1.1800,-0.3004,0.1149,1.8685,2.0000,0.0000,2.3383,0.8925,0.4324,9.876300,0.5000,2.3507
591,1.1820,-0.3026,0.1158,1.8699,2.0000,0.0000,2.3270,0.8932,0.4327,9.876300,0.5000,2.3504
592,1.1840,-0.3048,0.1166,1.8714,2.0000,0.0000,2.3156,0.8938,0.4330,9.876300,0.5000,2.3501
593,1.1860,-0.3070,0.1175,1.8728,2.0000,0.0000,2.3041,0.8945,0.4333,9.876300,0.5000,2.3499
594,1.1880,-0.3092,0.1184,1.8743,2.0000,0.0000,2.2926,0.8952,0.4337,9.876300,0.5000,2.3498
595,1.1900,-0.3115,0.1193,1.8757,2.0000,0.0000,2.2811,0.8958,0.4340,9.876300,0.5000,2.3498
596,1.1920,-0.3137,0.1201,1.8772,2.0000,0.0000,2.2696,0.8965,0.4343,9.876300,0.5000,2.3499
597,1.1940,-0.3160,0.1210,1.8787,2.0000,0.0000,2.2580,0.8972,0.4347,9.876300,0.5000,2.3500
598,1.1960,-0.3183,0.1219,1.8801,2.0000,0.0000,2.2464,0.8978,0.4350,9.876300,0.5000,2.3502
599,1.1980,-0.3206,0.1229,1.8816,2.0000,0.0000,2.2347,0.8985,0.4353,9.876300,0.5000,2.3505
