file,path,size_bytes,appears_propositional,lean_accepted,notes
aime_1983_p1.lean,/srv/luminous-dynamics/symthaea/data/benchmarks/minif2f/MiniF2F/Test/aime_1983_p1.lean,338,false,skipped,
aime_1983_p2.lean,/srv/luminous-dynamics/symthaea/data/benchmarks/minif2f/MiniF2F/Test/aime_1983_p2.lean,289,false,skipped,
aime_1983_p3.lean,/srv/luminous-dynamics/symthaea/data/benchmarks/minif2f/MiniF2F/Test/aime_1983_p3.lean,300,false,skipped,
aime_1984_p1.lean,/srv/luminous-dynamics/symthaea/data/benchmarks/minif2f/MiniF2F/Test/aime_1984_p1.lean,279,false,skipped,
aime_1984_p7.lean,/srv/luminous-dynamics/symthaea/data/benchmarks/minif2f/MiniF2F/Test/aime_1984_p7.lean,248,false,skipped,
aime_1987_p5.lean,/srv/luminous-dynamics/symthaea/data/benchmarks/minif2f/MiniF2F/Test/aime_1987_p5.lean,206,false,skipped,
aime_1988_p8.lean,/srv/luminous-dynamics/symthaea/data/benchmarks/minif2f/MiniF2F/Test/aime_1988_p8.lean,341,false,skipped,
aime_1989_p8.lean,/srv/luminous-dynamics/symthaea/data/benchmarks/minif2f/MiniF2F/Test/aime_1989_p8.lean,434,false,skipped,
aime_1990_p15.lean,/srv/luminous-dynamics/symthaea/data/benchmarks/minif2f/MiniF2F/Test/aime_1990_p15.lean,293,false,skipped,
aime_1990_p4.lean,/srv/luminous-dynamics/symthaea/data/benchmarks/minif2f/MiniF2F/Test/aime_1990_p4.lean,353,false,skipped,
aime_1991_p9.lean,/srv/luminous-dynamics/symthaea/data/benchmarks/minif2f/MiniF2F/Test/aime_1991_p9.lean,262,false,skipped,
aime_1994_p3.lean,/srv/luminous-dynamics/symthaea/data/benchmarks/minif2f/MiniF2F/Test/aime_1994_p3.lean,216,false,skipped,
aime_1995_p7.lean,/srv/luminous-dynamics/symthaea/data/benchmarks/minif2f/MiniF2F/Test/aime_1995_p7.lean,346,false,skipped,
aime_1997_p9.lean,/srv/luminous-dynamics/symthaea/data/benchmarks/minif2f/MiniF2F/Test/aime_1997_p9.lean,276,false,skipped,
aime_1999_p11.lean,/srv/luminous-dynamics/symthaea/data/benchmarks/minif2f/MiniF2F/Test/aime_1999_p11.lean,310,false,skipped,
algebra_2varlineareq_fp3zeq11_3tfm1m5zeqn68_feqn10_zeq7.lean,/srv/luminous-dynamics/symthaea/data/benchmarks/minif2f/MiniF2F/Test/algebra_2varlineareq_fp3zeq11_3tfm1m5zeqn68_feqn10_zeq7.lean,252,false,skipped,
algebra_9onxpypzleqsum2onxpy.lean,/srv/luminous-dynamics/symthaea/data/benchmarks/minif2f/MiniF2F/Test/algebra_9onxpypzleqsum2onxpy.lean,250,false,skipped,
algebra_abpbcpcageq3_sumaonsqrtapbgeq3onsqrt2.lean,/srv/luminous-dynamics/symthaea/data/benchmarks/minif2f/MiniF2F/Test/algebra_abpbcpcageq3_sumaonsqrtapbgeq3onsqrt2.lean,336,false,skipped,
algebra_absapbon1pabsapbleqsumabsaon1pabsa.lean,/srv/luminous-dynamics/symthaea/data/benchmarks/minif2f/MiniF2F/Test/algebra_absapbon1pabsapbleqsumabsaon1pabsa.lean,243,false,skipped,
algebra_absxm1pabsxpabsxp1eqxp2_0leqxleq1.lean,/srv/luminous-dynamics/symthaea/data/benchmarks/minif2f/MiniF2F/Test/algebra_absxm1pabsxpabsxp1eqxp2_0leqxleq1.lean,235,false,skipped,
algebra_amgm_sum1toneqn_prod1tonleq1.lean,/srv/luminous-dynamics/symthaea/data/benchmarks/minif2f/MiniF2F/Test/algebra_amgm_sum1toneqn_prod1tonleq1.lean,261,false,skipped,
algebra_amgm_sumasqdivbgeqsuma.lean,/srv/luminous-dynamics/symthaea/data/benchmarks/minif2f/MiniF2F/Test/algebra_amgm_sumasqdivbgeqsuma.lean,260,false,skipped,
algebra_apbmpcneq0_aeq0anbeq0anceq0.lean,/srv/luminous-dynamics/symthaea/data/benchmarks/minif2f/MiniF2F/Test/algebra_apbmpcneq0_aeq0anbeq0anceq0.lean,304,false,skipped,
algebra_apbon2pownleqapownpbpowon2.lean,/srv/luminous-dynamics/symthaea/data/benchmarks/minif2f/MiniF2F/Test/algebra_apbon2pownleqapownpbpowon2.lean,249,false,skipped,
algebra_apbpceq2_abpbcpcaeq1_aleq1on3anbleq1ancleq4on3.lean,/srv/luminous-dynamics/symthaea/data/benchmarks/minif2f/MiniF2F/Test/algebra_apbpceq2_abpbcpcaeq1_aleq1on3anbleq1ancleq4on3.lean,352,false,skipped,
algebra_bleqa_apbon2msqrtableqambsqon8b.lean,/srv/luminous-dynamics/symthaea/data/benchmarks/minif2f/MiniF2F/Test/algebra_bleqa_apbon2msqrtableqambsqon8b.lean,264,false,skipped,
algebra_cubrtrp1oncubrtreq3_rcubp1onrcubeq5778.lean,/srv/luminous-dynamics/symthaea/data/benchmarks/minif2f/MiniF2F/Test/algebra_cubrtrp1oncubrtreq3_rcubp1onrcubeq5778.lean,239,false,skipped,
algebra_ineq_nto1onlt2m1on.lean,/srv/luminous-dynamics/symthaea/data/benchmarks/minif2f/MiniF2F/Test/algebra_ineq_nto1onlt2m1on.lean,187,false,skipped,
algebra_others_exirrpowirrrat.lean,/srv/luminous-dynamics/symthaea/data/benchmarks/minif2f/MiniF2F/Test/algebra_others_exirrpowirrrat.lean,201,false,skipped,
algebra_sqineq_at2malt1.lean,/srv/luminous-dynamics/symthaea/data/benchmarks/minif2f/MiniF2F/Test/algebra_sqineq_at2malt1.lean,162,false,skipped,
algebra_sqineq_unitcircatbpabsamblt1.lean,/srv/luminous-dynamics/symthaea/data/benchmarks/minif2f/MiniF2F/Test/algebra_sqineq_unitcircatbpabsamblt1.lean,205,false,skipped,
algebra_sqineq_unitcircatbpamblt1.lean,/srv/luminous-dynamics/symthaea/data/benchmarks/minif2f/MiniF2F/Test/algebra_sqineq_unitcircatbpamblt1.lean,202,false,skipped,
algebra_sum1onsqrt2to1onsqrt10000lt198.lean,/srv/luminous-dynamics/symthaea/data/benchmarks/minif2f/MiniF2F/Test/algebra_sum1onsqrt2to1onsqrt10000lt198.lean,211,false,skipped,
amc12_2000_p1.lean,/srv/luminous-dynamics/symthaea/data/benchmarks/minif2f/MiniF2F/Test/amc12_2000_p1.lean,219,false,skipped,
amc12_2000_p12.lean,/srv/luminous-dynamics/symthaea/data/benchmarks/minif2f/MiniF2F/Test/amc12_2000_p12.lean,197,false,skipped,
amc12_2000_p20.lean,/srv/luminous-dynamics/symthaea/data/benchmarks/minif2f/MiniF2F/Test/amc12_2000_p20.lean,257,false,skipped,
amc12_2000_p6.lean,/srv/luminous-dynamics/symthaea/data/benchmarks/minif2f/MiniF2F/Test/amc12_2000_p6.lean,263,false,skipped,
amc12_2001_p21.lean,/srv/luminous-dynamics/symthaea/data/benchmarks/minif2f/MiniF2F/Test/amc12_2001_p21.lean,302,false,skipped,
amc12_2001_p5.lean,/srv/luminous-dynamics/symthaea/data/benchmarks/minif2f/MiniF2F/Test/amc12_2001_p5.lean,244,false,skipped,
amc12a_2002_p13.lean,/srv/luminous-dynamics/symthaea/data/benchmarks/minif2f/MiniF2F/Test/amc12a_2002_p13.lean,262,false,skipped,
amc12a_2002_p6.lean,/srv/luminous-dynamics/symthaea/data/benchmarks/minif2f/MiniF2F/Test/amc12a_2002_p6.lean,194,false,skipped,
amc12a_2003_p23.lean,/srv/luminous-dynamics/symthaea/data/benchmarks/minif2f/MiniF2F/Test/amc12a_2003_p23.lean,258,false,skipped,
amc12a_2003_p5.lean,/srv/luminous-dynamics/symthaea/data/benchmarks/minif2f/MiniF2F/Test/amc12a_2003_p5.lean,275,false,skipped,
amc12a_2008_p25.lean,/srv/luminous-dynamics/symthaea/data/benchmarks/minif2f/MiniF2F/Test/amc12a_2008_p25.lean,319,false,skipped,
amc12a_2009_p6.lean,/srv/luminous-dynamics/symthaea/data/benchmarks/minif2f/MiniF2F/Test/amc12a_2009_p6.lean,214,false,skipped,
amc12a_2009_p7.lean,/srv/luminous-dynamics/symthaea/data/benchmarks/minif2f/MiniF2F/Test/amc12a_2009_p7.lean,337,false,skipped,
amc12a_2013_p4.lean,/srv/luminous-dynamics/symthaea/data/benchmarks/minif2f/MiniF2F/Test/amc12a_2013_p4.lean,175,false,skipped,
amc12a_2019_p12.lean,/srv/luminous-dynamics/symthaea/data/benchmarks/minif2f/MiniF2F/Test/amc12a_2019_p12.lean,314,false,skipped,
amc12a_2020_p10.lean,/srv/luminous-dynamics/symthaea/data/benchmarks/minif2f/MiniF2F/Test/amc12a_2020_p10.lean,250,false,skipped,
amc12a_2020_p15.lean,/srv/luminous-dynamics/symthaea/data/benchmarks/minif2f/MiniF2F/Test/amc12a_2020_p15.lean,236,false,skipped,
amc12a_2020_p25.lean,/srv/luminous-dynamics/symthaea/data/benchmarks/minif2f/MiniF2F/Test/amc12a_2020_p25.lean,293,false,skipped,
amc12a_2020_p4.lean,/srv/luminous-dynamics/symthaea/data/benchmarks/minif2f/MiniF2F/Test/amc12a_2020_p4.lean,285,false,skipped,
amc12a_2020_p7.lean,/srv/luminous-dynamics/symthaea/data/benchmarks/minif2f/MiniF2F/Test/amc12a_2020_p7.lean,403,false,skipped,
amc12a_2020_p9.lean,/srv/luminous-dynamics/symthaea/data/benchmarks/minif2f/MiniF2F/Test/amc12a_2020_p9.lean,261,false,skipped,
amc12a_2021_p12.lean,/srv/luminous-dynamics/symthaea/data/benchmarks/minif2f/MiniF2F/Test/amc12a_2021_p12.lean,337,false,skipped,
amc12a_2021_p14.lean,/srv/luminous-dynamics/symthaea/data/benchmarks/minif2f/MiniF2F/Test/amc12a_2021_p14.lean,250,false,skipped,
amc12a_2021_p18.lean,/srv/luminous-dynamics/symthaea/data/benchmarks/minif2f/MiniF2F/Test/amc12a_2021_p18.lean,250,false,skipped,
amc12a_2021_p19.lean,/srv/luminous-dynamics/symthaea/data/benchmarks/minif2f/MiniF2F/Test/amc12a_2021_p19.lean,296,false,skipped,
amc12a_2021_p22.lean,/srv/luminous-dynamics/symthaea/data/benchmarks/minif2f/MiniF2F/Test/amc12a_2021_p22.lean,339,false,skipped,
amc12a_2021_p25.lean,/srv/luminous-dynamics/symthaea/data/benchmarks/minif2f/MiniF2F/Test/amc12a_2021_p25.lean,315,false,skipped,
amc12a_2021_p3.lean,/srv/luminous-dynamics/symthaea/data/benchmarks/minif2f/MiniF2F/Test/amc12a_2021_p3.lean,228,false,skipped,
amc12a_2021_p8.lean,/srv/luminous-dynamics/symthaea/data/benchmarks/minif2f/MiniF2F/Test/amc12a_2021_p8.lean,299,false,skipped,
amc12a_2021_p9.lean,/srv/luminous-dynamics/symthaea/data/benchmarks/minif2f/MiniF2F/Test/amc12a_2021_p9.lean,185,false,skipped,
amc12b_2002_p19.lean,/srv/luminous-dynamics/symthaea/data/benchmarks/minif2f/MiniF2F/Test/amc12b_2002_p19.lean,279,false,skipped,
amc12b_2002_p2.lean,/srv/luminous-dynamics/symthaea/data/benchmarks/minif2f/MiniF2F/Test/amc12b_2002_p2.lean,211,false,skipped,
amc12b_2002_p4.lean,/srv/luminous-dynamics/symthaea/data/benchmarks/minif2f/MiniF2F/Test/amc12b_2002_p4.lean,218,false,skipped,
amc12b_2002_p7.lean,/srv/luminous-dynamics/symthaea/data/benchmarks/minif2f/MiniF2F/Test/amc12b_2002_p7.lean,280,false,skipped,
amc12b_2020_p13.lean,/srv/luminous-dynamics/symthaea/data/benchmarks/minif2f/MiniF2F/Test/amc12b_2020_p13.lean,262,false,skipped,
amc12b_2020_p2.lean,/srv/luminous-dynamics/symthaea/data/benchmarks/minif2f/MiniF2F/Test/amc12b_2020_p2.lean,223,false,skipped,
amc12b_2020_p21.lean,/srv/luminous-dynamics/symthaea/data/benchmarks/minif2f/MiniF2F/Test/amc12b_2020_p21.lean,255,false,skipped,
amc12b_2020_p22.lean,/srv/luminous-dynamics/symthaea/data/benchmarks/minif2f/MiniF2F/Test/amc12b_2020_p22.lean,175,false,skipped,
amc12b_2020_p6.lean,/srv/luminous-dynamics/symthaea/data/benchmarks/minif2f/MiniF2F/Test/amc12b_2020_p6.lean,237,false,skipped,
amc12b_2021_p1.lean,/srv/luminous-dynamics/symthaea/data/benchmarks/minif2f/MiniF2F/Test/amc12b_2021_p1.lean,216,false,skipped,
amc12b_2021_p13.lean,/srv/luminous-dynamics/symthaea/data/benchmarks/minif2f/MiniF2F/Test/amc12b_2021_p13.lean,270,false,skipped,
amc12b_2021_p18.lean,/srv/luminous-dynamics/symthaea/data/benchmarks/minif2f/MiniF2F/Test/amc12b_2021_p18.lean,245,false,skipped,
amc12b_2021_p3.lean,/srv/luminous-dynamics/symthaea/data/benchmarks/minif2f/MiniF2F/Test/amc12b_2021_p3.lean,203,false,skipped,
amc12b_2021_p4.lean,/srv/luminous-dynamics/symthaea/data/benchmarks/minif2f/MiniF2F/Test/amc12b_2021_p4.lean,252,false,skipped,
amc12b_2021_p9.lean,/srv/luminous-dynamics/symthaea/data/benchmarks/minif2f/MiniF2F/Test/amc12b_2021_p9.lean,242,false,skipped,
imo_1959_p1.lean,/srv/luminous-dynamics/symthaea/data/benchmarks/minif2f/MiniF2F/Test/imo_1959_p1.lean,183,false,skipped,
imo_1960_p2.lean,/srv/luminous-dynamics/symthaea/data/benchmarks/minif2f/MiniF2F/Test/imo_1960_p2.lean,316,false,skipped,
imo_1962_p2.lean,/srv/luminous-dynamics/symthaea/data/benchmarks/minif2f/MiniF2F/Test/imo_1962_p2.lean,273,false,skipped,
imo_1963_p5.lean,/srv/luminous-dynamics/symthaea/data/benchmarks/minif2f/MiniF2F/Test/imo_1963_p5.lean,194,false,skipped,
imo_1964_p2.lean,/srv/luminous-dynamics/symthaea/data/benchmarks/minif2f/MiniF2F/Test/imo_1964_p2.lean,312,false,skipped,
imo_1965_p2.lean,/srv/luminous-dynamics/symthaea/data/benchmarks/minif2f/MiniF2F/Test/imo_1965_p2.lean,540,false,skipped,
imo_1968_p5_1.lean,/srv/luminous-dynamics/symthaea/data/benchmarks/minif2f/MiniF2F/Test/imo_1968_p5_1.lean,269,false,skipped,
imo_1969_p2.lean,/srv/luminous-dynamics/symthaea/data/benchmarks/minif2f/MiniF2F/Test/imo_1969_p2.lean,350,false,skipped,
imo_1974_p3.lean,/srv/luminous-dynamics/symthaea/data/benchmarks/minif2f/MiniF2F/Test/imo_1974_p3.lean,222,false,skipped,
imo_1977_p6.lean,/srv/luminous-dynamics/symthaea/data/benchmarks/minif2f/MiniF2F/Test/imo_1977_p6.lean,239,false,skipped,
imo_1981_p6.lean,/srv/luminous-dynamics/symthaea/data/benchmarks/minif2f/MiniF2F/Test/imo_1981_p6.lean,375,false,skipped,
imo_1982_p1.lean,/srv/luminous-dynamics/symthaea/data/benchmarks/minif2f/MiniF2F/Test/imo_1982_p1.lean,330,false,skipped,
imo_1983_p6.lean,/srv/luminous-dynamics/symthaea/data/benchmarks/minif2f/MiniF2F/Test/imo_1983_p6.lean,300,false,skipped,
imo_1984_p6.lean,/srv/luminous-dynamics/symthaea/data/benchmarks/minif2f/MiniF2F/Test/imo_1984_p6.lean,350,false,skipped,
imo_1985_p6.lean,/srv/luminous-dynamics/symthaea/data/benchmarks/minif2f/MiniF2F/Test/imo_1985_p6.lean,316,false,skipped,
imo_1992_p1.lean,/srv/luminous-dynamics/symthaea/data/benchmarks/minif2f/MiniF2F/Test/imo_1992_p1.lean,279,false,skipped,
imo_1997_p5.lean,/srv/luminous-dynamics/symthaea/data/benchmarks/minif2f/MiniF2F/Test/imo_1997_p5.lean,244,false,skipped,
imo_2001_p6.lean,/srv/luminous-dynamics/symthaea/data/benchmarks/minif2f/MiniF2F/Test/imo_2001_p6.lean,326,false,skipped,
imo_2019_p1.lean,/srv/luminous-dynamics/symthaea/data/benchmarks/minif2f/MiniF2F/Test/imo_2019_p1.lean,245,false,skipped,
imosl_2007_algebra_p6.lean,/srv/luminous-dynamics/symthaea/data/benchmarks/minif2f/MiniF2F/Test/imosl_2007_algebra_p6.lean,295,false,skipped,
induction_11div10tonmn1ton.lean,/srv/luminous-dynamics/symthaea/data/benchmarks/minif2f/MiniF2F/Test/induction_11div10tonmn1ton.lean,176,false,skipped,
induction_12dvd4expnp1p20.lean,/srv/luminous-dynamics/symthaea/data/benchmarks/minif2f/MiniF2F/Test/induction_12dvd4expnp1p20.lean,166,false,skipped,
induction_1pxpownlt1pnx.lean,/srv/luminous-dynamics/symthaea/data/benchmarks/minif2f/MiniF2F/Test/induction_1pxpownlt1pnx.lean,224,false,skipped,
induction_nfactltnexpnm1ngt3.lean,/srv/luminous-dynamics/symthaea/data/benchmarks/minif2f/MiniF2F/Test/induction_nfactltnexpnm1ngt3.lean,185,false,skipped,
induction_pord1p1on2powklt5on2.lean,/srv/luminous-dynamics/symthaea/data/benchmarks/minif2f/MiniF2F/Test/induction_pord1p1on2powklt5on2.lean,222,false,skipped,
induction_pprime_pdvdapowpma.lean,/srv/luminous-dynamics/symthaea/data/benchmarks/minif2f/MiniF2F/Test/induction_pprime_pdvdapowpma.lean,207,false,skipped,
induction_prod1p1onk3le3m1onn.lean,/srv/luminous-dynamics/symthaea/data/benchmarks/minif2f/MiniF2F/Test/induction_prod1p1onk3le3m1onn.lean,236,false,skipped,
induction_sumkexp3eqsumksq.lean,/srv/luminous-dynamics/symthaea/data/benchmarks/minif2f/MiniF2F/Test/induction_sumkexp3eqsumksq.lean,211,false,skipped,
mathd_algebra_107.lean,/srv/luminous-dynamics/symthaea/data/benchmarks/minif2f/MiniF2F/Test/mathd_algebra_107.lean,207,false,skipped,
mathd_algebra_113.lean,/srv/luminous-dynamics/symthaea/data/benchmarks/minif2f/MiniF2F/Test/mathd_algebra_113.lean,176,false,skipped,
mathd_algebra_114.lean,/srv/luminous-dynamics/symthaea/data/benchmarks/minif2f/MiniF2F/Test/mathd_algebra_114.lean,204,false,skipped,
mathd_algebra_125.lean,/srv/luminous-dynamics/symthaea/data/benchmarks/minif2f/MiniF2F/Test/mathd_algebra_125.lean,243,false,skipped,
mathd_algebra_129.lean,/srv/luminous-dynamics/symthaea/data/benchmarks/minif2f/MiniF2F/Test/mathd_algebra_129.lean,204,false,skipped,
mathd_algebra_137.lean,/srv/luminous-dynamics/symthaea/data/benchmarks/minif2f/MiniF2F/Test/mathd_algebra_137.lean,197,false,skipped,
mathd_algebra_139.lean,/srv/luminous-dynamics/symthaea/data/benchmarks/minif2f/MiniF2F/Test/mathd_algebra_139.lean,239,false,skipped,
mathd_algebra_141.lean,/srv/luminous-dynamics/symthaea/data/benchmarks/minif2f/MiniF2F/Test/mathd_algebra_141.lean,207,false,skipped,
mathd_algebra_142.lean,/srv/luminous-dynamics/symthaea/data/benchmarks/minif2f/MiniF2F/Test/mathd_algebra_142.lean,204,false,skipped,
mathd_algebra_143.lean,/srv/luminous-dynamics/symthaea/data/benchmarks/minif2f/MiniF2F/Test/mathd_algebra_143.lean,222,false,skipped,
mathd_algebra_148.lean,/srv/luminous-dynamics/symthaea/data/benchmarks/minif2f/MiniF2F/Test/mathd_algebra_148.lean,227,false,skipped,
mathd_algebra_153.lean,/srv/luminous-dynamics/symthaea/data/benchmarks/minif2f/MiniF2F/Test/mathd_algebra_153.lean,254,false,skipped,
mathd_algebra_156.lean,/srv/luminous-dynamics/symthaea/data/benchmarks/minif2f/MiniF2F/Test/mathd_algebra_156.lean,301,false,skipped,
mathd_algebra_158.lean,/srv/luminous-dynamics/symthaea/data/benchmarks/minif2f/MiniF2F/Test/mathd_algebra_158.lean,261,false,skipped,
mathd_algebra_160.lean,/srv/luminous-dynamics/symthaea/data/benchmarks/minif2f/MiniF2F/Test/mathd_algebra_160.lean,205,false,skipped,
mathd_algebra_17.lean,/srv/luminous-dynamics/symthaea/data/benchmarks/minif2f/MiniF2F/Test/mathd_algebra_17.lean,234,false,skipped,
mathd_algebra_170.lean,/srv/luminous-dynamics/symthaea/data/benchmarks/minif2f/MiniF2F/Test/mathd_algebra_170.lean,222,false,skipped,
mathd_algebra_171.lean,/srv/luminous-dynamics/symthaea/data/benchmarks/minif2f/MiniF2F/Test/mathd_algebra_171.lean,187,false,skipped,
mathd_algebra_176.lean,/srv/luminous-dynamics/symthaea/data/benchmarks/minif2f/MiniF2F/Test/mathd_algebra_176.lean,172,false,skipped,
mathd_algebra_184.lean,/srv/luminous-dynamics/symthaea/data/benchmarks/minif2f/MiniF2F/Test/mathd_algebra_184.lean,239,false,skipped,
mathd_algebra_188.lean,/srv/luminous-dynamics/symthaea/data/benchmarks/minif2f/MiniF2F/Test/mathd_algebra_188.lean,191,false,skipped,
mathd_algebra_196.lean,/srv/luminous-dynamics/symthaea/data/benchmarks/minif2f/MiniF2F/Test/mathd_algebra_196.lean,218,false,skipped,
mathd_algebra_208.lean,/srv/luminous-dynamics/symthaea/data/benchmarks/minif2f/MiniF2F/Test/mathd_algebra_208.lean,166,false,skipped,
mathd_algebra_209.lean,/srv/luminous-dynamics/symthaea/data/benchmarks/minif2f/MiniF2F/Test/mathd_algebra_209.lean,236,false,skipped,
mathd_algebra_215.lean,/srv/luminous-dynamics/symthaea/data/benchmarks/minif2f/MiniF2F/Test/mathd_algebra_215.lean,219,false,skipped,
mathd_algebra_24.lean,/srv/luminous-dynamics/symthaea/data/benchmarks/minif2f/MiniF2F/Test/mathd_algebra_24.lean,169,false,skipped,
mathd_algebra_246.lean,/srv/luminous-dynamics/symthaea/data/benchmarks/minif2f/MiniF2F/Test/mathd_algebra_246.lean,240,false,skipped,
mathd_algebra_263.lean,/srv/luminous-dynamics/symthaea/data/benchmarks/minif2f/MiniF2F/Test/mathd_algebra_263.lean,211,false,skipped,
mathd_algebra_270.lean,/srv/luminous-dynamics/symthaea/data/benchmarks/minif2f/MiniF2F/Test/mathd_algebra_270.lean,208,false,skipped,
mathd_algebra_275.lean,/srv/luminous-dynamics/symthaea/data/benchmarks/minif2f/MiniF2F/Test/mathd_algebra_275.lean,227,false,skipped,
mathd_algebra_276.lean,/srv/luminous-dynamics/symthaea/data/benchmarks/minif2f/MiniF2F/Test/mathd_algebra_276.lean,225,false,skipped,
mathd_algebra_288.lean,/srv/luminous-dynamics/symthaea/data/benchmarks/minif2f/MiniF2F/Test/mathd_algebra_288.lean,307,false,skipped,
mathd_algebra_289.lean,/srv/luminous-dynamics/symthaea/data/benchmarks/minif2f/MiniF2F/Test/mathd_algebra_289.lean,289,false,skipped,
mathd_algebra_293.lean,/srv/luminous-dynamics/symthaea/data/benchmarks/minif2f/MiniF2F/Test/mathd_algebra_293.lean,232,false,skipped,
mathd_algebra_296.lean,/srv/luminous-dynamics/symthaea/data/benchmarks/minif2f/MiniF2F/Test/mathd_algebra_296.lean,180,false,skipped,
mathd_algebra_302.lean,/srv/luminous-dynamics/symthaea/data/benchmarks/minif2f/MiniF2F/Test/mathd_algebra_302.lean,155,false,skipped,
mathd_algebra_304.lean,/srv/luminous-dynamics/symthaea/data/benchmarks/minif2f/MiniF2F/Test/mathd_algebra_304.lean,138,false,skipped,
mathd_algebra_313.lean,/srv/luminous-dynamics/symthaea/data/benchmarks/minif2f/MiniF2F/Test/mathd_algebra_313.lean,247,false,skipped,
mathd_algebra_314.lean,/srv/luminous-dynamics/symthaea/data/benchmarks/minif2f/MiniF2F/Test/mathd_algebra_314.lean,192,false,skipped,
mathd_algebra_320.lean,/srv/luminous-dynamics/symthaea/data/benchmarks/minif2f/MiniF2F/Test/mathd_algebra_320.lean,303,false,skipped,
mathd_algebra_329.lean,/srv/luminous-dynamics/symthaea/data/benchmarks/minif2f/MiniF2F/Test/mathd_algebra_329.lean,201,false,skipped,
mathd_algebra_33.lean,/srv/luminous-dynamics/symthaea/data/benchmarks/minif2f/MiniF2F/Test/mathd_algebra_33.lean,226,false,skipped,
mathd_algebra_332.lean,/srv/luminous-dynamics/symthaea/data/benchmarks/minif2f/MiniF2F/Test/mathd_algebra_332.lean,227,false,skipped,
mathd_algebra_338.lean,/srv/luminous-dynamics/symthaea/data/benchmarks/minif2f/MiniF2F/Test/mathd_algebra_338.lean,247,false,skipped,
mathd_algebra_342.lean,/srv/luminous-dynamics/symthaea/data/benchmarks/minif2f/MiniF2F/Test/mathd_algebra_342.lean,262,false,skipped,
mathd_algebra_346.lean,/srv/luminous-dynamics/symthaea/data/benchmarks/minif2f/MiniF2F/Test/mathd_algebra_346.lean,228,false,skipped,
mathd_algebra_354.lean,/srv/luminous-dynamics/symthaea/data/benchmarks/minif2f/MiniF2F/Test/mathd_algebra_354.lean,210,false,skipped,
mathd_algebra_359.lean,/srv/luminous-dynamics/symthaea/data/benchmarks/minif2f/MiniF2F/Test/mathd_algebra_359.lean,174,false,skipped,
mathd_algebra_362.lean,/srv/luminous-dynamics/symthaea/data/benchmarks/minif2f/MiniF2F/Test/mathd_algebra_362.lean,213,false,skipped,
mathd_algebra_388.lean,/srv/luminous-dynamics/symthaea/data/benchmarks/minif2f/MiniF2F/Test/mathd_algebra_388.lean,227,false,skipped,
mathd_algebra_392.lean,/srv/luminous-dynamics/symthaea/data/benchmarks/minif2f/MiniF2F/Test/mathd_algebra_392.lean,257,false,skipped,
mathd_algebra_398.lean,/srv/luminous-dynamics/symthaea/data/benchmarks/minif2f/MiniF2F/Test/mathd_algebra_398.lean,246,false,skipped,
mathd_algebra_400.lean,/srv/luminous-dynamics/symthaea/data/benchmarks/minif2f/MiniF2F/Test/mathd_algebra_400.lean,191,false,skipped,
mathd_algebra_412.lean,/srv/luminous-dynamics/symthaea/data/benchmarks/minif2f/MiniF2F/Test/mathd_algebra_412.lean,191,false,skipped,
mathd_algebra_419.lean,/srv/luminous-dynamics/symthaea/data/benchmarks/minif2f/MiniF2F/Test/mathd_algebra_419.lean,204,false,skipped,
mathd_algebra_427.lean,/srv/luminous-dynamics/symthaea/data/benchmarks/minif2f/MiniF2F/Test/mathd_algebra_427.lean,239,false,skipped,
mathd_algebra_432.lean,/srv/luminous-dynamics/symthaea/data/benchmarks/minif2f/MiniF2F/Test/mathd_algebra_432.lean,175,false,skipped,
mathd_algebra_44.lean,/srv/luminous-dynamics/symthaea/data/benchmarks/minif2f/MiniF2F/Test/mathd_algebra_44.lean,205,false,skipped,
mathd_algebra_440.lean,/srv/luminous-dynamics/symthaea/data/benchmarks/minif2f/MiniF2F/Test/mathd_algebra_440.lean,174,false,skipped,
mathd_algebra_441.lean,/srv/luminous-dynamics/symthaea/data/benchmarks/minif2f/MiniF2F/Test/mathd_algebra_441.lean,211,false,skipped,
mathd_algebra_452.lean,/srv/luminous-dynamics/symthaea/data/benchmarks/minif2f/MiniF2F/Test/mathd_algebra_452.lean,264,false,skipped,
mathd_algebra_459.lean,/srv/luminous-dynamics/symthaea/data/benchmarks/minif2f/MiniF2F/Test/mathd_algebra_459.lean,292,false,skipped,
mathd_algebra_478.lean,/srv/luminous-dynamics/symthaea/data/benchmarks/minif2f/MiniF2F/Test/mathd_algebra_478.lean,257,false,skipped,
mathd_algebra_484.lean,/srv/luminous-dynamics/symthaea/data/benchmarks/minif2f/MiniF2F/Test/mathd_algebra_484.lean,155,false,skipped,
mathd_algebra_487.lean,/srv/luminous-dynamics/symthaea/data/benchmarks/minif2f/MiniF2F/Test/mathd_algebra_487.lean,291,false,skipped,
mathd_algebra_513.lean,/srv/luminous-dynamics/symthaea/data/benchmarks/minif2f/MiniF2F/Test/mathd_algebra_513.lean,206,false,skipped,
mathd_algebra_598.lean,/srv/luminous-dynamics/symthaea/data/benchmarks/minif2f/MiniF2F/Test/mathd_algebra_598.lean,274,false,skipped,
mathd_algebra_756.lean,/srv/luminous-dynamics/symthaea/data/benchmarks/minif2f/MiniF2F/Test/mathd_algebra_756.lean,197,false,skipped,
mathd_algebra_76.lean,/srv/luminous-dynamics/symthaea/data/benchmarks/minif2f/MiniF2F/Test/mathd_algebra_76.lean,239,false,skipped,
mathd_algebra_80.lean,/srv/luminous-dynamics/symthaea/data/benchmarks/minif2f/MiniF2F/Test/mathd_algebra_80.lean,198,false,skipped,
mathd_numbertheory_100.lean,/srv/luminous-dynamics/symthaea/data/benchmarks/minif2f/MiniF2F/Test/mathd_numbertheory_100.lean,226,false,skipped,
mathd_numbertheory_1124.lean,/srv/luminous-dynamics/symthaea/data/benchmarks/minif2f/MiniF2F/Test/mathd_numbertheory_1124.lean,198,false,skipped,
mathd_numbertheory_12.lean,/srv/luminous-dynamics/symthaea/data/benchmarks/minif2f/MiniF2F/Test/mathd_numbertheory_12.lean,198,false,skipped,
mathd_numbertheory_127.lean,/srv/luminous-dynamics/symthaea/data/benchmarks/minif2f/MiniF2F/Test/mathd_numbertheory_127.lean,175,false,skipped,
mathd_numbertheory_135.lean,/srv/luminous-dynamics/symthaea/data/benchmarks/minif2f/MiniF2F/Test/mathd_numbertheory_135.lean,403,false,skipped,
mathd_numbertheory_150.lean,/srv/luminous-dynamics/symthaea/data/benchmarks/minif2f/MiniF2F/Test/mathd_numbertheory_150.lean,188,false,skipped,
mathd_numbertheory_175.lean,/srv/luminous-dynamics/symthaea/data/benchmarks/minif2f/MiniF2F/Test/mathd_numbertheory_175.lean,149,false,skipped,
mathd_numbertheory_185.lean,/srv/luminous-dynamics/symthaea/data/benchmarks/minif2f/MiniF2F/Test/mathd_numbertheory_185.lean,180,false,skipped,
mathd_numbertheory_207.lean,/srv/luminous-dynamics/symthaea/data/benchmarks/minif2f/MiniF2F/Test/mathd_numbertheory_207.lean,157,false,skipped,
mathd_numbertheory_212.lean,/srv/luminous-dynamics/symthaea/data/benchmarks/minif2f/MiniF2F/Test/mathd_numbertheory_212.lean,164,false,skipped,
mathd_numbertheory_222.lean,/srv/luminous-dynamics/symthaea/data/benchmarks/minif2f/MiniF2F/Test/mathd_numbertheory_222.lean,212,false,skipped,
mathd_numbertheory_227.lean,/srv/luminous-dynamics/symthaea/data/benchmarks/minif2f/MiniF2F/Test/mathd_numbertheory_227.lean,202,false,skipped,
mathd_numbertheory_229.lean,/srv/luminous-dynamics/symthaea/data/benchmarks/minif2f/MiniF2F/Test/mathd_numbertheory_229.lean,146,false,skipped,
mathd_numbertheory_233.lean,/srv/luminous-dynamics/symthaea/data/benchmarks/minif2f/MiniF2F/Test/mathd_numbertheory_233.lean,183,false,skipped,
mathd_numbertheory_234.lean,/srv/luminous-dynamics/symthaea/data/benchmarks/minif2f/MiniF2F/Test/mathd_numbertheory_234.lean,234,false,skipped,
mathd_numbertheory_235.lean,/srv/luminous-dynamics/symthaea/data/benchmarks/minif2f/MiniF2F/Test/mathd_numbertheory_235.lean,160,false,skipped,
mathd_numbertheory_237.lean,/srv/luminous-dynamics/symthaea/data/benchmarks/minif2f/MiniF2F/Test/mathd_numbertheory_237.lean,173,false,skipped,
mathd_numbertheory_239.lean,/srv/luminous-dynamics/symthaea/data/benchmarks/minif2f/MiniF2F/Test/mathd_numbertheory_239.lean,170,false,skipped,
mathd_numbertheory_247.lean,/srv/luminous-dynamics/symthaea/data/benchmarks/minif2f/MiniF2F/Test/mathd_numbertheory_247.lean,182,false,skipped,
mathd_numbertheory_254.lean,/srv/luminous-dynamics/symthaea/data/benchmarks/minif2f/MiniF2F/Test/mathd_numbertheory_254.lean,157,false,skipped,
mathd_numbertheory_277.lean,/srv/luminous-dynamics/symthaea/data/benchmarks/minif2f/MiniF2F/Test/mathd_numbertheory_277.lean,214,false,skipped,
mathd_numbertheory_293.lean,/srv/luminous-dynamics/symthaea/data/benchmarks/minif2f/MiniF2F/Test/mathd_numbertheory_293.lean,206,false,skipped,
mathd_numbertheory_296.lean,/srv/luminous-dynamics/symthaea/data/benchmarks/minif2f/MiniF2F/Test/mathd_numbertheory_296.lean,225,false,skipped,
mathd_numbertheory_299.lean,/srv/luminous-dynamics/symthaea/data/benchmarks/minif2f/MiniF2F/Test/mathd_numbertheory_299.lean,170,false,skipped,
mathd_numbertheory_3.lean,/srv/luminous-dynamics/symthaea/data/benchmarks/minif2f/MiniF2F/Test/mathd_numbertheory_3.lean,179,false,skipped,
mathd_numbertheory_314.lean,/srv/luminous-dynamics/symthaea/data/benchmarks/minif2f/MiniF2F/Test/mathd_numbertheory_314.lean,240,false,skipped,
mathd_numbertheory_320.lean,/srv/luminous-dynamics/symthaea/data/benchmarks/minif2f/MiniF2F/Test/mathd_numbertheory_320.lean,201,false,skipped,
mathd_numbertheory_321.lean,/srv/luminous-dynamics/symthaea/data/benchmarks/minif2f/MiniF2F/Test/mathd_numbertheory_321.lean,183,false,skipped,
mathd_numbertheory_328.lean,/srv/luminous-dynamics/symthaea/data/benchmarks/minif2f/MiniF2F/Test/mathd_numbertheory_328.lean,150,false,skipped,
mathd_numbertheory_34.lean,/srv/luminous-dynamics/symthaea/data/benchmarks/minif2f/MiniF2F/Test/mathd_numbertheory_34.lean,192,false,skipped,
mathd_numbertheory_341.lean,/srv/luminous-dynamics/symthaea/data/benchmarks/minif2f/MiniF2F/Test/mathd_numbertheory_341.lean,257,false,skipped,
mathd_numbertheory_342.lean,/srv/luminous-dynamics/symthaea/data/benchmarks/minif2f/MiniF2F/Test/mathd_numbertheory_342.lean,142,false,skipped,
mathd_numbertheory_343.lean,/srv/luminous-dynamics/symthaea/data/benchmarks/minif2f/MiniF2F/Test/mathd_numbertheory_343.lean,180,false,skipped,
mathd_numbertheory_345.lean,/srv/luminous-dynamics/symthaea/data/benchmarks/minif2f/MiniF2F/Test/mathd_numbertheory_345.lean,188,false,skipped,
mathd_numbertheory_353.lean,/srv/luminous-dynamics/symthaea/data/benchmarks/minif2f/MiniF2F/Test/mathd_numbertheory_353.lean,205,false,skipped,
mathd_numbertheory_427.lean,/srv/luminous-dynamics/symthaea/data/benchmarks/minif2f/MiniF2F/Test/mathd_numbertheory_427.lean,263,false,skipped,
mathd_numbertheory_430.lean,/srv/luminous-dynamics/symthaea/data/benchmarks/minif2f/MiniF2F/Test/mathd_numbertheory_430.lean,400,false,skipped,
mathd_numbertheory_435.lean,/srv/luminous-dynamics/symthaea/data/benchmarks/minif2f/MiniF2F/Test/mathd_numbertheory_435.lean,330,false,skipped,
mathd_numbertheory_447.lean,/srv/luminous-dynamics/symthaea/data/benchmarks/minif2f/MiniF2F/Test/mathd_numbertheory_447.lean,204,false,skipped,
mathd_numbertheory_451.lean,/srv/luminous-dynamics/symthaea/data/benchmarks/minif2f/MiniF2F/Test/mathd_numbertheory_451.lean,313,false,skipped,
mathd_numbertheory_457.lean,/srv/luminous-dynamics/symthaea/data/benchmarks/minif2f/MiniF2F/Test/mathd_numbertheory_457.lean,194,false,skipped,
mathd_numbertheory_483.lean,/srv/luminous-dynamics/symthaea/data/benchmarks/minif2f/MiniF2F/Test/mathd_numbertheory_483.lean,251,false,skipped,
mathd_numbertheory_495.lean,/srv/luminous-dynamics/symthaea/data/benchmarks/minif2f/MiniF2F/Test/mathd_numbertheory_495.lean,263,false,skipped,
mathd_numbertheory_5.lean,/srv/luminous-dynamics/symthaea/data/benchmarks/minif2f/MiniF2F/Test/mathd_numbertheory_5.lean,222,false,skipped,
mathd_numbertheory_517.lean,/srv/luminous-dynamics/symthaea/data/benchmarks/minif2f/MiniF2F/Test/mathd_numbertheory_517.lean,157,false,skipped,
mathd_numbertheory_521.lean,/srv/luminous-dynamics/symthaea/data/benchmarks/minif2f/MiniF2F/Test/mathd_numbertheory_521.lean,232,false,skipped,
mathd_numbertheory_541.lean,/srv/luminous-dynamics/symthaea/data/benchmarks/minif2f/MiniF2F/Test/mathd_numbertheory_541.lean,215,false,skipped,
mathd_numbertheory_551.lean,/srv/luminous-dynamics/symthaea/data/benchmarks/minif2f/MiniF2F/Test/mathd_numbertheory_551.lean,144,false,skipped,
mathd_numbertheory_552.lean,/srv/luminous-dynamics/symthaea/data/benchmarks/minif2f/MiniF2F/Test/mathd_numbertheory_552.lean,343,false,skipped,
mathd_numbertheory_559.lean,/srv/luminous-dynamics/symthaea/data/benchmarks/minif2f/MiniF2F/Test/mathd_numbertheory_559.lean,223,false,skipped,
mathd_numbertheory_582.lean,/srv/luminous-dynamics/symthaea/data/benchmarks/minif2f/MiniF2F/Test/mathd_numbertheory_582.lean,215,false,skipped,
mathd_numbertheory_618.lean,/srv/luminous-dynamics/symthaea/data/benchmarks/minif2f/MiniF2F/Test/mathd_numbertheory_618.lean,263,false,skipped,
mathd_numbertheory_66.lean,/srv/luminous-dynamics/symthaea/data/benchmarks/minif2f/MiniF2F/Test/mathd_numbertheory_66.lean,143,false,skipped,
mathd_numbertheory_711.lean,/srv/luminous-dynamics/symthaea/data/benchmarks/minif2f/MiniF2F/Test/mathd_numbertheory_711.lean,241,false,skipped,
mathd_numbertheory_728.lean,/srv/luminous-dynamics/symthaea/data/benchmarks/minif2f/MiniF2F/Test/mathd_numbertheory_728.lean,154,false,skipped,
mathd_numbertheory_764.lean,/srv/luminous-dynamics/symthaea/data/benchmarks/minif2f/MiniF2F/Test/mathd_numbertheory_764.lean,263,false,skipped,
mathd_numbertheory_765.lean,/srv/luminous-dynamics/symthaea/data/benchmarks/minif2f/MiniF2F/Test/mathd_numbertheory_765.lean,203,false,skipped,
mathd_numbertheory_769.lean,/srv/luminous-dynamics/symthaea/data/benchmarks/minif2f/MiniF2F/Test/mathd_numbertheory_769.lean,157,false,skipped,
mathd_numbertheory_85.lean,/srv/luminous-dynamics/symthaea/data/benchmarks/minif2f/MiniF2F/Test/mathd_numbertheory_85.lean,163,false,skipped,
mathd_numbertheory_99.lean,/srv/luminous-dynamics/symthaea/data/benchmarks/minif2f/MiniF2F/Test/mathd_numbertheory_99.lean,183,false,skipped,
numbertheory_2pownm1prime_nprime.lean,/srv/luminous-dynamics/symthaea/data/benchmarks/minif2f/MiniF2F/Test/numbertheory_2pownm1prime_nprime.lean,213,false,skipped,
numbertheory_3pow2pownm1mod2pownp3eq2pownp2.lean,/srv/luminous-dynamics/symthaea/data/benchmarks/minif2f/MiniF2F/Test/numbertheory_3pow2pownm1mod2pownp3eq2pownp2.lean,221,false,skipped,
numbertheory_4x3m7y3neq2003.lean,/srv/luminous-dynamics/symthaea/data/benchmarks/minif2f/MiniF2F/Test/numbertheory_4x3m7y3neq2003.lean,177,false,skipped,
numbertheory_aoddbdiv4asqpbsqmod8eq1.lean,/srv/luminous-dynamics/symthaea/data/benchmarks/minif2f/MiniF2F/Test/numbertheory_aoddbdiv4asqpbsqmod8eq1.lean,243,false,skipped,
numbertheory_exk2powkeqapb2mulbpa2_aeq1.lean,/srv/luminous-dynamics/symthaea/data/benchmarks/minif2f/MiniF2F/Test/numbertheory_exk2powkeqapb2mulbpa2_aeq1.lean,245,false,skipped,
numbertheory_fxeq4powxp6powxp9powx_f2powmdvdf2pown.lean,/srv/luminous-dynamics/symthaea/data/benchmarks/minif2f/MiniF2F/Test/numbertheory_fxeq4powxp6powxp9powx_f2powmdvdf2pown.lean,297,false,skipped,
numbertheory_notEquiv2i2jasqbsqdiv8.lean,/srv/luminous-dynamics/symthaea/data/benchmarks/minif2f/MiniF2F/Test/numbertheory_notEquiv2i2jasqbsqdiv8.lean,222,false,skipped,
numbertheory_x5neqy2p4.lean,/srv/luminous-dynamics/symthaea/data/benchmarks/minif2f/MiniF2F/Test/numbertheory_x5neqy2p4.lean,161,false,skipped,
Test.lean,/srv/luminous-dynamics/symthaea/data/benchmarks/minif2f/MiniF2F/Test.lean,9849,false,skipped,
aimeII_2001_p3.lean,/srv/luminous-dynamics/symthaea/data/benchmarks/minif2f/MiniF2F/Valid/aimeII_2001_p3.lean,321,false,skipped,
aimeII_2020_p6.lean,/srv/luminous-dynamics/symthaea/data/benchmarks/minif2f/MiniF2F/Valid/aimeII_2020_p6.lean,283,false,skipped,
aimeI_2000_p7.lean,/srv/luminous-dynamics/symthaea/data/benchmarks/minif2f/MiniF2F/Valid/aimeI_2000_p7.lean,312,false,skipped,
aime_1983_p9.lean,/srv/luminous-dynamics/symthaea/data/benchmarks/minif2f/MiniF2F/Valid/aime_1983_p9.lean,223,false,skipped,
aime_1984_p15.lean,/srv/luminous-dynamics/symthaea/data/benchmarks/minif2f/MiniF2F/Valid/aime_1984_p15.lean,731,false,skipped,
aime_1984_p5.lean,/srv/luminous-dynamics/symthaea/data/benchmarks/minif2f/MiniF2F/Valid/aime_1984_p5.lean,243,false,skipped,
aime_1987_p8.lean,/srv/luminous-dynamics/symthaea/data/benchmarks/minif2f/MiniF2F/Valid/aime_1987_p8.lean,236,false,skipped,
aime_1988_p3.lean,/srv/luminous-dynamics/symthaea/data/benchmarks/minif2f/MiniF2F/Valid/aime_1988_p3.lean,237,false,skipped,
aime_1988_p4.lean,/srv/luminous-dynamics/symthaea/data/benchmarks/minif2f/MiniF2F/Valid/aime_1988_p4.lean,278,false,skipped,
aime_1990_p2.lean,/srv/luminous-dynamics/symthaea/data/benchmarks/minif2f/MiniF2F/Valid/aime_1990_p2.lean,213,false,skipped,
aime_1991_p1.lean,/srv/luminous-dynamics/symthaea/data/benchmarks/minif2f/MiniF2F/Valid/aime_1991_p1.lean,245,false,skipped,
aime_1991_p6.lean,/srv/luminous-dynamics/symthaea/data/benchmarks/minif2f/MiniF2F/Valid/aime_1991_p6.lean,234,false,skipped,
aime_1994_p4.lean,/srv/luminous-dynamics/symthaea/data/benchmarks/minif2f/MiniF2F/Valid/aime_1994_p4.lean,224,false,skipped,
aime_1996_p5.lean,/srv/luminous-dynamics/symthaea/data/benchmarks/minif2f/MiniF2F/Valid/aime_1996_p5.lean,442,false,skipped,
aime_1997_p11.lean,/srv/luminous-dynamics/symthaea/data/benchmarks/minif2f/MiniF2F/Valid/aime_1997_p11.lean,323,false,skipped,
algebra_2complexrootspoly_xsqp49eqxp7itxpn7i.lean,/srv/luminous-dynamics/symthaea/data/benchmarks/minif2f/MiniF2F/Valid/algebra_2complexrootspoly_xsqp49eqxp7itxpn7i.lean,221,false,skipped,
algebra_2rootsintpoly_am10tap11eqasqpam110.lean,/srv/luminous-dynamics/symthaea/data/benchmarks/minif2f/MiniF2F/Valid/algebra_2rootsintpoly_am10tap11eqasqpam110.lean,201,false,skipped,
algebra_2rootspoly_apatapbeq2asqp2ab.lean,/srv/luminous-dynamics/symthaea/data/benchmarks/minif2f/MiniF2F/Valid/algebra_2rootspoly_apatapbeq2asqp2ab.lean,203,false,skipped,
algebra_2varlineareq_xpeeq7_2xpeeq3_eeq11_xeqn4.lean,/srv/luminous-dynamics/symthaea/data/benchmarks/minif2f/MiniF2F/Valid/algebra_2varlineareq_xpeeq7_2xpeeq3_eeq11_xeqn4.lean,228,false,skipped,
algebra_3rootspoly_amdtamctambeqnasqmbpctapcbtdpasqmbpctapcbta.lean,/srv/luminous-dynamics/symthaea/data/benchmarks/minif2f/MiniF2F/Valid/algebra_3rootspoly_amdtamctambeqnasqmbpctapcbtdpasqmbpctapcbta.lean,298,false,skipped,
algebra_amgm_faxinrrp2msqrt2geq2mxm1div2x.lean,/srv/luminous-dynamics/symthaea/data/benchmarks/minif2f/MiniF2F/Valid/algebra_amgm_faxinrrp2msqrt2geq2mxm1div2x.lean,201,false,skipped,
algebra_amgm_prod1toneq1_sum1tongeqn.lean,/srv/luminous-dynamics/symthaea/data/benchmarks/minif2f/MiniF2F/Valid/algebra_amgm_prod1toneq1_sum1tongeqn.lean,256,false,skipped,
algebra_amgm_sqrtxymulxmyeqxpy_xpygeq4.lean,/srv/luminous-dynamics/symthaea/data/benchmarks/minif2f/MiniF2F/Valid/algebra_amgm_sqrtxymulxmyeqxpy_xpygeq4.lean,258,false,skipped,
algebra_amgm_sumasqdivbsqgeqsumbdiva.lean,/srv/luminous-dynamics/symthaea/data/benchmarks/minif2f/MiniF2F/Valid/algebra_amgm_sumasqdivbsqgeqsumbdiva.lean,266,false,skipped,
algebra_apb4leq8ta4pb4.lean,/srv/luminous-dynamics/symthaea/data/benchmarks/minif2f/MiniF2F/Valid/algebra_apb4leq8ta4pb4.lean,202,false,skipped,
algebra_binomnegdiscrineq_10alt28asqp1.lean,/srv/luminous-dynamics/symthaea/data/benchmarks/minif2f/MiniF2F/Valid/algebra_binomnegdiscrineq_10alt28asqp1.lean,181,false,skipped,
algebra_manipexpr_2erprsqpesqeqnrpnesq.lean,/srv/luminous-dynamics/symthaea/data/benchmarks/minif2f/MiniF2F/Valid/algebra_manipexpr_2erprsqpesqeqnrpnesq.lean,205,false,skipped,
algebra_manipexpr_apbeq2cceqiacpbceqm2.lean,/srv/luminous-dynamics/symthaea/data/benchmarks/minif2f/MiniF2F/Valid/algebra_manipexpr_apbeq2cceqiacpbceqm2.lean,226,false,skipped,
algebra_sqineq_2at2pclta2c2p41pc.lean,/srv/luminous-dynamics/symthaea/data/benchmarks/minif2f/MiniF2F/Valid/algebra_sqineq_2at2pclta2c2p41pc.lean,201,false,skipped,
algebra_sqineq_2unitcircatblt1.lean,/srv/luminous-dynamics/symthaea/data/benchmarks/minif2f/MiniF2F/Valid/algebra_sqineq_2unitcircatblt1.lean,188,false,skipped,
algebra_sqineq_36azm9asqle36zsq.lean,/srv/luminous-dynamics/symthaea/data/benchmarks/minif2f/MiniF2F/Valid/algebra_sqineq_36azm9asqle36zsq.lean,190,false,skipped,
algebra_sqineq_4bap1lt4bsqpap1sq.lean,/srv/luminous-dynamics/symthaea/data/benchmarks/minif2f/MiniF2F/Valid/algebra_sqineq_4bap1lt4bsqpap1sq.lean,195,false,skipped,
algebra_xmysqpymzsqpzmxsqeqxyz_xpypzp6dvdx3y3z3.lean,/srv/luminous-dynamics/symthaea/data/benchmarks/minif2f/MiniF2F/Valid/algebra_xmysqpymzsqpzmxsqeqxyz_xpypzp6dvdx3y3z3.lean,273,false,skipped,
amc12_2000_p11.lean,/srv/luminous-dynamics/symthaea/data/benchmarks/minif2f/MiniF2F/Valid/amc12_2000_p11.lean,215,false,skipped,
amc12_2000_p15.lean,/srv/luminous-dynamics/symthaea/data/benchmarks/minif2f/MiniF2F/Valid/amc12_2000_p15.lean,267,false,skipped,
amc12_2000_p5.lean,/srv/luminous-dynamics/symthaea/data/benchmarks/minif2f/MiniF2F/Valid/amc12_2000_p5.lean,190,false,skipped,
amc12_2001_p2.lean,/srv/luminous-dynamics/symthaea/data/benchmarks/minif2f/MiniF2F/Valid/amc12_2001_p2.lean,251,false,skipped,
amc12_2001_p9.lean,/srv/luminous-dynamics/symthaea/data/benchmarks/minif2f/MiniF2F/Valid/amc12_2001_p9.lean,226,false,skipped,
amc12a_2002_p1.lean,/srv/luminous-dynamics/symthaea/data/benchmarks/minif2f/MiniF2F/Valid/amc12a_2002_p1.lean,288,false,skipped,
amc12a_2002_p12.lean,/srv/luminous-dynamics/symthaea/data/benchmarks/minif2f/MiniF2F/Valid/amc12a_2002_p12.lean,296,false,skipped,
amc12a_2002_p21.lean,/srv/luminous-dynamics/symthaea/data/benchmarks/minif2f/MiniF2F/Valid/amc12a_2002_p21.lean,301,false,skipped,
amc12a_2003_p1.lean,/srv/luminous-dynamics/symthaea/data/benchmarks/minif2f/MiniF2F/Valid/amc12a_2003_p1.lean,288,false,skipped,
amc12a_2003_p24.lean,/srv/luminous-dynamics/symthaea/data/benchmarks/minif2f/MiniF2F/Valid/amc12a_2003_p24.lean,238,false,skipped,
amc12a_2003_p25.lean,/srv/luminous-dynamics/symthaea/data/benchmarks/minif2f/MiniF2F/Valid/amc12a_2003_p25.lean,292,false,skipped,
amc12a_2008_p15.lean,/srv/luminous-dynamics/symthaea/data/benchmarks/minif2f/MiniF2F/Valid/amc12a_2008_p15.lean,190,false,skipped,
amc12a_2008_p2.lean,/srv/luminous-dynamics/symthaea/data/benchmarks/minif2f/MiniF2F/Valid/amc12a_2008_p2.lean,174,false,skipped,
amc12a_2008_p4.lean,/srv/luminous-dynamics/symthaea/data/benchmarks/minif2f/MiniF2F/Valid/amc12a_2008_p4.lean,195,false,skipped,
amc12a_2008_p8.lean,/srv/luminous-dynamics/symthaea/data/benchmarks/minif2f/MiniF2F/Valid/amc12a_2008_p8.lean,240,false,skipped,
amc12a_2009_p15.lean,/srv/luminous-dynamics/symthaea/data/benchmarks/minif2f/MiniF2F/Valid/amc12a_2009_p15.lean,236,false,skipped,
amc12a_2009_p2.lean,/srv/luminous-dynamics/symthaea/data/benchmarks/minif2f/MiniF2F/Valid/amc12a_2009_p2.lean,163,false,skipped,
amc12a_2009_p25.lean,/srv/luminous-dynamics/symthaea/data/benchmarks/minif2f/MiniF2F/Valid/amc12a_2009_p25.lean,289,false,skipped,
amc12a_2009_p5.lean,/srv/luminous-dynamics/symthaea/data/benchmarks/minif2f/MiniF2F/Valid/amc12a_2009_p5.lean,186,false,skipped,
amc12a_2009_p9.lean,/srv/luminous-dynamics/symthaea/data/benchmarks/minif2f/MiniF2F/Valid/amc12a_2009_p9.lean,263,false,skipped,
amc12a_2010_p10.lean,/srv/luminous-dynamics/symthaea/data/benchmarks/minif2f/MiniF2F/Valid/amc12a_2010_p10.lean,308,false,skipped,
amc12a_2010_p11.lean,/srv/luminous-dynamics/symthaea/data/benchmarks/minif2f/MiniF2F/Valid/amc12a_2010_p11.lean,231,false,skipped,
amc12a_2010_p22.lean,/srv/luminous-dynamics/symthaea/data/benchmarks/minif2f/MiniF2F/Valid/amc12a_2010_p22.lean,197,false,skipped,
amc12a_2011_p18.lean,/srv/luminous-dynamics/symthaea/data/benchmarks/minif2f/MiniF2F/Valid/amc12a_2011_p18.lean,203,false,skipped,
amc12a_2013_p7.lean,/srv/luminous-dynamics/symthaea/data/benchmarks/minif2f/MiniF2F/Valid/amc12a_2013_p7.lean,233,false,skipped,
amc12a_2013_p8.lean,/srv/luminous-dynamics/symthaea/data/benchmarks/minif2f/MiniF2F/Valid/amc12a_2013_p8.lean,227,false,skipped,
amc12a_2015_p10.lean,/srv/luminous-dynamics/symthaea/data/benchmarks/minif2f/MiniF2F/Valid/amc12a_2015_p10.lean,199,false,skipped,
amc12a_2016_p2.lean,/srv/luminous-dynamics/symthaea/data/benchmarks/minif2f/MiniF2F/Valid/amc12a_2016_p2.lean,188,false,skipped,
amc12a_2016_p3.lean,/srv/luminous-dynamics/symthaea/data/benchmarks/minif2f/MiniF2F/Valid/amc12a_2016_p3.lean,257,false,skipped,
amc12a_2017_p2.lean,/srv/luminous-dynamics/symthaea/data/benchmarks/minif2f/MiniF2F/Valid/amc12a_2017_p2.lean,216,false,skipped,
amc12a_2017_p7.lean,/srv/luminous-dynamics/symthaea/data/benchmarks/minif2f/MiniF2F/Valid/amc12a_2017_p7.lean,285,false,skipped,
amc12a_2019_p21.lean,/srv/luminous-dynamics/symthaea/data/benchmarks/minif2f/MiniF2F/Valid/amc12a_2019_p21.lean,268,false,skipped,
amc12a_2019_p9.lean,/srv/luminous-dynamics/symthaea/data/benchmarks/minif2f/MiniF2F/Valid/amc12a_2019_p9.lean,287,false,skipped,
amc12a_2020_p13.lean,/srv/luminous-dynamics/symthaea/data/benchmarks/minif2f/MiniF2F/Valid/amc12a_2020_p13.lean,284,false,skipped,
amc12a_2020_p21.lean,/srv/luminous-dynamics/symthaea/data/benchmarks/minif2f/MiniF2F/Valid/amc12a_2020_p21.lean,232,false,skipped,
amc12a_2021_p7.lean,/srv/luminous-dynamics/symthaea/data/benchmarks/minif2f/MiniF2F/Valid/amc12a_2021_p7.lean,169,false,skipped,
amc12b_2002_p11.lean,/srv/luminous-dynamics/symthaea/data/benchmarks/minif2f/MiniF2F/Valid/amc12b_2002_p11.lean,270,false,skipped,
amc12b_2002_p3.lean,/srv/luminous-dynamics/symthaea/data/benchmarks/minif2f/MiniF2F/Valid/amc12b_2002_p3.lean,342,false,skipped,
amc12b_2002_p6.lean,/srv/luminous-dynamics/symthaea/data/benchmarks/minif2f/MiniF2F/Valid/amc12b_2002_p6.lean,235,false,skipped,
amc12b_2003_p17.lean,/srv/luminous-dynamics/symthaea/data/benchmarks/minif2f/MiniF2F/Valid/amc12b_2003_p17.lean,254,false,skipped,
amc12b_2003_p6.lean,/srv/luminous-dynamics/symthaea/data/benchmarks/minif2f/MiniF2F/Valid/amc12b_2003_p6.lean,270,false,skipped,
amc12b_2003_p9.lean,/srv/luminous-dynamics/symthaea/data/benchmarks/minif2f/MiniF2F/Valid/amc12b_2003_p9.lean,227,false,skipped,
amc12b_2004_p3.lean,/srv/luminous-dynamics/symthaea/data/benchmarks/minif2f/MiniF2F/Valid/amc12b_2004_p3.lean,173,false,skipped,
amc12b_2020_p5.lean,/srv/luminous-dynamics/symthaea/data/benchmarks/minif2f/MiniF2F/Valid/amc12b_2020_p5.lean,236,false,skipped,
amc12b_2021_p21.lean,/srv/luminous-dynamics/symthaea/data/benchmarks/minif2f/MiniF2F/Valid/amc12b_2021_p21.lean,296,false,skipped,
imo_1961_p1.lean,/srv/luminous-dynamics/symthaea/data/benchmarks/minif2f/MiniF2F/Valid/imo_1961_p1.lean,357,false,skipped,
imo_1962_p4.lean,/srv/luminous-dynamics/symthaea/data/benchmarks/minif2f/MiniF2F/Valid/imo_1962_p4.lean,407,false,skipped,
imo_1964_p1_1.lean,/srv/luminous-dynamics/symthaea/data/benchmarks/minif2f/MiniF2F/Valid/imo_1964_p1_1.lean,163,false,skipped,
imo_1964_p1_2.lean,/srv/luminous-dynamics/symthaea/data/benchmarks/minif2f/MiniF2F/Valid/imo_1964_p1_2.lean,148,false,skipped,
imo_1965_p1.lean,/srv/luminous-dynamics/symthaea/data/benchmarks/minif2f/MiniF2F/Valid/imo_1965_p1.lean,408,false,skipped,
imo_1966_p4.lean,/srv/luminous-dynamics/symthaea/data/benchmarks/minif2f/MiniF2F/Valid/imo_1966_p4.lean,320,false,skipped,
imo_1966_p5.lean,/srv/luminous-dynamics/symthaea/data/benchmarks/minif2f/MiniF2F/Valid/imo_1966_p5.lean,756,false,skipped,
imo_1967_p3.lean,/srv/luminous-dynamics/symthaea/data/benchmarks/minif2f/MiniF2F/Valid/imo_1967_p3.lean,359,false,skipped,
imo_1973_p3.lean,/srv/luminous-dynamics/symthaea/data/benchmarks/minif2f/MiniF2F/Valid/imo_1973_p3.lean,218,false,skipped,
imo_1974_p5.lean,/srv/luminous-dynamics/symthaea/data/benchmarks/minif2f/MiniF2F/Valid/imo_1974_p5.lean,284,false,skipped,
imo_1977_p5.lean,/srv/luminous-dynamics/symthaea/data/benchmarks/minif2f/MiniF2F/Valid/imo_1977_p5.lean,344,false,skipped,
imo_1978_p5.lean,/srv/luminous-dynamics/symthaea/data/benchmarks/minif2f/MiniF2F/Valid/imo_1978_p5.lean,302,false,skipped,
imo_1979_p1.lean,/srv/luminous-dynamics/symthaea/data/benchmarks/minif2f/MiniF2F/Valid/imo_1979_p1.lean,247,false,skipped,
imo_1984_p2.lean,/srv/luminous-dynamics/symthaea/data/benchmarks/minif2f/MiniF2F/Valid/imo_1984_p2.lean,278,false,skipped,
imo_1987_p4.lean,/srv/luminous-dynamics/symthaea/data/benchmarks/minif2f/MiniF2F/Valid/imo_1987_p4.lean,164,false,skipped,
imo_1987_p6.lean,/srv/luminous-dynamics/symthaea/data/benchmarks/minif2f/MiniF2F/Valid/imo_1987_p6.lean,298,false,skipped,
imo_1988_p6.lean,/srv/luminous-dynamics/symthaea/data/benchmarks/minif2f/MiniF2F/Valid/imo_1988_p6.lean,253,false,skipped,
imo_1990_p3.lean,/srv/luminous-dynamics/symthaea/data/benchmarks/minif2f/MiniF2F/Valid/imo_1990_p3.lean,180,false,skipped,
imo_1993_p5.lean,/srv/luminous-dynamics/symthaea/data/benchmarks/minif2f/MiniF2F/Valid/imo_1993_p5.lean,203,false,skipped,
imo_2006_p3.lean,/srv/luminous-dynamics/symthaea/data/benchmarks/minif2f/MiniF2F/Valid/imo_2006_p3.lean,267,false,skipped,
induction_divisibility_3div2tooddnp1.lean,/srv/luminous-dynamics/symthaea/data/benchmarks/minif2f/MiniF2F/Valid/induction_divisibility_3div2tooddnp1.lean,179,false,skipped,
induction_divisibility_3divnto3m2n.lean,/srv/luminous-dynamics/symthaea/data/benchmarks/minif2f/MiniF2F/Valid/induction_divisibility_3divnto3m2n.lean,171,false,skipped,
induction_divisibility_9div10tonm1.lean,/srv/luminous-dynamics/symthaea/data/benchmarks/minif2f/MiniF2F/Valid/induction_divisibility_9div10tonm1.lean,183,false,skipped,
induction_ineq_nsqlefactn.lean,/srv/luminous-dynamics/symthaea/data/benchmarks/minif2f/MiniF2F/Valid/induction_ineq_nsqlefactn.lean,173,false,skipped,
induction_seq_mul2pnp1.lean,/srv/luminous-dynamics/symthaea/data/benchmarks/minif2f/MiniF2F/Valid/induction_seq_mul2pnp1.lean,250,false,skipped,
induction_sum2kp1npqsqm1.lean,/srv/luminous-dynamics/symthaea/data/benchmarks/minif2f/MiniF2F/Valid/induction_sum2kp1npqsqm1.lean,199,false,skipped,
induction_sum_1oktkp1.lean,/srv/luminous-dynamics/symthaea/data/benchmarks/minif2f/MiniF2F/Valid/induction_sum_1oktkp1.lean,214,false,skipped,
induction_sum_odd.lean,/srv/luminous-dynamics/symthaea/data/benchmarks/minif2f/MiniF2F/Valid/induction_sum_odd.lean,182,false,skipped,
mathd_algebra_10.lean,/srv/luminous-dynamics/symthaea/data/benchmarks/minif2f/MiniF2F/Valid/mathd_algebra_10.lean,174,false,skipped,
mathd_algebra_101.lean,/srv/luminous-dynamics/symthaea/data/benchmarks/minif2f/MiniF2F/Valid/mathd_algebra_101.lean,189,false,skipped,
mathd_algebra_104.lean,/srv/luminous-dynamics/symthaea/data/benchmarks/minif2f/MiniF2F/Valid/mathd_algebra_104.lean,172,false,skipped,
mathd_algebra_109.lean,/srv/luminous-dynamics/symthaea/data/benchmarks/minif2f/MiniF2F/Valid/mathd_algebra_109.lean,185,false,skipped,
mathd_algebra_11.lean,/srv/luminous-dynamics/symthaea/data/benchmarks/minif2f/MiniF2F/Valid/mathd_algebra_11.lean,247,false,skipped,
mathd_algebra_110.lean,/srv/luminous-dynamics/symthaea/data/benchmarks/minif2f/MiniF2F/Valid/mathd_algebra_110.lean,213,false,skipped,
mathd_algebra_116.lean,/srv/luminous-dynamics/symthaea/data/benchmarks/minif2f/MiniF2F/Valid/mathd_algebra_116.lean,225,false,skipped,
mathd_algebra_119.lean,/srv/luminous-dynamics/symthaea/data/benchmarks/minif2f/MiniF2F/Valid/mathd_algebra_119.lean,193,false,skipped,
mathd_algebra_123.lean,/srv/luminous-dynamics/symthaea/data/benchmarks/minif2f/MiniF2F/Valid/mathd_algebra_123.lean,213,false,skipped,
mathd_algebra_126.lean,/srv/luminous-dynamics/symthaea/data/benchmarks/minif2f/MiniF2F/Valid/mathd_algebra_126.lean,202,false,skipped,
mathd_algebra_13.lean,/srv/luminous-dynamics/symthaea/data/benchmarks/minif2f/MiniF2F/Valid/mathd_algebra_13.lean,262,false,skipped,
mathd_algebra_131.lean,/srv/luminous-dynamics/symthaea/data/benchmarks/minif2f/MiniF2F/Valid/mathd_algebra_131.lean,282,false,skipped,
mathd_algebra_132.lean,/srv/luminous-dynamics/symthaea/data/benchmarks/minif2f/MiniF2F/Valid/mathd_algebra_132.lean,250,false,skipped,
mathd_algebra_140.lean,/srv/luminous-dynamics/symthaea/data/benchmarks/minif2f/MiniF2F/Valid/mathd_algebra_140.lean,269,false,skipped,
mathd_algebra_144.lean,/srv/luminous-dynamics/symthaea/data/benchmarks/minif2f/MiniF2F/Valid/mathd_algebra_144.lean,293,false,skipped,
mathd_algebra_149.lean,/srv/luminous-dynamics/symthaea/data/benchmarks/minif2f/MiniF2F/Valid/mathd_algebra_149.lean,299,false,skipped,
mathd_algebra_15.lean,/srv/luminous-dynamics/symthaea/data/benchmarks/minif2f/MiniF2F/Valid/mathd_algebra_15.lean,241,false,skipped,
mathd_algebra_151.lean,/srv/luminous-dynamics/symthaea/data/benchmarks/minif2f/MiniF2F/Valid/mathd_algebra_151.lean,179,false,skipped,
mathd_algebra_159.lean,/srv/luminous-dynamics/symthaea/data/benchmarks/minif2f/MiniF2F/Valid/mathd_algebra_159.lean,246,false,skipped,
mathd_algebra_181.lean,/srv/luminous-dynamics/symthaea/data/benchmarks/minif2f/MiniF2F/Valid/mathd_algebra_181.lean,189,false,skipped,
mathd_algebra_182.lean,/srv/luminous-dynamics/symthaea/data/benchmarks/minif2f/MiniF2F/Valid/mathd_algebra_182.lean,164,false,skipped,
mathd_algebra_185.lean,/srv/luminous-dynamics/symthaea/data/benchmarks/minif2f/MiniF2F/Valid/mathd_algebra_185.lean,243,false,skipped,
mathd_algebra_190.lean,/srv/luminous-dynamics/symthaea/data/benchmarks/minif2f/MiniF2F/Valid/mathd_algebra_190.lean,168,false,skipped,
mathd_algebra_192.lean,/srv/luminous-dynamics/symthaea/data/benchmarks/minif2f/MiniF2F/Valid/mathd_algebra_192.lean,261,false,skipped,
mathd_algebra_206.lean,/srv/luminous-dynamics/symthaea/data/benchmarks/minif2f/MiniF2F/Valid/mathd_algebra_206.lean,268,false,skipped,
mathd_algebra_214.lean,/srv/luminous-dynamics/symthaea/data/benchmarks/minif2f/MiniF2F/Valid/mathd_algebra_214.lean,221,false,skipped,
mathd_algebra_22.lean,/srv/luminous-dynamics/symthaea/data/benchmarks/minif2f/MiniF2F/Valid/mathd_algebra_22.lean,153,false,skipped,
mathd_algebra_224.lean,/srv/luminous-dynamics/symthaea/data/benchmarks/minif2f/MiniF2F/Valid/mathd_algebra_224.lean,228,false,skipped,
mathd_algebra_234.lean,/srv/luminous-dynamics/symthaea/data/benchmarks/minif2f/MiniF2F/Valid/mathd_algebra_234.lean,188,false,skipped,
mathd_algebra_245.lean,/srv/luminous-dynamics/symthaea/data/benchmarks/minif2f/MiniF2F/Valid/mathd_algebra_245.lean,226,false,skipped,
mathd_algebra_247.lean,/srv/luminous-dynamics/symthaea/data/benchmarks/minif2f/MiniF2F/Valid/mathd_algebra_247.lean,224,false,skipped,
mathd_algebra_251.lean,/srv/luminous-dynamics/symthaea/data/benchmarks/minif2f/MiniF2F/Valid/mathd_algebra_251.lean,184,false,skipped,
mathd_algebra_267.lean,/srv/luminous-dynamics/symthaea/data/benchmarks/minif2f/MiniF2F/Valid/mathd_algebra_267.lean,224,false,skipped,
mathd_algebra_28.lean,/srv/luminous-dynamics/symthaea/data/benchmarks/minif2f/MiniF2F/Valid/mathd_algebra_28.lean,236,false,skipped,
mathd_algebra_282.lean,/srv/luminous-dynamics/symthaea/data/benchmarks/minif2f/MiniF2F/Valid/mathd_algebra_282.lean,337,false,skipped,
mathd_algebra_31.lean,/srv/luminous-dynamics/symthaea/data/benchmarks/minif2f/MiniF2F/Valid/mathd_algebra_31.lean,281,false,skipped,
mathd_algebra_323.lean,/srv/luminous-dynamics/symthaea/data/benchmarks/minif2f/MiniF2F/Valid/mathd_algebra_323.lean,203,false,skipped,
mathd_algebra_327.lean,/srv/luminous-dynamics/symthaea/data/benchmarks/minif2f/MiniF2F/Valid/mathd_algebra_327.lean,189,false,skipped,
mathd_algebra_35.lean,/srv/luminous-dynamics/symthaea/data/benchmarks/minif2f/MiniF2F/Valid/mathd_algebra_35.lean,238,false,skipped,
mathd_algebra_37.lean,/srv/luminous-dynamics/symthaea/data/benchmarks/minif2f/MiniF2F/Valid/mathd_algebra_37.lean,198,false,skipped,
mathd_algebra_393.lean,/srv/luminous-dynamics/symthaea/data/benchmarks/minif2f/MiniF2F/Valid/mathd_algebra_393.lean,196,false,skipped,
mathd_algebra_405.lean,/srv/luminous-dynamics/symthaea/data/benchmarks/minif2f/MiniF2F/Valid/mathd_algebra_405.lean,215,false,skipped,
mathd_algebra_410.lean,/srv/luminous-dynamics/symthaea/data/benchmarks/minif2f/MiniF2F/Valid/mathd_algebra_410.lean,176,false,skipped,
mathd_algebra_421.lean,/srv/luminous-dynamics/symthaea/data/benchmarks/minif2f/MiniF2F/Valid/mathd_algebra_421.lean,301,false,skipped,
mathd_algebra_422.lean,/srv/luminous-dynamics/symthaea/data/benchmarks/minif2f/MiniF2F/Valid/mathd_algebra_422.lean,236,false,skipped,
mathd_algebra_43.lean,/srv/luminous-dynamics/symthaea/data/benchmarks/minif2f/MiniF2F/Valid/mathd_algebra_43.lean,229,false,skipped,
mathd_algebra_433.lean,/srv/luminous-dynamics/symthaea/data/benchmarks/minif2f/MiniF2F/Valid/mathd_algebra_433.lean,203,false,skipped,
mathd_algebra_437.lean,/srv/luminous-dynamics/symthaea/data/benchmarks/minif2f/MiniF2F/Valid/mathd_algebra_437.lean,231,false,skipped,
mathd_algebra_451.lean,/srv/luminous-dynamics/symthaea/data/benchmarks/minif2f/MiniF2F/Valid/mathd_algebra_451.lean,252,false,skipped,
mathd_algebra_455.lean,/srv/luminous-dynamics/symthaea/data/benchmarks/minif2f/MiniF2F/Valid/mathd_algebra_455.lean,178,false,skipped,
mathd_algebra_462.lean,/srv/luminous-dynamics/symthaea/data/benchmarks/minif2f/MiniF2F/Valid/mathd_algebra_462.lean,175,false,skipped,
mathd_algebra_48.lean,/srv/luminous-dynamics/symthaea/data/benchmarks/minif2f/MiniF2F/Valid/mathd_algebra_48.lean,211,false,skipped,
mathd_algebra_480.lean,/srv/luminous-dynamics/symthaea/data/benchmarks/minif2f/MiniF2F/Valid/mathd_algebra_480.lean,276,false,skipped,
mathd_algebra_482.lean,/srv/luminous-dynamics/symthaea/data/benchmarks/minif2f/MiniF2F/Valid/mathd_algebra_482.lean,307,false,skipped,
mathd_algebra_493.lean,/srv/luminous-dynamics/symthaea/data/benchmarks/minif2f/MiniF2F/Valid/mathd_algebra_493.lean,209,false,skipped,
mathd_algebra_509.lean,/srv/luminous-dynamics/symthaea/data/benchmarks/minif2f/MiniF2F/Valid/mathd_algebra_509.lean,215,false,skipped,
mathd_algebra_51.lean,/srv/luminous-dynamics/symthaea/data/benchmarks/minif2f/MiniF2F/Valid/mathd_algebra_51.lean,218,false,skipped,
mathd_algebra_510.lean,/srv/luminous-dynamics/symthaea/data/benchmarks/minif2f/MiniF2F/Valid/mathd_algebra_510.lean,209,false,skipped,
mathd_algebra_536.lean,/srv/luminous-dynamics/symthaea/data/benchmarks/minif2f/MiniF2F/Valid/mathd_algebra_536.lean,179,false,skipped,
mathd_algebra_547.lean,/srv/luminous-dynamics/symthaea/data/benchmarks/minif2f/MiniF2F/Valid/mathd_algebra_547.lean,197,false,skipped,
mathd_algebra_55.lean,/srv/luminous-dynamics/symthaea/data/benchmarks/minif2f/MiniF2F/Valid/mathd_algebra_55.lean,236,false,skipped,
mathd_algebra_568.lean,/srv/luminous-dynamics/symthaea/data/benchmarks/minif2f/MiniF2F/Valid/mathd_algebra_568.lean,202,false,skipped,
mathd_algebra_59.lean,/srv/luminous-dynamics/symthaea/data/benchmarks/minif2f/MiniF2F/Valid/mathd_algebra_59.lean,175,false,skipped,
mathd_algebra_616.lean,/srv/luminous-dynamics/symthaea/data/benchmarks/minif2f/MiniF2F/Valid/mathd_algebra_616.lean,228,false,skipped,
mathd_algebra_67.lean,/srv/luminous-dynamics/symthaea/data/benchmarks/minif2f/MiniF2F/Valid/mathd_algebra_67.lean,226,false,skipped,
mathd_algebra_69.lean,/srv/luminous-dynamics/symthaea/data/benchmarks/minif2f/MiniF2F/Valid/mathd_algebra_69.lean,222,false,skipped,
mathd_algebra_73.lean,/srv/luminous-dynamics/symthaea/data/benchmarks/minif2f/MiniF2F/Valid/mathd_algebra_73.lean,219,false,skipped,
mathd_algebra_77.lean,/srv/luminous-dynamics/symthaea/data/benchmarks/minif2f/MiniF2F/Valid/mathd_algebra_77.lean,292,false,skipped,
mathd_algebra_89.lean,/srv/luminous-dynamics/symthaea/data/benchmarks/minif2f/MiniF2F/Valid/mathd_algebra_89.lean,207,false,skipped,
mathd_algebra_96.lean,/srv/luminous-dynamics/symthaea/data/benchmarks/minif2f/MiniF2F/Valid/mathd_algebra_96.lean,298,false,skipped,
mathd_numbertheory_101.lean,/srv/luminous-dynamics/symthaea/data/benchmarks/minif2f/MiniF2F/Valid/mathd_numbertheory_101.lean,145,false,skipped,
mathd_numbertheory_102.lean,/srv/luminous-dynamics/symthaea/data/benchmarks/minif2f/MiniF2F/Valid/mathd_numbertheory_102.lean,143,false,skipped,
mathd_numbertheory_109.lean,/srv/luminous-dynamics/symthaea/data/benchmarks/minif2f/MiniF2F/Valid/mathd_numbertheory_109.lean,223,false,skipped,
mathd_numbertheory_110.lean,/srv/luminous-dynamics/symthaea/data/benchmarks/minif2f/MiniF2F/Valid/mathd_numbertheory_110.lean,253,false,skipped,
mathd_numbertheory_126.lean,/srv/luminous-dynamics/symthaea/data/benchmarks/minif2f/MiniF2F/Valid/mathd_numbertheory_126.lean,338,false,skipped,
mathd_numbertheory_13.lean,/srv/luminous-dynamics/symthaea/data/benchmarks/minif2f/MiniF2F/Valid/mathd_numbertheory_13.lean,293,false,skipped,
mathd_numbertheory_132.lean,/srv/luminous-dynamics/symthaea/data/benchmarks/minif2f/MiniF2F/Valid/mathd_numbertheory_132.lean,143,false,skipped,
mathd_numbertheory_136.lean,/srv/luminous-dynamics/symthaea/data/benchmarks/minif2f/MiniF2F/Valid/mathd_numbertheory_136.lean,177,false,skipped,
mathd_numbertheory_149.lean,/srv/luminous-dynamics/symthaea/data/benchmarks/minif2f/MiniF2F/Valid/mathd_numbertheory_149.lean,218,false,skipped,
mathd_numbertheory_155.lean,/srv/luminous-dynamics/symthaea/data/benchmarks/minif2f/MiniF2F/Valid/mathd_numbertheory_155.lean,207,false,skipped,
mathd_numbertheory_156.lean,/srv/luminous-dynamics/symthaea/data/benchmarks/minif2f/MiniF2F/Valid/mathd_numbertheory_156.lean,189,false,skipped,
mathd_numbertheory_169.lean,/srv/luminous-dynamics/symthaea/data/benchmarks/minif2f/MiniF2F/Valid/mathd_numbertheory_169.lean,156,false,skipped,
mathd_numbertheory_188.lean,/srv/luminous-dynamics/symthaea/data/benchmarks/minif2f/MiniF2F/Valid/mathd_numbertheory_188.lean,150,false,skipped,
mathd_numbertheory_198.lean,/srv/luminous-dynamics/symthaea/data/benchmarks/minif2f/MiniF2F/Valid/mathd_numbertheory_198.lean,149,false,skipped,
mathd_numbertheory_200.lean,/srv/luminous-dynamics/symthaea/data/benchmarks/minif2f/MiniF2F/Valid/mathd_numbertheory_200.lean,142,false,skipped,
mathd_numbertheory_202.lean,/srv/luminous-dynamics/symthaea/data/benchmarks/minif2f/MiniF2F/Valid/mathd_numbertheory_202.lean,158,false,skipped,
mathd_numbertheory_211.lean,/srv/luminous-dynamics/symthaea/data/benchmarks/minif2f/MiniF2F/Valid/mathd_numbertheory_211.lean,220,false,skipped,
mathd_numbertheory_22.lean,/srv/luminous-dynamics/symthaea/data/benchmarks/minif2f/MiniF2F/Valid/mathd_numbertheory_22.lean,240,false,skipped,
mathd_numbertheory_221.lean,/srv/luminous-dynamics/symthaea/data/benchmarks/minif2f/MiniF2F/Valid/mathd_numbertheory_221.lean,237,false,skipped,
mathd_numbertheory_232.lean,/srv/luminous-dynamics/symthaea/data/benchmarks/minif2f/MiniF2F/Valid/mathd_numbertheory_232.lean,222,false,skipped,
mathd_numbertheory_236.lean,/srv/luminous-dynamics/symthaea/data/benchmarks/minif2f/MiniF2F/Valid/mathd_numbertheory_236.lean,149,false,skipped,
mathd_numbertheory_24.lean,/srv/luminous-dynamics/symthaea/data/benchmarks/minif2f/MiniF2F/Valid/mathd_numbertheory_24.lean,174,false,skipped,
mathd_numbertheory_252.lean,/srv/luminous-dynamics/symthaea/data/benchmarks/minif2f/MiniF2F/Valid/mathd_numbertheory_252.lean,141,false,skipped,
mathd_numbertheory_257.lean,/srv/luminous-dynamics/symthaea/data/benchmarks/minif2f/MiniF2F/Valid/mathd_numbertheory_257.lean,233,false,skipped,
mathd_numbertheory_269.lean,/srv/luminous-dynamics/symthaea/data/benchmarks/minif2f/MiniF2F/Valid/mathd_numbertheory_269.lean,184,false,skipped,
mathd_numbertheory_284.lean,/srv/luminous-dynamics/symthaea/data/benchmarks/minif2f/MiniF2F/Valid/mathd_numbertheory_284.lean,234,false,skipped,
mathd_numbertheory_30.lean,/srv/luminous-dynamics/symthaea/data/benchmarks/minif2f/MiniF2F/Valid/mathd_numbertheory_30.lean,199,false,skipped,
mathd_numbertheory_301.lean,/srv/luminous-dynamics/symthaea/data/benchmarks/minif2f/MiniF2F/Valid/mathd_numbertheory_301.lean,181,false,skipped,
mathd_numbertheory_303.lean,/srv/luminous-dynamics/symthaea/data/benchmarks/minif2f/MiniF2F/Valid/mathd_numbertheory_303.lean,259,false,skipped,
mathd_numbertheory_32.lean,/srv/luminous-dynamics/symthaea/data/benchmarks/minif2f/MiniF2F/Valid/mathd_numbertheory_32.lean,210,false,skipped,
mathd_numbertheory_326.lean,/srv/luminous-dynamics/symthaea/data/benchmarks/minif2f/MiniF2F/Valid/mathd_numbertheory_326.lean,188,false,skipped,
mathd_numbertheory_33.lean,/srv/luminous-dynamics/symthaea/data/benchmarks/minif2f/MiniF2F/Valid/mathd_numbertheory_33.lean,187,false,skipped,
mathd_numbertheory_335.lean,/srv/luminous-dynamics/symthaea/data/benchmarks/minif2f/MiniF2F/Valid/mathd_numbertheory_335.lean,172,false,skipped,
mathd_numbertheory_35.lean,/srv/luminous-dynamics/symthaea/data/benchmarks/minif2f/MiniF2F/Valid/mathd_numbertheory_35.lean,224,false,skipped,
mathd_numbertheory_37.lean,/srv/luminous-dynamics/symthaea/data/benchmarks/minif2f/MiniF2F/Valid/mathd_numbertheory_37.lean,159,false,skipped,
mathd_numbertheory_370.lean,/srv/luminous-dynamics/symthaea/data/benchmarks/minif2f/MiniF2F/Valid/mathd_numbertheory_370.lean,178,false,skipped,
mathd_numbertheory_403.lean,/srv/luminous-dynamics/symthaea/data/benchmarks/minif2f/MiniF2F/Valid/mathd_numbertheory_403.lean,173,false,skipped,
mathd_numbertheory_405.lean,/srv/luminous-dynamics/symthaea/data/benchmarks/minif2f/MiniF2F/Valid/mathd_numbertheory_405.lean,353,false,skipped,
mathd_numbertheory_412.lean,/srv/luminous-dynamics/symthaea/data/benchmarks/minif2f/MiniF2F/Valid/mathd_numbertheory_412.lean,219,false,skipped,
mathd_numbertheory_42.lean,/srv/luminous-dynamics/symthaea/data/benchmarks/minif2f/MiniF2F/Valid/mathd_numbertheory_42.lean,280,false,skipped,
mathd_numbertheory_43.lean,/srv/luminous-dynamics/symthaea/data/benchmarks/minif2f/MiniF2F/Valid/mathd_numbertheory_43.lean,173,false,skipped,
mathd_numbertheory_45.lean,/srv/luminous-dynamics/symthaea/data/benchmarks/minif2f/MiniF2F/Valid/mathd_numbertheory_45.lean,155,false,skipped,
mathd_numbertheory_458.lean,/srv/luminous-dynamics/symthaea/data/benchmarks/minif2f/MiniF2F/Valid/mathd_numbertheory_458.lean,168,false,skipped,
mathd_numbertheory_461.lean,/srv/luminous-dynamics/symthaea/data/benchmarks/minif2f/MiniF2F/Valid/mathd_numbertheory_461.lean,242,false,skipped,
mathd_numbertheory_466.lean,/srv/luminous-dynamics/symthaea/data/benchmarks/minif2f/MiniF2F/Valid/mathd_numbertheory_466.lean,168,false,skipped,
mathd_numbertheory_48.lean,/srv/luminous-dynamics/symthaea/data/benchmarks/minif2f/MiniF2F/Valid/mathd_numbertheory_48.lean,195,false,skipped,
mathd_numbertheory_530.lean,/srv/luminous-dynamics/symthaea/data/benchmarks/minif2f/MiniF2F/Valid/mathd_numbertheory_530.lean,255,false,skipped,
mathd_numbertheory_543.lean,/srv/luminous-dynamics/symthaea/data/benchmarks/minif2f/MiniF2F/Valid/mathd_numbertheory_543.lean,176,false,skipped,
mathd_numbertheory_629.lean,/srv/luminous-dynamics/symthaea/data/benchmarks/minif2f/MiniF2F/Valid/mathd_numbertheory_629.lean,196,false,skipped,
mathd_numbertheory_64.lean,/srv/luminous-dynamics/symthaea/data/benchmarks/minif2f/MiniF2F/Valid/mathd_numbertheory_64.lean,176,false,skipped,
mathd_numbertheory_640.lean,/srv/luminous-dynamics/symthaea/data/benchmarks/minif2f/MiniF2F/Valid/mathd_numbertheory_640.lean,169,false,skipped,
mathd_numbertheory_668.lean,/srv/luminous-dynamics/symthaea/data/benchmarks/minif2f/MiniF2F/Valid/mathd_numbertheory_668.lean,211,false,skipped,
mathd_numbertheory_690.lean,/srv/luminous-dynamics/symthaea/data/benchmarks/minif2f/MiniF2F/Valid/mathd_numbertheory_690.lean,245,false,skipped,
mathd_numbertheory_709.lean,/srv/luminous-dynamics/symthaea/data/benchmarks/minif2f/MiniF2F/Valid/mathd_numbertheory_709.lean,294,false,skipped,
mathd_numbertheory_739.lean,/srv/luminous-dynamics/symthaea/data/benchmarks/minif2f/MiniF2F/Valid/mathd_numbertheory_739.lean,141,false,skipped,
mathd_numbertheory_780.lean,/srv/luminous-dynamics/symthaea/data/benchmarks/minif2f/MiniF2F/Valid/mathd_numbertheory_780.lean,250,false,skipped,
mathd_numbertheory_81.lean,/srv/luminous-dynamics/symthaea/data/benchmarks/minif2f/MiniF2F/Valid/mathd_numbertheory_81.lean,139,false,skipped,
mathd_numbertheory_84.lean,/srv/luminous-dynamics/symthaea/data/benchmarks/minif2f/MiniF2F/Valid/mathd_numbertheory_84.lean,166,false,skipped,
mathd_numbertheory_92.lean,/srv/luminous-dynamics/symthaea/data/benchmarks/minif2f/MiniF2F/Valid/mathd_numbertheory_92.lean,173,false,skipped,
mathd_numbertheory_961.lean,/srv/luminous-dynamics/symthaea/data/benchmarks/minif2f/MiniF2F/Valid/mathd_numbertheory_961.lean,143,false,skipped,
numbertheory_2dvd4expn.lean,/srv/luminous-dynamics/symthaea/data/benchmarks/minif2f/MiniF2F/Valid/numbertheory_2dvd4expn.lean,168,false,skipped,
numbertheory_aneqprodakp4_anmsqrtanp1eq2.lean,/srv/luminous-dynamics/symthaea/data/benchmarks/minif2f/MiniF2F/Valid/numbertheory_aneqprodakp4_anmsqrtanp1eq2.lean,301,false,skipped,
numbertheory_nckeqnm1ckpnm1ckm1.lean,/srv/luminous-dynamics/symthaea/data/benchmarks/minif2f/MiniF2F/Valid/numbertheory_nckeqnm1ckpnm1ckm1.lean,261,false,skipped,
numbertheory_prmdvsneqnsqmodpeq0.lean,/srv/luminous-dynamics/symthaea/data/benchmarks/minif2f/MiniF2F/Valid/numbertheory_prmdvsneqnsqmodpeq0.lean,211,false,skipped,
numbertheory_sqmod3in01d.lean,/srv/luminous-dynamics/symthaea/data/benchmarks/minif2f/MiniF2F/Valid/numbertheory_sqmod3in01d.lean,173,false,skipped,
numbertheory_sqmod4in01d.lean,/srv/luminous-dynamics/symthaea/data/benchmarks/minif2f/MiniF2F/Valid/numbertheory_sqmod4in01d.lean,173,false,skipped,
numbertheory_sumkmulnckeqnmul2pownm1.lean,/srv/luminous-dynamics/symthaea/data/benchmarks/minif2f/MiniF2F/Valid/numbertheory_sumkmulnckeqnmul2pownm1.lean,235,false,skipped,
numbertheory_xsqpysqintdenomeq.lean,/srv/luminous-dynamics/symthaea/data/benchmarks/minif2f/MiniF2F/Valid/numbertheory_xsqpysqintdenomeq.lean,196,false,skipped,
Valid.lean,/srv/luminous-dynamics/symthaea/data/benchmarks/minif2f/MiniF2F/Valid.lean,10040,false,skipped,
