reactants	product	scaffold	split
O=C1OC(=O)C2C3C=CC(C3)C12	O=C1OC(=O)C2C3CCC(C3)C12	O=C1OC(=O)C2C3CCC(C3)C12	dev
O=C1C=CC(=O)c2ccccc21	O=C1CCC(=O)c2ccccc21	O=C1CCC(=O)c2ccccc21	holdout
COC(=O)C1=Cc2cccc3ccn(c23)C1	COC(=O)C1Cc2cccc3ccn(c23)C1	c1cc2c3c(c1)ccn3CCC2	holdout
CC(=O)N(C1=CC(C)N(Cc2ccccc2)c2ccccc21)c1ccccc1	CC(=O)N(c1ccccc1)C1CC(C)N(Cc2ccccc2)c2ccccc21	c1ccc(CN2CCC(Nc3ccccc3)c3ccccc32)cc1	validation
COc1ccc2c(c1Cl)C/C(=C\c1ccc(SC(F)(F)F)cc1)C2=O	COc1ccc2c(c1Cl)CC(Cc1ccc(SC(F)(F)F)cc1)C2=O	O=C1c2ccccc2CC1Cc1ccccc1	dev
C=CCC(C#N)(CC=C)c1cccc(C)c1	Cc1cccc(C2(C#N)CC=CC2)c1	C1=CCC(c2ccccc2)C1	dev
O=C(N1CC=C(c2cnc(-c3ccc4c(c3)CC3CCC(C4)C34CN(CC(F)(F)F)S(=O)(=O)N4)s2)CC1)C(F)(F)F	O=C(N1CCC(c2cnc(-c3ccc4c(c3)CC3CCC(C4)C34CN(CC(F)(F)F)S(=O)(=O)N4)s2)CC1)C(F)(F)F	O=S1(=O)NCC2(N1)C1CCC2Cc2cc(-c3ncc(C4CCNCC4)s3)ccc2C1	validation
C=C(C)c1cccc(C(=O)OCC)n1	CCOC(=O)c1cccc(C(C)C)n1	c1ccncc1	dev
CCOC(=O)/C=C/c1cn(-c2ccc(Cl)cn2)nc1C(C)C	CCOC(=O)CCc1cn(-c2ccc(Cl)cn2)nc1C(C)C	c1ccc(-n2cccn2)nc1	validation
O=C1CCCN1CC#CCN1CCCC1	O=C1CCCN1CCCCN1CCCC1	O=C1CCCN1CCCCN1CCCC1	dev
CCCCCC(=CCCCCCCCN(C)C)CCCCC	CCCCCC(CCCCC)CCCCCCCCN(C)C	CCCCCC(CCCCC)CCCCCCCCN(C)C	dev
CCOC(=O)C(=CN[C@@H](C(C)C)C(C)(C)O[SiH2]C(C)(C)C)C(=O)c1cc(Cc2cccc(Cl)c2F)nc(Cl)c1Cl	CCOC(=O)c1cn([C@@H](C(C)C)C(C)(C)O[SiH2]C(C)(C)C)c2c(Cl)nc(Cc3cccc(Cl)c3F)cc2c1=O	O=c1cc[nH]c2cnc(Cc3ccccc3)cc12	dev
CCOC(=O)/C=C/c1cc(C(C)C)nn1Cc1ccc(C(F)(F)F)cc1Cl	CCOC(=O)CCc1cc(C(C)C)nn1Cc1ccc(C(F)(F)F)cc1Cl	c1ccc(Cn2cccn2)cc1	holdout
O=C(C=Cc1ccccc1)c1cc(Cl)ccc1O	O=C1CC(c2ccccc2)Oc2ccc(Cl)cc21	O=C1CC(c2ccccc2)Oc2ccccc21	validation
CC[C@]12CCC3=C(CCc4cc(O)ccc43)C1=CC[C@@H]2O	CC[C@]12CCC3=C(CCc4cc(O)ccc43)[C@@H]1CC[C@@H]2O	c1ccc2c(c1)CCC1=C2CCC2CCC[C@@H]12	holdout
O=[N+]([O-])C=Cc1ccc2c(c1)c1cc(Cl)cnc1n2S(=O)(=O)c1ccccc1	O=[N+]([O-])CCc1ccc2c(c1)c1cc(Cl)cnc1n2S(=O)(=O)c1ccccc1	O=S(=O)(c1ccccc1)n1c2ccccc2c2cccnc21	holdout
CC1(C)O[C@H]2[C@H](n3cnc4c(N)ncc(F)c43)C(F)=C[C@H]2O1	CC1(C)O[C@H]2[C@H](n3cnc4c(N)ncc(F)c43)C(F)C[C@H]2O1	c1cc2c(cn1)ncn2[C@@H]1CC[C@H]2OCO[C@@H]12	dev
C=CCc1cccc2c1CCC2=O	CCCc1cccc2c1CCC2=O	O=C1CCc2ccccc21	validation
C(=C1c2ccccc2Sc2ccccc21)c1ccccc1	c1ccc(CC2c3ccccc3Sc3ccccc32)cc1	c1ccc(CC2c3ccccc3Sc3ccccc32)cc1	dev
COC(=O)c1cc(C2=CCN(C(=O)OC(C)(C)C)CC2)ccc1F	COC(=O)c1cc(C2CCN(C(=O)OC(C)(C)C)CC2)ccc1F	c1ccc(C2CCNCC2)cc1	validation
CC(C)(C)OC(=O)N1CCC(=Cc2cccc(Oc3ccc(Br)cn3)c2)CC1	O=C(O)C(F)(F)F	O=C(O)C(F)(F)F	dev
CC(C)(C)OC(=O)C=Cc1cccc(Br)c1	CC(C)(C)OC(=O)CCc1cccc(Br)c1	c1ccccc1	validation
CCC(=CCO[C@@H]1CCC[C@H](OCc2nc(-c3ccc(F)cc3)oc2C)C1)C(=O)O	CCC(CCO[C@@H]1CCC[C@H](OCc2nc(-c3ccc(F)cc3)oc2C)C1)C(=O)O	c1ccc(-c2nc(COC3CCCCC3)co2)cc1	validation
Cc1ccc(C(=O)NC2CC2)cc1-c1ccc2c(C3=CCN(C)CC3)nncc2c1	Cc1ccc(C(=O)NC2CC2)cc1-c1ccc2c(C3CCN(C)CC3)nncc2c1	O=C(NC1CC1)c1cccc(-c2ccc3c(C4CCNCC4)nncc3c2)c1	dev
CC/C=C/[C@@H](CC(=O)OC)c1cccc(O)c1	CCCC[C@H](CC(=O)OC)c1cccc(O)c1	c1ccccc1	validation
CCOC(=O)c1cn(C2CC2)c2c(C#CC[C@@H]3CCCN3C(=O)OC(C)(C)C)c(F)c(F)cc2c1=O	CCOC(=O)c1cn(C2CC2)c2c(CCC[C@@H]3CCCN3C(=O)OC(C)(C)C)c(F)c(F)cc2c1=O	O=c1ccn(C2CC2)c2c(CCC[C@@H]3CCCN3)cccc12	dev
CCCCCCc1cccc(-c2nc(C#CCO)c(C(=O)N3CCC(N4CCCC4)CC3)n2C)c1	CCCCCCc1cccc(-c2nc(CCCO)c(C(=O)N3CCC(N4CCCC4)CC3)n2C)c1	O=C(c1cnc(-c2ccccc2)[nH]1)N1CCC(N2CCCC2)CC1	validation
C=CC(F)(F)[C@]1(O)CC[C@H]2[C@@H]3CCC4=CC(=O)CCC4=C3[C@@H](c3ccc(C(C)=O)cc3)C[C@@]21C	CCC(F)(F)[C@]1(O)CC[C@H]2[C@@H]3CCC4=CC(=O)CCC4=C3[C@@H](c3ccc(C(C)=O)cc3)C[C@@]21C	O=C1C=C2CC[C@@H]3C(=C2CC1)[C@@H](c1ccccc1)CC1CCC[C@H]13	dev
CCCCC(CC)C(O)C=CC1CCC(O)C1CCCCCCC(=O)O	CCCCC(CC)C(O)CCC1CCC(O)C1CCCCCCC(=O)O	C1CCCC1	validation
CCOC(=O)/C=C/c1cc(OC)ncc1C(=O)OC	CCOC(=O)CCc1cc(OC)ncc1C(=O)OC	c1ccncc1	dev
COC(=O)/C=C(\C)NC(C)=O	COC(=O)C[C@H](C)NC(C)=O	COC(=O)C[C@H](C)NC(C)=O	dev
CC1=C2C=c3c(cnn3CC(C)N=[N+]=[N-])=C2CC=C1	O=C(O)/C=C/C(=O)O	O=C(O)/C=C/C(=O)O	holdout
C=CCC(CC=C)OC(=O)c1ccccc1	O=C(OC1CC=CC1)c1ccccc1	O=C(OC1CC=CC1)c1ccccc1	holdout
CC(=O)C=CC(C)(C)OC(C)C1CCCC(C)(C)C1	CC(=O)CCC(C)(C)OC(C)C1CCCC(C)(C)C1	C1CCCCC1	validation
CN1C(=O)C(c2ccc(OS(C)(=O)=O)cc2)(c2ccc(F)c(C3=CCCCC3)c2)N=C1N	CN1C(=O)C(c2ccc(OS(C)(=O)=O)cc2)(c2ccc(F)c(C3CCCCC3)c2)N=C1N	O=C1NC=NC1(c1ccccc1)c1cccc(C2CCCCC2)c1	validation
CCOC(=O)/C(C)=C/[C@@H](Cc1ccc(-c2cccc(Cl)c2)cc1)NC(=O)OC(C)(C)C	CCOC(=O)[C@@H](C)CC(Cc1ccc(-c2cccc(Cl)c2)cc1)NC(=O)OC(C)(C)C	c1ccc(-c2ccccc2)cc1	dev
C=Cc1cc(OCC)ccc1Cn1c(C)nc2c(C)cc(OCCCC(=O)OCC)cc21	CCOC(=O)CCCOc1cc(C)c2nc(C)n(Cc3ccc(OCC)cc3CC)c2c1	c1ccc(Cn2cnc3ccccc32)cc1	dev
CC#Cc1cc(Cl)cnc1N	Cc1cc2cc(Cl)cnc2[nH]1	c1cnc2[nH]ccc2c1	validation
COC(=O)C1=CC[C@H](NC(=O)OC(C)(C)C)C1	COC(=O)[C@H]1CC[C@H](NC(=O)OC(C)(C)C)C1	C1CCCC1	validation
Cc1cc(=O)n(CC2OCCO2)c2cc(C3=CCCCC3)ccc12	Cc1cc(=O)n(CC2OCCO2)c2cc(C3CCCCC3)ccc12	O=c1ccc2ccc(C3CCCCC3)cc2n1CC1OCCO1	validation
C=C(C)c1ccc(Br)cc1	CC(C)c1ccc(Br)cc1	c1ccccc1	validation
COC(=O)c1ncc2c(cc(C#Cc3ccccc3)c(=O)n2Cc2ccccc2)c1O	COC(=O)c1ncc2c(cc(CCc3ccccc3)c(=O)n2Cc2ccccc2)c1O	O=c1c(CCc2ccccc2)cc2ccncc2n1Cc1ccccc1	validation
CCNC(=O)Nc1ncnc2c1ncn2C1OC(C=CC(=O)OC)C2OC(C=Cc3ccccc3)OC21	CCNC(=O)Nc1ncnc2c1ncn2C1OC(CCC(=O)OC)C2OC(C=Cc3ccccc3)OC21	C(=CC1OC2COC(n3cnc4cncnc43)C2O1)c1ccccc1	validation
C[C@]12CC[C@H]3[C@@H](CC=C4C[C@@H](O)CC[C@@]43CO)[C@@H]1CCC2=O	C[C@]12CC[C@H]3[C@@H](CC[C@H]4C[C@@H](O)CC[C@@]43CO)[C@@H]1CCC2=O	O=C1CC[C@@H]2C1CC[C@@H]1C3CCCC[C@@H]3CC[C@@H]21	validation
CCC[C@@H](C)[C@@H](C)/C(=C/C(=O)OCC)NC(C)=O	CCC[C@@H](C)[C@@H](C)[C@@H](CC(=O)OCC)NC(C)=O	CCC[C@@H](C)[C@@H](C)[C@@H](CC(=O)OCC)NC(C)=O	holdout
CC(C)(C)OC(=O)N1CCC(n2cc(Nc3ncc(C(F)(F)F)c(C#Cc4ccccc4C4(C(N)=O)CC4)n3)cn2)CC1	CC(C)(C)OC(=O)N1CCC(n2cc(Nc3ncc(C(F)(F)F)c(CCc4ccccc4C4(C(N)=O)CC4)n3)cn2)CC1	c1ccc(C2CC2)c(CCc2ccnc(Nc3cnn(C4CCNCC4)c3)n2)c1	holdout
C=Cn1c(-c2cc(NC(C)=O)ncc2Br)nc(-c2ccc(Cl)cc2Cl)c1C(=O)OC	COC(=O)c1c(-c2ccc(Cl)cc2Cl)nc2c3cc(NC(C)=O)ncc3ccn12	c1ccc(-c2cn3ccc4cnccc4c3n2)cc1	holdout
CC(=O)NCC=C1CCc2c(F)cc3nn(C)cc3c21	CC(=O)NCCC1CCc2c(F)cc3nn(C)cc3c21	c1cc2n[nH]cc2c2c1CCC2	holdout
C(=C1CCC2(CC1)OCCO2)c1ccccc1	c1ccc(CC2CCC3(CC2)OCCO3)cc1	c1ccc(CC2CCC3(CC2)OCCO3)cc1	dev
Cc1ccc(S(=O)(=O)N2CCC3(C=Cc4ccccc43)CC2)cc1	Cc1ccc(S(=O)(=O)N2CCC3(CCc4ccccc43)CC2)cc1	O=S(=O)(c1ccccc1)N1CCC2(CCc3ccccc32)CC1	dev
COCC#Cc1nc(N2CCOCC2)cc(C)c1C(=O)OC	COCCCc1nc(N2CCOCC2)cc(C)c1C(=O)OC	c1ccc(N2CCOCC2)nc1	dev
CCCCCS(=O)(=O)NC(=O)/C=C/c1ccc(OCCOC)cc1OCC1CCCO1	CCCCCS(=O)(=O)NC(=O)CCc1ccc(OCCOC)cc1OCC1CCCO1	c1ccc(OCC2CCCO2)cc1	dev
Cc1cc(C)n2nc(C=Cc3nc(N(C)C4CC4)nn3C)nc2n1	Cc1cc(C)n2nc(CCc3nc(N(C)C4CC4)nn3C)nc2n1	c1cnc2nc(CCc3nc(NC4CC4)n[nH]3)nn2c1	holdout
O=C(O)C(O)=Cc1cccc([N+](=O)[O-])c1	O=C(O)C(O)Cc1cccc([N+](=O)[O-])c1	c1ccccc1	validation
FC(F)(F)c1nnc2n1N=C(N1CC=C(c3c[nH]c4ccccc34)CC1)CC2	FC(F)(F)c1nnc2n1N=C(N1CCC(c3c[nH]c4ccccc34)CC1)CC2	c1ccc2c(C3CCN(C4=Nn5cnnc5CC4)CC3)c[nH]c2c1	dev
C=CC[C@H](C)[C@H](CCCC(=O)O[C@H](CC=C)[C@@H](C)COS(=O)(=O)c1ccc(C)cc1)O[Si](C)(C)C(C)(C)C	Cc1ccc(S(=O)(=O)OCC(C)[C@H]2CC=CC[C@H](C)[C@@H](O[Si](C)(C)C(C)(C)C)CCCC(=O)O2)cc1	O=C1CCCCCCC=CC[C@H](CCOS(=O)(=O)c2ccccc2)O1	holdout
NCC/C=C\c1cccc(Cl)c1	NCCCCc1cccc(Cl)c1	c1ccccc1	validation
C/C(=C\c1ccc(Br)cc1Cl)[N+](=O)[O-]	CC(Cc1ccc(Br)cc1Cl)[N+](=O)[O-]	c1ccccc1	validation
O=[N+]([O-])/C=C/c1ccc(Br)cc1	O=[N+]([O-])CCc1ccc(Br)cc1	c1ccccc1	validation
O=[N+]([O-])/C=C/c1ccc(CCC2CCCO2)cc1	O=[N+]([O-])CCc1ccc(CCC2CCCO2)cc1	c1ccc(CCC2CCCO2)cc1	dev
CCOC1=C2C=c3c(cnn3CC(C)N=[N+]=[N-])=C2CC=C1	O=C(O)/C=C/C(=O)O	O=C(O)/C=C/C(=O)O	holdout
CCOC(=O)C=CC(Cc1ccc2ccccc2c1)N(C)C(=O)c1cc(C(F)(F)F)cc(C(F)(F)F)c1	CCOC(=O)CCC(Cc1ccc2ccccc2c1)N(C)C(=O)c1cc(C(F)(F)F)cc(C(F)(F)F)c1	O=C(NCCc1ccc2ccccc2c1)c1ccccc1	holdout
Cc1cc(Nc2nccc(C(F)(F)F)n2)cc(-c2cnc(C3=CCSCC3)s2)c1	Cc1cc(Nc2nccc(C(F)(F)F)n2)cc(-c2cnc(C3CCSCC3)s2)c1	c1cnc(Nc2cccc(-c3cnc(C4CCSCC4)s3)c2)nc1	validation
Nc1ccc(C2=CCOCC2)cn1	Nc1ccc(C2CCOCC2)cn1	c1cncc(C2CCOCC2)c1	dev
COC(=O)[C@@H](OC(C)(C)C)c1c(C)cc2nc3cn2c1N1CCC(C)(CC1)OCC=CC[C@H](C)Oc1cc(C)cc(F)c1-c1cccc-3c1	COC(=O)[C@@H](OC(C)(C)C)c1c(C)cc2nc3cn2c1N1CCC(C)(CC1)OCCCC[C@H](C)Oc1cc(C)cc(F)c1-c1cccc-3c1	c1cc2cc(c1)-c1ccccc1OCCCCCOC1CCN(CC1)c1cccc3nc-2cn13	validation
COCc1nc(-c2cn3c(n2)-c2ccc(C4=CCN(C(=O)OC(C)(C)C)CC4)cc2OCC3)n(C(C)C)n1	COCc1nc(-c2cn3c(n2)-c2ccc(C4CCN(C(=O)OC(C)(C)C)CC4)cc2OCC3)n(C(C)C)n1	c1n[nH]c(-c2cn3c(n2)-c2ccc(C4CCNCC4)cc2OCC3)n1	dev
COC(=O)[C@H](Cc1ccc(C#CCC(C)O)s1)NC(=O)OC(C)(C)C	COC(=O)[C@H](Cc1ccc(CCCC(C)O)s1)NC(=O)OC(C)(C)C	c1ccsc1	holdout
CCC1(CC)c2c(ccc(OC)c2OC)C(C)=C2c3cc4c(cc3CCN21)OCO4	CCC1(CC)c2c(ccc(OC)c2OC)C(C)C2c3cc4c(cc3CCN21)OCO4	c1ccc2c(c1)CC1c3cc4c(cc3CCN1C2)OCO4	dev
O=C1C=CC(C2CCC3(CC2)OCCO3)N1	O=C1CCC(C2CCC3(CC2)OCCO3)N1	O=C1CCC(C2CCC3(CC2)OCCO3)N1	holdout
O=C1C(=Cc2cccnc2)CCc2ccc(Br)cc21	O=C1c2cc(Br)ccc2CCC1Cc1cccnc1	O=C1c2ccccc2CCC1Cc1cccnc1	validation
C(=CC1OCCO1)c1cccc2cnccc12	c1cc(CCC2OCCO2)c2ccncc2c1	c1cc(CCC2OCCO2)c2ccncc2c1	dev
CCOC(=O)/C=C/c1c(Nc2c(F)cccc2F)nc(SC)nc1-c1ccc(F)cc1C	CSc1nc(-c2ccc(F)cc2C)c2ccc(=O)n(-c3c(F)cccc3F)c2n1	O=c1ccc2c(-c3ccccc3)ncnc2n1-c1ccccc1	holdout
CCOC(=O)C1CC=C(c2ccc(N)c3c(=O)c(C)c[nH]c23)CC1	CCOC(=O)[C@H]1CC[C@@H](c2ccc(N)c3c(=O)c(C)c[nH]c32)CC1	O=c1cc[nH]c2c(C3CCCCC3)cccc12	dev
Cn1cc(Nc2ncc3cnn(Cc4cccc(C5=CCOCC5)c4)c3n2)cn1	Cn1cc(Nc2ncc3cnn(Cc4cccc(C5CCOCC5)c4)c3n2)cn1	c1cc(Cn2ncc3cnc(Nc4cn[nH]c4)nc32)cc(C2CCOCC2)c1	holdout
CCC(O)(C#Cc1ccc(C(CC)(CC)c2ccc(OC[C@@H](O)CCC(=O)O)c(C)c2)cc1C)CC	CCC(O)(CC)CCc1ccc(C(CC)(CC)c2ccc(OC[C@@H](O)CCC(=O)O)c(C)c2)cc1C	c1ccc(Cc2ccccc2)cc1	dev
CCOC(=O)C(=CNC1CC1)C(=O)c1c(F)c(F)c(Br)c(F)c1F	CCOC(=O)c1cn(C2CC2)c2c(F)c(Br)c(F)c(F)c2c1=O	O=c1ccn(C2CC2)c2ccccc12	dev
Cc1[nH]nc2c1c(=O)n(CCCN)c1ccc(C#CCO)cc21	Cc1[nH]nc2c1c(=O)n(CCCN)c1ccc(CCCO)cc21	O=c1[nH]c2ccccc2c2n[nH]cc12	validation
C=C(C)[C@@H](CC=C(C)C)C[C@@]12C[C@@H](CC=C(C)C)C(C)(C)[C@@](CC=C(C)C)(C(=O)C(C(=O)c3ccc(O)c(O)c3)=C1O)C2=O	CC(C)=CC[C@H]1C[C@@]23C[C@@H](CC=C(C)C)C(C)(C)[C@@](CC=C(C)C)(C(=O)C(C(=O)c4ccc(O)c(O)c4)=C2OC1(C)C)C3=O	O=C(C1=C2OCCC[C@@]23CCCC(C1=O)C3=O)c1ccccc1	validation
CNC1C=C(c2ccccc2)c2ccccc2CC1	CNC1CCc2ccccc2C(c2ccccc2)C1	c1ccc(C2CCCCc3ccccc32)cc1	holdout
CCOC(=O)C=CC1CCSCC1	CCOC(=O)CCC1CCSCC1	C1CCSCC1	dev
Cc1cccc2c1c(Cn1c(=O)n(C3=C(C(=O)O)CCC3)c3ccccc31)cn2C	Cc1cccc2c1c(Cn1c(=O)n(C3CCCC3C(=O)O)c3ccccc31)cn2C	O=c1n(Cc2c[nH]c3ccccc23)c2ccccc2n1C1CCCC1	validation
Cc1nc(C(F)(F)F)c2n1C(C(=O)Nc1cnn(-c3ccc(Cl)cc3)c1C(C)C)CC=C2	Cc1nc(C(F)(F)F)c2n1C(C(=O)Nc1cnn(-c3ccc(Cl)cc3)c1C(C)C)CCC2	O=C(Nc1cnn(-c2ccccc2)c1)C1CCCc2cncn21	validation
COc1ccc(Nc2nc(Cl)ncc2Cl)cc1/C=C/c1cncc(N)c1	COc1ccc(Nc2nc(Cl)ncc2Cl)cc1CCc1cncc(N)c1	c1cncc(CCc2cccc(Nc3ccncn3)c2)c1	dev
O=S(=O)(c1ccccc1)c1ccc(/C=C/c2ccc(F)cc2F)nc1	O=S(=O)(c1ccccc1)c1ccc(CCc2ccc(F)cc2F)nc1	O=S(=O)(c1ccccc1)c1ccc(CCc2ccccc2)nc1	dev
C=C(C)c1cnc2c(N)nc3ccccc3c2c1	CC(C)c1cnc2c(N)nc3ccccc3c2c1	c1ccc2c(c1)ncc1ncccc12	dev
C=CC[C@@H](NC(=O)OC(C)(C)C)C(=O)N(CC=C)Cc1ccc(OC)cc1OC	COc1ccc(CN2CC=CC[C@@H](NC(=O)OC(C)(C)C)C2=O)c(OC)c1	O=C1CCC=CCN1Cc1ccccc1	dev
CN1C(=O)CC[C@]2(C)c3ccc(C=Cc4ccccc4)cc3CC[C@@H]12	CN1C(=O)CC[C@]2(C)c3ccc(CCc4ccccc4)cc3CC[C@@H]12	O=C1CCC2c3ccc(CCc4ccccc4)cc3CC[C@H]2N1	holdout
Cc1nn(C)cc1-c1cc2ncnc(C3=CCNCC3)c2s1	Cc1nn(C)cc1-c1cc2ncnc(C3CCNCC3)c2s1	c1nc(C2CCNCC2)c2sc(-c3cn[nH]c3)cc2n1	dev
COC(=O)c1ccc(OCCc2c(C=CC(=O)O)n(C(c3ccccc3)c3ccccc3)c3ccc(Cl)cc23)cc1	COC(=O)c1ccc(OCCc2c(CCC(=O)O)n(C(c3ccccc3)c3ccccc3)c3ccc(Cl)cc23)cc1	c1ccc(OCCc2cn(C(c3ccccc3)c3ccccc3)c3ccccc23)cc1	dev
CC(=O)O[C@H]1CC[C@@]2(C)C(=CC(=O)[C@H]3[C@@H]4CCC(=O)[C@@]4(C)CC[C@@H]32)C1	CC(=O)O[C@H]1CC[C@@]2(C)C(CC(=O)[C@H]3[C@@H]4CCC(=O)[C@@]4(C)CC[C@@H]32)C1	O=C1CC[C@@H]2C1CC[C@@H]1C3CCCCC3CC(=O)[C@@H]21	dev
O=C(O)CC/C=C/c1cccc(Br)c1	O=C(O)CCCCc1cccc(Br)c1	c1ccccc1	validation
COC(=O)C(=Cc1ccc(OCCOc2ccc3ncccc3c2)cc1)C(=O)OC	COC(=O)C(Cc1ccc(OCCOc2ccc3ncccc3c2)cc1)C(=O)OC	c1ccc(OCCOc2ccc3ncccc3c2)cc1	holdout
CC(C)C(O)C#Cc1cccc(OCCN)c1	CC(C)C(O)CCc1cccc(OCCN)c1	c1ccccc1	validation
Cn1c(=O)c2c(-c3ccccc3)n3c(c2n(C)c1=O)C(c1cccc(F)c1F)=CCC3	Cn1c(=O)c2c(-c3ccccc3)n3c(c2n(C)c1=O)C(c1cccc(F)c1F)CCC3	O=c1[nH]c(=O)c2c(-c3ccccc3)n3c(c2[nH]1)C(c1ccccc1)CCC3	dev
COc1ccc(-c2ccccc2)cc1C#Cc1ccccc1	COc1ccc(-c2ccccc2)cc1CCc1ccccc1	c1ccc(CCc2cccc(-c3ccccc3)c2)cc1	dev
Cc1ccc2c(OCCN3CCC(=Cc4cccc(C#N)c4)CC3)cccc2n1	Cc1ccc2c(OCCN3CCC(Cc4cccc(C#N)c4)CC3)cccc2n1	c1ccc(CC2CCN(CCOc3cccc4ncccc34)CC2)cc1	holdout
C=C(CCO)c1ccc2ncccc2c1	CC(CCO)c1ccc2ncccc2c1	c1ccc2ncccc2c1	holdout
O=C(Nc1cccnc1)c1cnc(OCC(F)(F)F)c(C2=CCCCC2)c1	O=C(Nc1cccnc1)c1cnc(OCC(F)(F)F)c(C2CCCCC2)c1	O=C(Nc1cccnc1)c1cncc(C2CCCCC2)c1	dev
NC(=CC(=O)N1CCn2c(nnc2C(F)(F)F)C1)Cc1cc(F)c(F)cc1F	NC(CC(=O)N1CCn2c(nnc2C(F)(F)F)C1)Cc1cc(F)c(F)cc1F	O=C(CCCc1ccccc1)N1CCn2cnnc2C1	holdout
Nc1ncnc2c1c(C#CCO)nn2Cc1oc2ccccc2c(=O)c1-c1ccccc1	Nc1ncnc2c1c(CCCO)nn2Cc1oc2ccccc2c(=O)c1-c1ccccc1	O=c1c(-c2ccccc2)c(Cn2ncc3cncnc32)oc2ccccc12	validation
OCCCC#Cc1ccccn1	OCCCCCc1ccccn1	c1ccncc1	dev
C=CCC1(CC=C)c2c(ccc(OC)c2OC)C=C2c3cc4c(cc3CCN21)OCO4	C=CCC1(CC=C)c2c(ccc(OC)c2OC)CC2c3cc4c(cc3CCN21)OCO4	c1ccc2c(c1)CC1c3cc4c(cc3CCN1C2)OCO4	dev
CS(=O)(=O)OCCC#Cc1ccc2c(-c3ccc(Cl)cc3)nsc2c1	CS(=O)(=O)OCCCCc1ccc2c(-c3ccc(Cl)cc3)nsc2c1	c1ccc(-c2nsc3ccccc23)cc1	validation
COC(=O)c1ccc(C#Cc2cncc(C3CCCN3C)c2)cc1	COC(=O)c1ccc(CCc2cncc(C3CCCN3C)c2)cc1	c1ccc(CCc2cncc(C3CCCN3)c2)cc1	dev
C=C(C)c1cccc(C#N)c1	CC(C)c1cccc(C#N)c1	c1ccccc1	validation
C=Cc1ccc2sc3c(=O)[nH]c(CN(C)C)nc3c2c1	CCc1ccc2sc3c(=O)[nH]c(CN(C)C)nc3c2c1	O=c1[nH]cnc2c1sc1ccccc12	validation
C=C(C)C[C@@H](C(=O)OC)[C@H](O)CCC	CCC[C@@H](O)[C@@H](CC(C)C)C(=O)OC	CCC[C@@H](O)[C@@H](CC(C)C)C(=O)OC	dev
C=Cc1ccc(-c2cc(NC(=O)C3Cc4ccccc4C3)n[nH]2)cc1	CCc1ccc(-c2cc(NC(=O)C3Cc4ccccc4C3)n[nH]2)cc1	O=C(Nc1cc(-c2ccccc2)[nH]n1)C1Cc2ccccc2C1	dev
C[C@]12CC[C@H]3[C@@H](CC=C4C[C@@H](O)CC[C@@]43CO)[C@@H]1CCC2=O	CC(=O)O	CC(=O)O	dev
CCCCc1nn(-c2ccc(C(F)(F)F)cn2)cc1/C=C/C(=O)OCC	CCCCc1nn(-c2ccc(C(F)(F)F)cn2)cc1CCC(=O)OCC	c1ccc(-n2cccn2)nc1	validation
COC(=O)C=Cc1ccc(B2OC(C)(C)C(C)(C)O2)cc1C(F)(F)F	COC(=O)CCc1ccc(B2OC(C)(C)C(C)(C)O2)cc1C(F)(F)F	c1ccc(B2OCCO2)cc1	validation
CCOC(=O)/C=C/c1ccc(C#N)c(F)c1	CCOC(=O)CCc1ccc(C#N)c(F)c1	c1ccccc1	validation
CO/C(=C\c1ccc2c(ccn2Cc2nc(-c3ccccc3)oc2C)c1)C(=O)O	COC(Cc1ccc2c(ccn2Cc2nc(-c3ccccc3)oc2C)c1)C(=O)O	c1ccc(-c2nc(Cn3ccc4ccccc43)co2)cc1	validation
CC(C)(C)OC(=O)N1CC=CC[C@H]1c1nc2cc(Br)sc2c(=O)[nH]1	CC(C)(C)OC(=O)N1CCCC[C@@H]1c1nc2cc(Br)sc2c(=O)[nH]1	O=c1[nH]c([C@H]2CCCCN2)nc2ccsc12	dev
Cn1ncc(NC(=O)c2nc(C3=CCCC3)sc2N)c1[C@@H]1CC[C@@H](N)[C@H](F)CO1	Cn1ncc(NC(=O)c2nc(C3CCCC3)sc2N)c1[C@@H]1CC[C@@H](N)[C@H](F)CO1	O=C(Nc1cn[nH]c1[C@@H]1CCCCCO1)c1csc(C2CCCC2)n1	holdout
COc1ccc2c(O[C@@H]3C[C@H]4C(=O)N[C@]5(C(=O)O)C[C@H]5C=CCCCC[C@H](NC(=O)OC(C)(C)C)C(=O)N4C3)cc(-c3ccccc3)nc2c1	COc1ccc2c(O[C@@H]3C[C@H]4C(=O)N[C@]5(C(=O)O)C[C@H]5CCCCCC[C@H](NC(=O)OC(C)(C)C)C(=O)N4C3)cc(-c3ccccc3)nc2c1	O=C1NC2C[C@H]2CCCCCCCC(=O)N2C[C@H](Oc3cc(-c4ccccc4)nc4ccccc34)C[C@@H]12	dev
COC(=O)[C@@H]1Cc2ccc(C3=C[C@@H](C(=O)N[C@@H]4CCCc5ccccc54)N(C(=O)OC(C)(C)C)C3)cc2CN1C(=O)OC(C)(C)C	COC(=O)[C@@H]1Cc2ccc([C@H]3C[C@@H](C(=O)N[C@@H]4CCCc5ccccc54)N(C(=O)OC(C)(C)C)C3)cc2CN1C(=O)OC(C)(C)C	O=C(N[C@@H]1CCCc2ccccc21)[C@@H]1C[C@H](c2ccc3c(c2)CNCC3)CN1	validation
CC(C)(C)OC(=O)N1CC=C(c2nccc(-c3cc(C(F)(F)F)cc(C(F)(F)F)c3)n2)CC1	CC(C)(C)OC(=O)N1CCC(c2nccc(-c3cc(C(F)(F)F)cc(C(F)(F)F)c3)n2)CC1	c1ccc(-c2ccnc(C3CCNCC3)n2)cc1	validation
CCCn1c(=O)c2[nH]c(C34CCC(C=CC(=O)O)(CC3)CC4)nc2n(CCC)c1=O	CCCn1c(=O)c2[nH]c(C34CCC(CCC(=O)O)(CC3)CC4)nc2n(CCC)c1=O	O=c1[nH]c(=O)c2[nH]c(C34CCC(CC3)CC4)nc2[nH]1	holdout
CC(C)(C)OC(=O)N1C=CC2(CC1)c1ccccc1C(=O)N2Cc1ccccc1	CC(C)(C)OC(=O)N1CCC2(CC1)c1ccccc1C(=O)N2Cc1ccccc1	O=C1c2ccccc2C2(CCNCC2)N1Cc1ccccc1	validation
CCCCCCCC/C=C\[C@H]1C=CC(=O)O1	CCCCCCCC/C=C\[C@H]1CCC(=O)O1	O=C1CCCO1	dev
COc1ccccc1/C=C/c1ccc(C(=O)OC(C)(C)C)c(Nc2ccc(F)cc2)c1	COc1ccccc1CCc1ccc(C(=O)OC(C)(C)C)c(Nc2ccc(F)cc2)c1	c1ccc(CCc2cccc(Nc3ccccc3)c2)cc1	validation
CCCC1CCC(C2CCC(C=Cc3ccc(OCC)c(F)c3C(F)(F)F)CC2)CC1	CCCC1CCC(C2CCC(CCc3ccc(OCC)c(F)c3C(F)(F)F)CC2)CC1	c1ccc(CCC2CCC(C3CCCCC3)CC2)cc1	validation
O=C1CCC2=C(Cc3ccccc32)N1	O=C1CC[C@@H]2c3ccccc3C[C@@H]2N1	O=C1CC[C@@H]2c3ccccc3C[C@@H]2N1	dev
COC(=O)[C@@H]1C[C@@H]2CN1C(=O)[C@H](C(C)(C)C)NC(=O)O[C@@H]1C[C@H]1CCCC=Cc1nc3ccc(OC)cc3nc1O2	COC(=O)[C@@H]1C[C@@H]2CN1C(=O)[C@H](C(C)(C)C)NC(=O)O[C@@H]1C[C@H]1CCCCCc1nc3ccc(OC)cc3nc1O2	O=C1NCC(=O)N2CC[C@H](C2)Oc2nc3ccccc3nc2CCCCC[C@@H]2C[C@H]2O1	validation
CCC(=COCCBr)C(=O)OC	CCC(COCCBr)C(=O)OC	CCC(COCCBr)C(=O)OC	holdout
COC(=O)C=Cc1cc(Cl)ccc1C(=O)O	COC(=O)CCc1cc(Cl)ccc1C(=O)O	c1ccccc1	validation
CC(C)(C)OC(=O)N1CC=CC[C@H]1c1nc2cc(Br)sc2c(=O)[nH]1	CC(C)(C)OC(=O)N1CCCC[C@H]1c1nc2cc(Br)sc2c(=O)[nH]1	O=c1[nH]c([C@@H]2CCCCN2)nc2ccsc12	holdout
CCOC(=O)C1C(c2ccccc2)=CC(=O)N1[C@@H](C)c1ccc(OC)cc1	CCOC(=O)[C@H]1[C@@H](c2ccccc2)CC(=O)N1[C@@H](C)c1ccc(OC)cc1	O=C1C[C@H](c2ccccc2)CN1Cc1ccccc1	dev
C=CCOc1c(C=C)cc(CO)nc1Cl	OCc1cc2c(c(Cl)n1)OCC=C2	C1=Cc2ccncc2OC1	dev
C=CCCCC(O[Si](C)(C)C(C)(C)C)c1ccc(N(C)C)cc1C=C	CN(C)c1ccc2c(c1)C=CCCCC2O[Si](C)(C)C(C)(C)C	C1=Cc2ccccc2CCCC1	dev
CCOC(=O)C(=CNC1CC1)C(=O)c1c(C)c(F)c(F)c(Cl)c1F	CCOC(=O)c1cn(C2CC2)c2c(Cl)c(F)c(F)c(C)c2c1=O	O=c1ccn(C2CC2)c2ccccc12	dev
OCC#Cc1ccc(C(F)(F)F)cc1Cl	OCCCc1ccc(C(F)(F)F)cc1Cl	c1ccccc1	validation
C(=Cc1ccco1)c1ccncc1	c1coc(CCc2ccncc2)c1	c1coc(CCc2ccncc2)c1	dev
CCCCCc1ccc(-c2ccc(C=Cc3ccc(OCC)cc3)cc2)cc1	CCCCCc1ccc(-c2ccc(CCc3ccc(OCC)cc3)cc2)cc1	c1ccc(CCc2ccc(-c3ccccc3)cc2)cc1	dev
CCOC(=O)C(=CC(C)(C)C)C(=O)OCC	CCOC(=O)C(CC(C)(C)C)C(=O)OCC	CCOC(=O)C(CC(C)(C)C)C(=O)OCC	holdout
C/C(=C\Cc1c(O)c(Cl)c(C)c(C=O)c1O)CCCCOC(=O)C(C)(C)C	Cc1c(Cl)c(O)c(CCC(C)CCCCOC(=O)C(C)(C)C)c(O)c1C=O	c1ccccc1	validation
CC(C)(C)ON=c1cc(-c2cc3ccccc3cn2)oc2cc(C#Cc3ccccc3)ccc12	CC(C)(C)ON=c1cc(-c2cc3ccccc3cn2)oc2cc(CCc3ccccc3)ccc12	N=c1cc(-c2cc3ccccc3cn2)oc2cc(CCc3ccccc3)ccc12	validation
C=Cc1cc(Cl)cc(N)c1C(=O)OC	CCc1cc(Cl)cc(N)c1C(=O)OC	c1ccccc1	validation
CCCCCC1CC=C(c2ccc(S(F)(F)(F)(F)F)cc2)CC1	CCCCC[C@H]1CC[C@H](c2ccc(S(F)(F)(F)(F)F)cc2)CC1	c1ccc(C2CCCCC2)cc1	dev
CCC(C)(C)C(=O)C(=O)C1CCCNN1C(=O)CCCC#Cc1cccnc1	CCC(C)(C)C(=O)C(=O)C1CCCNN1C(=O)CCCCCc1cccnc1	O=C(CCCCCc1cccnc1)N1CCCCN1	validation
CC(C)(C)OC(=O)N1CC=C(c2ccccc2C#N)CC1	CC(C)(C)OC(=O)N1CCC(c2ccccc2C#N)CC1	c1ccc(C2CCNCC2)cc1	validation
C=C(C)c1cnc2[nH]cc(C(=O)N[C@@H](C)C(C)(C)O)c2n1	CC(C)c1cnc2[nH]cc(C(=O)N[C@@H](C)C(C)(C)O)c2n1	c1cnc2[nH]ccc2n1	validation
CC(C)(C)OC(=O)NCc1cccc(C2CCN(C(=O)c3ccc(C#Cc4ccccc4F)o3)CC2)c1	O=C(O)C(F)(F)F	O=C(O)C(F)(F)F	dev
Cc1ccc(S(=O)(=O)OC[C@H]2C=Cc3ccc(F)c(-c4ccccc4Cl)c3O2)cc1	Cc1ccc(S(=O)(=O)OC[C@H]2CCc3ccc(F)c(-c4ccccc4Cl)c3O2)cc1	O=S(=O)(OC[C@H]1CCc2cccc(-c3ccccc3)c2O1)c1ccccc1	validation
COc1ccc2c(c1)CCC(c1ccccc1)=C2c1ccc(OCCN2CCCC2)cc1	COc1ccc2c(c1)CC[C@H](c1ccccc1)[C@@H]2c1ccc(OCCN2CCCC2)cc1	c1ccc([C@H]2CCc3ccccc3[C@H]2c2ccc(OCCN3CCCC3)cc2)cc1	dev
CCCCC(=CC(=O)OCC)c1sc2cc(F)ccc2c1C	CCCCC(CC(=O)OCC)c1sc2cc(F)ccc2c1C	c1ccc2sccc2c1	holdout
CCOC(=O)C=C(c1ccccc1)c1cc2[nH]ccc2cc1OC	CCOC(=O)CC(c1ccccc1)c1cc2[nH]ccc2cc1OC	c1ccc(Cc2ccc3cc[nH]c3c2)cc1	holdout
Cc1csc2ccc(C3=CCNC(C)C3)cc12	Cc1csc2ccc(C3CCNC(C)C3)cc12	c1cc2cc(C3CCNCC3)ccc2s1	validation
C1=COC(c2cccnc2Oc2ccc(Nc3ccccn3)cc2)C1	c1ccc(Nc2ccc(Oc3ncccc3C3CCCO3)cc2)nc1	c1ccc(Nc2ccc(Oc3ncccc3C3CCCO3)cc2)nc1	validation
O=C(O)C1=C(c2ccccc2)CCCC1	O=C(O)C1CCCCC1c1ccccc1	c1ccc(C2CCCCC2)cc1	dev
CS(=O)(=O)c1ccc(C2=CCOCC2)c(C(=O)O)c1	CS(=O)(=O)c1ccc(C2CCOCC2)c(C(=O)O)c1	c1ccc(C2CCOCC2)cc1	holdout
C/C(=C\c1ccc(C(C)(C)C)cc1)CO	C[C@@H](CO)Cc1ccc(C(C)(C)C)cc1	c1ccccc1	validation
CCCn1c(=O)c2[nH]c(C3CC4C=CC(C3)O4)nc2n(CCC)c1=O	CCCn1c(=O)c2[nH]c(C3CC4CCC(C3)O4)nc2n(CCC)c1=O	O=c1[nH]c(=O)c2[nH]c(C3CC4CCC(C3)O4)nc2[nH]1	holdout
C=C[C@@H]1CCC[C@@H]2SCC[C@H](NC(=O)OC(C)(C)C)C(=O)N12	O=C(O)C(F)(F)F	O=C(O)C(F)(F)F	dev
C#CCN(Cc1ccccc1N=[N+]=[N-])C(=O)OC(C)(C)C	CC(C)(C)OC(=O)N1Cc2ccccc2-n2nncc2C1	c1ccc2c(c1)CNCc1cnnn1-2	dev
O=C1CCCc2cc3c(cnn3-c3ccc(F)cc3)cc2/C1=C\c1ccccn1	O=C1CCCc2cc3c(cnn3-c3ccc(F)cc3)cc2C1Cc1ccccn1	O=C1CCCc2cc3c(cnn3-c3ccccc3)cc2C1Cc1ccccn1	dev
CC(=O)C=Cc1ccc2[nH]cc(C[C@H]3CCCN3CCC(=O)N(C)C)c2c1	CC(=O)CCc1ccc2[nH]cc(C[C@H]3CCCN3CCC(=O)N(C)C)c2c1	c1ccc2c(C[C@H]3CCCN3)c[nH]c2c1	holdout
CCCC=Cc1cnc(Nc2nc(C)cs2)c(OCc2ccccc2)c1	CCCCCc1cnc(Nc2nc(C)cs2)c(OCc2ccccc2)c1	c1ccc(COc2cccnc2Nc2nccs2)cc1	dev
COC(=O)c1cnc(C#Cc2ccccn2)c(-c2ccc(Cl)cc2)c1	COC(=O)c1cnc(CCc2ccccn2)c(-c2ccc(Cl)cc2)c1	c1ccc(-c2cccnc2CCc2ccccn2)cc1	holdout
NC(=CC(=O)N1CCn2c(nnc2C(F)(F)F)C1)Cc1cc(F)c(F)cc1F	NC(CC(=O)N1CCn2c(nnc2C(F)(F)F)C1)Cc1cc(F)c(F)cc1F	O=C(CCCc1ccccc1)N1CCn2cnnc2C1	holdout
CC(C)(C)OC(=O)C=Cc1ccc2nc3ccccc3c(N)c2c1	CC(C)(C)OC(=O)CCc1ccc2nc3ccccc3c(N)c2c1	c1ccc2nc3ccccc3cc2c1	validation
CNC(=S)C1=C(O)C2(CCOCC2)Oc2ccc([N+](=O)[O-])cc21	CNC(=S)C1c2cc([N+](=O)[O-])ccc2OC2(CCOCC2)C1O	c1ccc2c(c1)CCC1(CCOCC1)O2	dev
Cc1cc(F)ccc1/C=C/C(=O)O	Cc1cc(F)ccc1CCC(=O)O	c1ccccc1	validation
C#Cc1c(CC(=O)OC)cc2ccc(F)cc2c1OC(C)=O	CCc1c(CC(=O)OC)cc2ccc(F)cc2c1OC(C)=O	c1ccc2ccccc2c1	validation
CC(=O)/C=C/c1cc(F)c2ncc(C(=O)NCc3ccc(Cl)cc3)c(O)c2c1	CC(=O)CCc1cc(F)c2ncc(C(=O)NCc3ccc(Cl)cc3)c(O)c2c1	O=C(NCc1ccccc1)c1cnc2ccccc2c1	dev
CCOC(=O)/C=C/c1ccc(OCC)nc1Oc1ccc(Cl)cc1Cl	CCOC(=O)CCc1ccc(OCC)nc1Oc1ccc(Cl)cc1Cl	c1ccc(Oc2ccccn2)cc1	dev
CCOC(=O)C(C)=Cc1ccc(-n2nc(C(C)(C)C)cc2N)cc1	CCOC(=O)C(C)Cc1ccc(-n2nc(C(C)(C)C)cc2N)cc1	c1ccc(-n2cccn2)cc1	holdout
COc1cc(OC)c(/C=C/S(=O)(=O)Cc2ccc(OC)c(O)c2)c(OC)c1	COc1cc(OC)c(CCS(=O)(=O)Cc2ccc(OC)c(O)c2)c(OC)c1	O=S(=O)(CCc1ccccc1)Cc1ccccc1	holdout
COC(=O)c1ccc(C=C2CCOC2=O)cc1	COC(=O)c1ccc(CC2CCOC2=O)cc1	O=C1OCCC1Cc1ccccc1	validation
CCOC(=O)C=C(c1ccc(CC)cc1)n1cnc2ccccc21	CCOC(=O)CC(c1ccc(CC)cc1)n1cnc2ccccc21	c1ccc(Cn2cnc3ccccc32)cc1	dev
CCOC(=O)/C=C/c1cc(-n2ncnn2)cc(C)c1N	Cc1cc(-n2ncnn2)cc2ccc(=O)[nH]c12	O=c1ccc2cc(-n3ncnn3)ccc2[nH]1	holdout
C=C(C)c1cc(F)cc2c1cc1n2CCC1CC(=O)OC	COC(=O)CC1CCn2c1cc1c(C(C)C)cc(F)cc12	c1ccc2c(c1)cc1n2CCC1	dev
C=CCN(C(C)=O)c1ccc2c(=O)n(-c3ccc(Cl)cc3)c(C(C)C)nc2c1C=C	CC(=O)N1CC=Cc2c1ccc1c(=O)n(-c3ccc(Cl)cc3)c(C(C)C)nc21	O=c1c2ccc3c(c2ncn1-c1ccccc1)C=CCN3	dev
CCOC(=O)CC(=O)/C=C/c1ccc2cc[nH]c2c1	CCOC(=O)CC(=O)CCc1ccc2cc[nH]c2c1	c1ccc2[nH]ccc2c1	holdout
C/C(N)=C\c1ccc(-c2ccc(Cl)c(Cl)c2)o1	CC(N)Cc1ccc(-c2ccc(Cl)c(Cl)c2)o1	c1ccc(-c2ccco2)cc1	validation
CCOC(=O)C=C1CCC(C#N)(c2ccc(OC)c3c2OCCO3)CC1	CCOC(=O)CC1CCC(C#N)(c2ccc(OC)c3c2OCCO3)CC1	c1cc2c(c(C3CCCCC3)c1)OCCO2	dev
O=C(C/C=C/c1ccccc1)Nc1cc(CCc2ccccc2)ccc1C(=O)O	O=C(CCCc1ccccc1)Nc1cc(CCc2ccccc2)ccc1C(=O)O	O=C(CCCc1ccccc1)Nc1cccc(CCc2ccccc2)c1	holdout
OCCCC#Cc1ccc2ccccc2c1	OCCCCCc1ccc2ccccc2c1	c1ccc2ccccc2c1	validation
CCOC(=O)/C=C/c1cc(C(=O)NCc2ccc(S(=O)(=O)C3CC3)cc2)c(=O)n(-c2cccc(C(F)(F)F)c2)c1C	CCOC(=O)CCc1cc(C(=O)NCc2ccc(S(=O)(=O)C3CC3)cc2)c(=O)n(-c2cccc(C(F)(F)F)c2)c1C	O=C(NCc1ccc(S(=O)(=O)C2CC2)cc1)c1cccn(-c2ccccc2)c1=O	validation
CC1(C)OC(=O)C=C(CC(O)(C#Cc2ccc(C(C)(C)C#N)c(F)c2)C2CCCC2)O1	CC1(C)OC(=O)C=C(CC(O)(CCc2ccc(C(C)(C)C#N)c(F)c2)C2CCCC2)O1	O=C1C=C(CC(CCc2ccccc2)C2CCCC2)OCO1	holdout
OC1c2cc(C(O)C(F)F)ccc2C=Cc2ncc(Cl)cc21	O=c1c2cc(C(O)C(F)F)ccc2ccc2ncc(Cl)cc12	O=c1c2ccccc2ccc2ncccc12	dev
CCOC(=O)/C=C/c1ccc2c(=O)n(CC(C)C)c(CNC(=O)OC(C)(C)C)c(-c3ccccc3)c2c1	CCOC(=O)CCc1ccc2c(=O)n(CC(C)C)c(CNC(=O)OC(C)(C)C)c(-c3ccccc3)c2c1	O=c1[nH]cc(-c2ccccc2)c2ccccc12	dev
Cc1cc(C)cc(C#CCO)c1	Cc1cc(C)cc(CCCO)c1	c1ccccc1	validation
CN1C2C=C(c3cncc4ccccc34)CC1CC2	CN1C2CCC1CC(c1cncc3ccccc13)C2	c1ccc2c(C3CC4CCC(C3)N4)cncc2c1	holdout
CCCCC(C)(C)C(O)C#CCC(CCCCCCC(=O)O)S(C)(=O)=O	CCCCC(C)(C)C(O)CCCC(CCCCCCC(=O)O)S(C)(=O)=O	CCCCC(C)(C)C(O)CCCC(CCCCCCC(=O)O)S(C)(=O)=O	validation
C=CCCCC(=O)O[C@@H](CNC(=O)[C@@H](CC=C)CC(=O)OC(C)(C)C)c1ccccc1	CC(C)(C)OC(=O)C[C@@H]1CC=CCCCC(=O)O[C@H](c2ccccc2)CNC1=O	O=C1CCC=CCCCC(=O)O[C@H](c2ccccc2)CN1	validation
CCOC(=O)C=Cc1cccc(-c2c(CC(=O)Nc3ccc(F)cc3C(F)(F)F)c(=O)oc3cc(Cl)c(C)cc23)c1	CCOC(=O)CCc1cccc(-c2c(CC(=O)Nc3ccc(F)cc3C(F)(F)F)c(=O)oc3cc(Cl)c(C)cc23)c1	O=C(Cc1c(-c2ccccc2)c2ccccc2oc1=O)Nc1ccccc1	dev
OC#CCCc1ccnc2cc(Cl)ccc12	OCCCCc1ccnc2cc(Cl)ccc12	c1ccc2ncccc2c1	holdout
CC(C)CC(C(=O)NN(CC(C)C)C(=O)CN1CCCC1)[C@H](CC=Cc1ccccc1)C(=O)NOC1CCCCO1	Cc1ccc(S(=O)(=O)O)cc1	c1ccccc1	validation
C=C(C)c1cc(CC#N)ccc1OC	COc1ccc(CC#N)cc1C(C)C	c1ccccc1	validation
O=C(NCCO)/C(=C/c1ccc(OC(F)(F)F)cc1)NC(=O)c1ccc(OCC(F)F)cc1	O=C(NC(Cc1ccc(OC(F)(F)F)cc1)C(=O)NCCO)c1ccc(OCC(F)F)cc1	O=C(NCCc1ccccc1)c1ccccc1	dev
CCCC1=C(CC(=O)OC)CCC1=O	CCCC1C(=O)CCC1CC(=O)OC	O=C1CCCC1	dev
Cc1ccc(C(O[C@@H]2CCC[C@H](C=C3SC(=O)NC3=O)C2)c2cocn2)c(C)c1	Cc1ccc(C(O[C@@H]2CCC[C@H](CC3SC(=O)NC3=O)C2)c2cocn2)c(C)c1	O=C1NC(=O)C(C[C@H]2CCC[C@@H](OC(c3ccccc3)c3cocn3)C2)S1	dev
C=C(C)c1ccccc1C1CCCn2c(-c3ccc(-c4cnc(C)o4)c(OC)c3)nnc21	COc1cc(-c2nnc3n2CCCC3c2ccccc2C(C)C)ccc1-c1cnc(C)o1	c1ccc(C2CCCn3c(-c4ccc(-c5cnco5)cc4)nnc32)cc1	dev
CCOC(=O)C(C)(C)c1cc(Br)c(N)c(C#Cc2ccc(OC(F)(F)F)cc2)c1	CCOC(=O)C(C)(C)c1cc(Br)c2[nH]c(-c3ccc(OC(F)(F)F)cc3)cc2c1	c1ccc(-c2cc3ccccc3[nH]2)cc1	holdout
C=C(C)c1cncc(N)c1	CC(C)c1cncc(N)c1	c1ccncc1	dev
O=C(O)C=CC(=O)c1ccccc1O	O=C1CC(C(=O)O)Oc2ccccc21	O=C1CCOc2ccccc21	holdout
CCCCCCC=CCc1cccc2c(=O)c(O)c(-c3cc(OC)c(OC)cc3OC)oc12	CCCCCCCCCc1cccc2c(=O)c(O)c(-c3cc(OC)c(OC)cc3OC)oc12	O=c1cc(-c2ccccc2)oc2ccccc12	dev
C=Cc1c2c3c(cccc3n1CCC)[C@H]1C[C@H](NC(=O)N(CC)CC)CN(C)[C@@H]1C2	CCCn1c(CC)c2c3c(cccc31)[C@H]1C[C@H](NC(=O)N(CC)CC)CN(C)[C@@H]1C2	c1cc2c3c(c[nH]c3c1)C[C@H]1NCCC[C@H]21	dev
C=CCc1c(O)ccc2c(CCc3ccccc3)coc12	CCCc1c(O)ccc2c(CCc3ccccc3)coc12	c1ccc(CCc2coc3ccccc23)cc1	validation
Cc1nc(-c2ccccc2)sc1-c1ccc(N)c(C#Cc2ccccc2Cl)c1	Cc1nc(-c2ccccc2)sc1-c1ccc2[nH]c(-c3ccccc3Cl)cc2c1	c1ccc(-c2cc3cc(-c4cnc(-c5ccccc5)s4)ccc3[nH]2)cc1	holdout
C[C@]12CCC3=C(CCc4cc(O)ccc43)C1=CCC2=O	C[C@]12CCC3=C(CCc4cc(O)ccc43)[C@@H]1CCC2=O	O=C1CC[C@H]2C3=C(CCC12)c1ccccc1CC3	validation
CCOC(=O)C1=C(COCC#CC(=O)OC)NC(C)=C(C(=O)OC)C1c1cccc(Cl)c1Cl	CCOC(=O)C1=C(COCCCC(=O)OC)NC(C)=C(C(=O)OC)C1c1cccc(Cl)c1Cl	C1=CC(c2ccccc2)C=CN1	validation
CC1(C)CCC=C1c1cnc(N2CCOCC2)cc1N	CC1(C)CCCC1c1cnc(N2CCOCC2)cc1N	c1cc(N2CCOCC2)ncc1C1CCCC1	validation
Cc1ccc(C(=O)NC2CC2)cc1-c1ccc2nc(C#CCN(C)C)ncc2c1	Cc1ccc(C(=O)NC2CC2)cc1-c1ccc2nc(CCCN(C)C)ncc2c1	O=C(NC1CC1)c1cccc(-c2ccc3ncncc3c2)c1	holdout
CCOC(=O)C1=Cc2cc(Cl)cc(C#Cc3ccccc3)c2OC1C(F)(F)F	CCOC(=O)C1=Cc2cc(Cl)cc(CCc3ccccc3)c2OC1C(F)(F)F	C1=Cc2cccc(CCc3ccccc3)c2OC1	holdout
COC(=O)/C=C/[C@H]1[C@H](c2ccc(F)cc2)[C@@H](O[C@H](C)c2cc(C(F)(F)F)cc(C(F)(F)F)c2)CN1C(=O)OC(C)(C)C	COC(=O)CC[C@H]1[C@H](c2ccc(F)cc2)[C@@H](O[C@H](C)c2cc(C(F)(F)F)cc(C(F)(F)F)c2)CN1C(=O)OC(C)(C)C	c1ccc(CO[C@H]2CNC[C@@H]2c2ccccc2)cc1	dev
C1=C(c2cccc(-c3ncccc3-c3cnc4[nH]ncc4c3)c2)CCC1	c1cc(-c2ncccc2-c2cnc3[nH]ncc3c2)cc(C2CCCC2)c1	c1cc(-c2ncccc2-c2cnc3[nH]ncc3c2)cc(C2CCCC2)c1	dev
C#Cc1cc(F)cc(F)c1N	Fc1cc(F)c2[nH]ccc2c1	c1ccc2[nH]ccc2c1	holdout
C=C(C)c1nc(NC(=O)c2c(F)cccc2F)sc1-c1cccc(C(F)(F)F)c1	CC(C)c1nc(NC(=O)c2c(F)cccc2F)sc1-c1cccc(C(F)(F)F)c1	O=C(Nc1ncc(-c2ccccc2)s1)c1ccccc1	dev
OCCCCC#Cc1cncnc1	OCCCCCCc1cncnc1	c1cncnc1	dev
O=C1NC(=O)C(=Cc2ccc(-c3cccc(C(F)(F)F)c3)o2)S1	O=C1NC(=O)C(Cc2ccc(-c3cccc(C(F)(F)F)c3)o2)S1	O=C1NC(=O)C(Cc2ccc(-c3ccccc3)o2)S1	holdout
C=CCc1cc(Oc2ccccc2)ccc1O	CCCc1cc(Oc2ccccc2)ccc1O	c1ccc(Oc2ccccc2)cc1	dev
CCN1c2ncc(/C=C/c3ccncc3)cc2C(=O)N(C)c2cccnc21	CCN1c2ncc(CCc3ccncc3)cc2C(=O)N(C)c2cccnc21	O=C1Nc2cccnc2Nc2ncc(CCc3ccncc3)cc21	dev
O=C(Nc1cccc(-n2ccnc2)c1)C1=Cc2ccccc2OCC1	O=C(Nc1cccc(-n2ccnc2)c1)C1CCOc2ccccc2C1	O=C(Nc1cccc(-n2ccnc2)c1)C1CCOc2ccccc2C1	dev
Cc1ccc2[nH]cc(C3=C(c4c[nH]c5ccc(C)cc45)C(=O)N(C)C3=O)c2c1	Cc1ccc2[nH]cc(C3C(=O)N(C)C(=O)C3c3c[nH]c4ccc(C)cc34)c2c1	O=C1NC(=O)C(c2c[nH]c3ccccc23)C1c1c[nH]c2ccccc12	dev
O=C1Nc2cc(Cl)ccc2/C1=C/c1ccc(Cl)cc1	O=C1Nc2cc(Cl)ccc2C1Cc1ccc(Cl)cc1	O=C1Nc2ccccc2C1Cc1ccccc1	dev
C=Cc1nc(C)ccc1C#N	CCc1nc(C)ccc1C#N	c1ccncc1	dev
CCCC=Cc1cccc(C#N)c1	CCCCCc1cccc(C#N)c1	c1ccccc1	validation
COc1ccc(Cn2nc(C3=CCN(C(=O)OC(C)(C)C)CC3)c3c(Oc4ccc(N)cc4F)ccnc32)cc1	COc1ccc(Cn2nc(C3CCN(C(=O)OC(C)(C)C)CC3)c3c(Oc4ccc(N)cc4F)ccnc32)cc1	c1ccc(Cn2nc(C3CCNCC3)c3c(Oc4ccccc4)ccnc32)cc1	dev
CC(C)(C)OC(=O)N1CCC[C@H]1C=Cc1ccccc1	CC(C)(C)OC(=O)N1CCC[C@@H]1CCc1ccccc1	c1ccc(CC[C@H]2CCCN2)cc1	validation
CCC/C(=C\S(=O)(=O)c1ccccc1)C(=O)O	CCCC(CS(=O)(=O)c1ccccc1)C(=O)O	c1ccccc1	validation
C=CCOC1(C)CCN(c2c([C@H](OC(C)(C)C)C(=O)O)c(C)nc3cc(COCc4c(F)cc(F)cc4O[C@@H](C)CC=C)nn23)CC1	Cc1nc2cc3nn2c(c1[C@H](OC(C)(C)C)C(=O)O)N1CCC(C)(CC1)OCC=CC[C@H](C)Oc1cc(F)cc(F)c1COC3	C1=CCOC2CCN(CC2)c2ccnc3cc(nn23)COCc2ccccc2OCC1	dev
CC(C)=CCCc1ccsc1	CC(C)CCCc1ccsc1	c1ccsc1	holdout
C#Cc1ccc(C#N)c(F)c1	CCc1ccc(C#N)c(F)c1	c1ccccc1	validation
CCOC(=O)C(=Cc1cc(OC)ccc1OC)C(C)=O	CCOC(=O)C(Cc1cc(OC)ccc1OC)C(C)=O	c1ccccc1	validation
C=Cc1ccc(C(=O)OC)cc1C(F)(F)F	CCc1ccc(C(=O)OC)cc1C(F)(F)F	c1ccccc1	validation
C=C(C)CN(CCO)Cc1ccccc1	CC1(C)CN(Cc2ccccc2)CCO1	c1ccc(CN2CCOCC2)cc1	holdout
CC(C)(O)C#Cc1ccc2c(n1)-c1sc(-c3ncnn3-c3ccc(F)cc3F)cc1CCO2	CC(C)(O)CCc1ccc2c(n1)-c1sc(-c3ncnn3-c3ccc(F)cc3F)cc1CCO2	c1ccc(-n2ncnc2-c2cc3c(s2)-c2ncccc2OCC3)cc1	dev
CCC1(C=C2Cc3c(cccc3-c3ccc(C(C)(C)C)cc3)C2=O)CCCCC1	CCC1(CC2Cc3c(cccc3-c3ccc(C(C)(C)C)cc3)C2=O)CCCCC1	O=C1c2cccc(-c3ccccc3)c2CC1CC1CCCCC1	holdout
CCNC(=O)Nc1nc2ccc(C#Cc3ccccc3)cc2s1	CCNC(=O)Nc1nc2ccc(CCc3ccccc3)cc2s1	c1ccc(CCc2ccc3ncsc3c2)cc1	validation
N#CC(C#N)=Cc1cccc(Cl)c1Cl	N#CC(C#N)Cc1cccc(Cl)c1Cl	c1ccccc1	validation
COC(=O)C=C1CCCCC1	COC(=O)CC1CCCCC1	C1CCCCC1	validation
CCOC(=O)C(=Cc1ccc(OC)c(OC)c1)C(C)=O	CCOC(=O)C(Cc1ccc(OC)c(OC)c1)C(C)=O	c1ccccc1	validation
COC(=O)c1ccc2[nH]cc(C=C[N+](=O)[O-])c2c1	COC(=O)c1ccc2[nH]cc(CC[N+](=O)[O-])c2c1	c1ccc2[nH]ccc2c1	holdout
Cc1ccc(CC2(O)CCN(CC3=Cc4ccc(O)cc4C3)CC2)cc1	Cc1ccc(CC2(O)CCN(CC3Cc4ccc(O)cc4C3)CC2)cc1	c1ccc(CC2CCN(CC3Cc4ccccc4C3)CC2)cc1	dev
CC(C)=CCC1CN(Cc2ccc(F)cc2)C(=O)C(C2=NS(=O)(=O)c3cc(NS(C)(=O)=O)ccc3N2)=C1O	CC(C)CCC1CN(Cc2ccc(F)cc2)C(=O)C(C2=NS(=O)(=O)c3cc(NS(C)(=O)=O)ccc3N2)=C1O	O=C1C(C2=NS(=O)(=O)c3ccccc3N2)=CCCN1Cc1ccccc1	dev
CCOC(=O)/C=C(\C)c1cccc(C(F)(F)F)c1	CCOC(=O)CC(C)c1cccc(C(F)(F)F)c1	c1ccccc1	validation
COC(=O)c1cc2[nH]c(-c3ccc(Cl)cc3)c(C3=CCCCC3)c2s1	COC(=O)c1cc2[nH]c(-c3ccc(Cl)cc3)c(C3CCCCC3)c2s1	c1ccc(-c2[nH]c3ccsc3c2C2CCCCC2)cc1	dev
C/C=C1/C(=O)[C@@H]2[C@H](CC[C@@]3(C)[C@H]2CC[C@@H]3[C@H](C)CCC(=O)O)[C@@]2(C)CC[C@@H](O)C[C@@H]12	CC[C@H]1C(=O)[C@@H]2[C@H](CC[C@@]3(C)[C@H]2CC[C@@H]3[C@H](C)CCC(=O)O)[C@@]2(C)CC[C@@H](O)C[C@@H]12	O=C1C[C@@H]2CCCCC2[C@H]2CCC3CCC[C@H]3[C@H]12	dev
CN(C)C1(c2ccccc2)CCC(=CC(=O)NCCCc2c[nH]c3ccccc23)CC1	CN(C)C1(c2ccccc2)CCC(CC(=O)NCCCc2c[nH]c3ccccc23)CC1	O=C(CC1CCC(c2ccccc2)CC1)NCCCc1c[nH]c2ccccc12	holdout
COC(=O)C=Cc1ccc2c(-c3c(-c4cccc(C)n4)nn4c3CCC4)ccnc2c1	COC(=O)CCc1ccc2c(-c3c(-c4cccc(C)n4)nn4c3CCC4)ccnc2c1	c1ccc(-c2nn3c(c2-c2ccnc4ccccc24)CCC3)nc1	dev
CNC(=S)C1=C(O)C(COC)(COC)Oc2ccc([N+](=O)[O-])cc21	CNC(=S)C1c2cc([N+](=O)[O-])ccc2OC(COC)(COC)C1O	c1ccc2c(c1)CCCO2	validation
Cc1ccccc1C1=C(C(=O)O)CN(C(=O)OC(C)(C)C)CC1	Cc1ccccc1C1CCN(C(=O)OC(C)(C)C)CC1C(=O)O	c1ccc(C2CCNCC2)cc1	validation
C=CCN(C(=O)c1ccc(N2CCN(CCCCC3(C(=O)NCC(F)(F)F)c4ccccc4-c4ccccc43)CC2)nc1)C1CCCCC1	CCCN(C(=O)c1ccc(N2CCN(CCCCC3(C(=O)NCC(F)(F)F)c4ccccc4-c4ccccc43)CC2)nc1)C1CCCCC1	O=C(NC1CCCCC1)c1ccc(N2CCN(CCCCC3c4ccccc4-c4ccccc43)CC2)nc1	dev
O=c1c2sccc2nc(C=Cc2ccccn2)n1-c1ccccc1Cl	O=c1c2sccc2nc(CCc2ccccn2)n1-c1ccccc1Cl	O=c1c2sccc2nc(CCc2ccccn2)n1-c1ccccc1	holdout
C=CCCCC=CCOC	CCCCCC=CCOC	CCCCCC=CCOC	validation
CN1CCN(CCOc2ccc(C3=CCN(c4ccc5nnc(C(F)(F)F)n5n4)CC3)cn2)CC1=O	CN1CCN(CCOc2ccc(C3CCN(c4ccc5nnc(C(F)(F)F)n5n4)CC3)cn2)CC1=O	O=C1CN(CCOc2ccc(C3CCN(c4ccc5nncn5n4)CC3)cn2)CCN1	dev
Cc1cc(Cl)c(C(=O)C=C(Nc2ccccc2)Nc2ccccc2)c(Cl)n1	Cc1cc(Cl)c2c(=O)cc(Nc3ccccc3)n(-c3ccccc3)c2n1	O=c1cc(Nc2ccccc2)n(-c2ccccc2)c2ncccc12	dev
C(=C(c1ccc2c(c1)OCCO2)c1cc2cccnc2[nH]1)C1CCCC1	c1cnc2[nH]c(C(CC3CCCC3)c3ccc4c(c3)OCCO4)cc2c1	c1cnc2[nH]c(C(CC3CCCC3)c3ccc4c(c3)OCCO4)cc2c1	dev
COc1ccc(C(N)=C(C)C(N)=S)cc1	COc1ccc(-c2nsc(N)c2C)cc1	c1ccc(-c2ccsn2)cc1	validation
C[C@@H](O[C@H]1CN(C(=O)OC(C)(C)C)[C@@H](/C=C/C(=O)OC(C)(C)C)[C@@H]1c1ccc(F)cc1)c1cc(C(F)(F)F)cc(C(F)(F)F)c1	C[C@@H](O[C@H]1CN(C(=O)OC(C)(C)C)[C@@H](CCC(=O)OC(C)(C)C)[C@@H]1c1ccc(F)cc1)c1cc(C(F)(F)F)cc(C(F)(F)F)c1	c1ccc(CO[C@H]2CNC[C@@H]2c2ccccc2)cc1	dev
C=CCOc1ccc(C(=O)CC(=O)C(C)(C)C)cc1OC	CCCOc1ccc(C(=O)CC(=O)C(C)(C)C)cc1OC	c1ccccc1	validation
CCCCCCCCCCCCN(CCCC(=O)OCC)CCOc1ccc(/C=C/C(O)C(F)(F)F)cc1	CCCCCCCCCCCCN(CCCC(=O)OCC)CCOc1ccc(CCC(O)C(F)(F)F)cc1	c1ccccc1	validation
C=C[C@@H](C[C@H](O)[C@H](CC1CCCCC1)NC(=O)[C@@H](N)Cc1c[nH]cn1)C(C)C	CC[C@@H](C[C@H](O)[C@H](CC1CCCCC1)NC(=O)[C@@H](N)Cc1c[nH]cn1)C(C)C	O=C(CCc1c[nH]cn1)NCCC1CCCCC1	validation
CCOC(=O)/C=C/c1sc2cc(Br)ccc2c1C	CCOC(=O)CCc1sc2cc(Br)ccc2c1C	c1ccc2sccc2c1	holdout
O=C(C=Cc1cccc(O)c1)c1ccccc1	O=C(CCc1cccc(O)c1)c1ccccc1	O=C(CCc1ccccc1)c1ccccc1	dev
CCCCC/C=C(\Br)C(=O)O	CCCCCC[C@@H](Br)C(=O)O	CCCCCC[C@@H](Br)C(=O)O	validation
Cc1nc(C=Cc2nc3ccc(F)cc3c(=O)n2-c2cccnc2C)cs1	Cc1nc(CCc2nc3ccc(F)cc3c(=O)n2-c2cccnc2C)cs1	O=c1c2ccccc2nc(CCc2cscn2)n1-c1cccnc1	dev
C=C(C)c1cc(-c2ccc(OCCNC(=O)OC(C)(C)C)cc2)n(-c2ccc(OC)cc2)n1	COc1ccc(-n2nc(C(C)C)cc2-c2ccc(OCCNC(=O)OC(C)(C)C)cc2)cc1	c1ccc(-c2ccnn2-c2ccccc2)cc1	dev
Oc1ccc(C2=Cc3ccc(O)cc3OC2)cc1	Oc1ccc(C2COc3cc(O)ccc3C2)cc1	c1ccc(C2COc3ccccc3C2)cc1	validation
COC(=O)C[C@@H]1COc2cc(O[C@@H]3CCc4c(Oc5ccc(C=CCC(C)(C)O)cn5)ccc(F)c43)ccc21	COC(=O)C[C@@H]1COc2cc(O[C@@H]3CCc4c(Oc5ccc(CCCC(C)(C)O)cn5)ccc(F)c43)ccc21	c1ccc(Oc2cccc3c2CC[C@H]3Oc2ccc3c(c2)OCC3)nc1	validation
CCc1nc2c(C)cc(C)nc2n1Cc1ccc(/C=C/CO)cc1	CCc1nc2c(C)cc(C)nc2n1Cc1ccc(CCCO)cc1	c1ccc(Cn2cnc3cccnc32)cc1	validation
CC1=C2CCC[C@H](O)[C@@]2(c2cccc(F)c2)CCC1=O	C[C@@H]1C(=O)CC[C@]2(c3cccc(F)c3)[C@@H](O)CCC[C@@H]12	O=C1CC[C@]2(c3ccccc3)CCCC[C@H]2C1	dev
C=C(C)c1snc(-c2ccc(CC)cc2)c1COc1ccc(CCC(=O)OCC)c(C)c1C	CCOC(=O)CCc1ccc(OCc2c(-c3ccc(CC)cc3)nsc2C(C)C)c(C)c1C	c1ccc(OCc2csnc2-c2ccccc2)cc1	holdout
COC(=O)C(Cc1cc(OC)cc(OC)c1)c1ccc(Oc2ccc(C=C3SC(=O)NC3=O)cc2)cc1	COC(=O)C(Cc1cc(OC)cc(OC)c1)c1ccc(Oc2ccc(CC3SC(=O)NC3=O)cc2)cc1	O=C1NC(=O)C(Cc2ccc(Oc3ccc(CCc4ccccc4)cc3)cc2)S1	dev
CC(C)(C)[SiH2]OC(C)(C)C12C=CC(C(C)(C)O[SiH2]C(C)(C)C)(CC(c3ccc(N)cc3)=C1)O2	CC(C)(C)[SiH2]OC(C)(C)C12C=C(c3ccc(N)cc3)CC(C(C)(C)O[SiH2]C(C)(C)C)(CC1)O2	C1=C(c2ccccc2)CC2CCC1O2	dev
COC(=O)/C=C/c1c2n(c(=O)c3cc(OC)ccc13)CCc1ccccc1-2	COC(=O)CCc1c2n(c(=O)c3cc(OC)ccc13)CCc1ccccc1-2	O=c1c2ccccc2cc2n1CCc1ccccc1-2	dev
COc1ccccc1C=C(C)C	COc1ccccc1CC(C)C	c1ccccc1	validation
C1=CC2(CCNC2)Oc2ccccc21	c1ccc2c(c1)CCC1(CCNC1)O2	c1ccc2c(c1)CCC1(CCNC1)O2	dev
C=CC(=O)N(c1nc(-n2c(C)ccc2C)nc(C)c1Br)N1CCCC1	Cc1nc(-n2c(C)ccc2C)nc2c1ccc(=O)n2N1CCCC1	O=c1ccc2cnc(-n3cccc3)nc2n1N1CCCC1	validation
C=C(C)c1cc2c(-c3ccc(S(=O)(=O)NC4CCS(=O)(=O)CC4)cc3)ccnc2n1S(=O)(=O)c1ccccc1	CC(C)c1cc2c(-c3ccc(S(=O)(=O)NC4CCS(=O)(=O)CC4)cc3)ccnc2n1S(=O)(=O)c1ccccc1	O=S1(=O)CCC(NS(=O)(=O)c2ccc(-c3ccnc4c3ccn4S(=O)(=O)c3ccccc3)cc2)CC1	dev
N#CC(=CCC(c1ccc(Cl)cc1)C1CC1)c1cccc(Oc2ccccc2)c1	N#CC(CCC(c1ccc(Cl)cc1)C1CC1)c1cccc(Oc2ccccc2)c1	c1ccc(Oc2cccc(CCCC(c3ccccc3)C3CC3)c2)cc1	dev
C[C@@H](NC(=O)[C@@H](NC(=O)[C@H](C/C=C/c1ccc(-c2ccccc2)c(Cl)c1)CC(=O)OC(C)(C)C)C(C)(C)C)c1ccccc1	C[C@@H](NC(=O)[C@@H](NC(=O)[C@H](CCCc1ccc(-c2ccccc2)c(Cl)c1)CC(=O)OC(C)(C)C)C(C)(C)C)c1ccccc1	O=C(CCCCc1ccc(-c2ccccc2)cc1)NCC(=O)NCc1ccccc1	holdout
COCC=Cc1cc(OC)c(C[C@@H](C)NC(=O)C(F)(F)F)cc1OC	COCCCc1cc(OC)c(C[C@@H](C)NC(=O)C(F)(F)F)cc1OC	c1ccccc1	validation
CN1CCC(OC(c2cccc(C#CCCN)c2)c2nc3ccccc3[nH]2)CC1	CN1CCC(OC(c2cccc(CCCCN)c2)c2nc3ccccc3[nH]2)CC1	c1ccc(C(OC2CCNCC2)c2nc3ccccc3[nH]2)cc1	dev
C=C(C)c1ccc2c(c1Cl)CC[C@]1(C)CN(Cc3ccccc3)C[C@H]21	CC(C)c1ccc2c(c1Cl)CC[C@]1(C)CN(Cc3ccccc3)C[C@H]21	c1ccc(CN2CC3CCc4ccccc4[C@H]3C2)cc1	dev
CCOC(=O)C=C1CCN(C(=O)OCC)CC1Cc1ccccc1	CCOC(=O)CC1CCN(C(=O)OCC)CC1Cc1ccccc1	c1ccc(CC2CCCNC2)cc1	dev
CN(CCOc1ccc(C=C2SC(=O)NC2=O)cc1)C(=O)c1ccccc1	CN(CCOc1ccc(CC2SC(=O)NC2=O)cc1)C(=O)c1ccccc1	O=C1NC(=O)C(Cc2ccc(OCCNC(=O)c3ccccc3)cc2)S1	dev
C=CCc1ccccc1OCC(=O)OCC	CCCc1ccccc1OCC(=O)OCC	c1ccccc1	validation
CCOC(=O)/C=C/c1c(C)nc(N)nc1N[C@H]1CC[C@@H](OCCO)CC1	Cc1nc(N)nc2c1ccc(=O)n2[C@H]1CC[C@@H](OCCO)CC1	O=c1ccc2cncnc2n1C1CCCCC1	dev
COC(=O)C/C=C/c1cccc2nc(NCc3ccc(C)o3)ccc12	COC(=O)CCCc1cccc2nc(NCc3ccc(C)o3)ccc12	c1coc(CNc2ccc3ccccc3n2)c1	dev
Cn1nc(C2=CCN(C(=O)OC(C)(C)C)CC2)ccc1=O	Cn1nc(C2CCN(C(=O)OC(C)(C)C)CC2)ccc1=O	O=c1ccc(C2CCNCC2)n[nH]1	holdout
O=C1NC(=O)C(=Cc2ccc3c(c2)CN(c2ccccn2)CCO3)S1	O=C1NC(=O)C(Cc2ccc3c(c2)CN(c2ccccn2)CCO3)S1	O=C1NC(=O)C(Cc2ccc3c(c2)CN(c2ccccn2)CCO3)S1	dev
CCOC(=O)C=Cc1ccn(-c2ccc(N3C[C@H](CNC(C)=O)OC3=O)cc2F)c1	CCOC(=O)CCc1ccn(-c2ccc(N3C[C@H](CNC(C)=O)OC3=O)cc2F)c1	O=C1OCCN1c1ccc(-n2cccc2)cc1	holdout
C=C(C)C(=O)OC	OCCc1ncc[nH]1	c1c[nH]cn1	dev
COC(=O)c1ccc(-c2cc(OC)ccc2F)c(C2=CC(C)(C)CC(C)(C)C2)c1	COC(=O)c1ccc(-c2cc(OC)ccc2F)c(C2CC(C)(C)CC(C)(C)C2)c1	c1ccc(-c2ccccc2C2CCCCC2)cc1	validation
O=C(O)C(Cl)(Cl)CCCCCCCCC=Cc1ccccc1	O=C(O)C(Cl)(Cl)CCCCCCCCCCc1ccccc1	c1ccccc1	validation
COc1ccc(C(C)(O)CN2C=C(C)c3c(nnn3-c3ccc(F)cc3)C2C)cc1	COc1ccc(C(C)(O)CN2CC(C)c3c(nnn3-c3ccc(F)cc3)C2C)cc1	c1ccc(CCN2CCc3c(nnn3-c3ccccc3)C2)cc1	validation
COc1ccc(C2=CSC(=O)[C@H](Cc3ccccc3)N2)c(OC)c1	COc1ccc([C@@H]2CSC(=O)[C@H](Cc3ccccc3)N2)c(OC)c1	O=C1SC[C@@H](c2ccccc2)N[C@H]1Cc1ccccc1	dev
COC[C@H]1CN(C(=O)OC(C)(C)C)[C@H](C)CN1CC(=O)N1CC(C)(C)c2cnc(C3=CCCCC3)cc21	COC[C@H]1CN(C(=O)OC(C)(C)C)[C@H](C)CN1CC(=O)N1CC(C)(C)c2cnc(C3CCCCC3)cc21	O=C(CN1CCNCC1)N1CCc2cnc(C3CCCCC3)cc21	validation
CCOC(=O)/C=C/C(=O)N(Cc1ccc(OC)cc1OC)c1c(Cl)cccc1C(O)c1cccc(OC)c1OC	CCOC(=O)C[C@H]1O[C@H](c2cccc(OC)c2OC)c2cccc(Cl)c2N(Cc2ccc(OC)cc2OC)C1=O	O=C1CO[C@H](c2ccccc2)c2ccccc2N1Cc1ccccc1	dev
CCN1CC=C(c2cccc(S(=O)(=O)N(C)C)c2F)CC1	CCN1CCC(c2cccc(S(=O)(=O)N(C)C)c2F)CC1	c1ccc(C2CCNCC2)cc1	validation
COC(=O)/C(=C/c1cc(-c2ccccc2)cnc1NC(=O)OC(C)(C)C)NC(=O)OCc1ccccc1	COC(=O)C(Cc1cc(-c2ccccc2)cnc1NC(=O)OC(C)(C)C)NC(=O)OCc1ccccc1	O=C(NCCc1cncc(-c2ccccc2)c1)OCc1ccccc1	validation
COc1ccc2c(c1C#CCN1CCN(C(=O)OC(C)(C)C)CC1)OCC2=O	COc1ccc2c(c1CCCN1CCN(C(=O)OC(C)(C)C)CC1)OCC2=O	O=C1COc2c(CCCN3CCNCC3)cccc21	validation
C[C@@H](C1CC=C(c2cccc3ncnn23)CC1)[C@H](NC(=O)OC(C)(C)C)C(=O)N1CCC(F)(F)C1	C[C@@H](C1CCC(c2cccc3ncnn23)CC1)[C@H](NC(=O)OC(C)(C)C)C(=O)N1CCC(F)(F)C1	O=C(CCC1CCC(c2cccc3ncnn23)CC1)N1CCCC1	holdout
CCCC(C)=CCCBr	CCCC(C)CCCBr	CCCC(C)CCCBr	validation
C=C(c1ccc2c(c1)sc(=O)n2COC)c1ccn[nH]1	COCn1c(=O)sc2cc(C(C)c3ccn[nH]3)ccc21	O=c1[nH]c2ccc(Cc3ccn[nH]3)cc2s1	dev
O=C1CCCCCCC=CCCCCCCC1	O=C1CCCCCCCCCCCCCCC1	O=C1CCCCCCCCCCCCCCC1	dev
O=C(O)/C=C/C(=O)c1c(-c2ccccc2)nn2ccccc12	O=C(O)CCC(=O)c1c(-c2ccccc2)nn2ccccc12	c1ccc(-c2cc3ccccn3n2)cc1	dev
NC(=O)Cc1ccccc1C#Cc1nc(Cl)ncc1Cl	NC(=O)Cc1ccccc1CCc1nc(Cl)ncc1Cl	c1ccc(CCc2ccncn2)cc1	dev
CCOC(=O)/C=C/c1cncc(Cl)c1	CCOC(=O)CCc1cncc(Cl)c1	c1ccncc1	dev
CCOC(=O)/C=C(/C)c1cc(SCc2ccccc2)ccc1Nc1cc(Cl)c(Br)cc1OC	COc1cc(Br)c(Cl)cc1-n1c(=O)cc(C)c2cc(SCc3ccccc3)ccc21	O=c1ccc2cc(SCc3ccccc3)ccc2n1-c1ccccc1	dev
C=Cc1nn(C)c2cc(N(CC(=O)NCCN(CC)C(=O)OC(C)(C)C)CC(=O)N(C)N3Cc4ccccc4C3)c(C)cc12	CCc1nn(C)c2cc(N(CC(=O)NCCN(CC)C(=O)OC(C)(C)C)CC(=O)N(C)N3Cc4ccccc4C3)c(C)cc12	O=C(CNc1ccc2cn[nH]c2c1)NN1Cc2ccccc2C1	dev
COc1ccc2c(c1)/C(=C/CNC(C)=O)CCC2	COc1ccc2c(c1)C(CCNC(C)=O)CCC2	c1ccc2c(c1)CCCC2	dev
CCCC/C(=C\c1ccc(C#N)c(F)c1)c1sc(-c2ccc(C(F)(F)F)cc2)nc1C	CCCCC(Cc1ccc(C#N)c(F)c1)c1sc(-c2ccc(C(F)(F)F)cc2)nc1C	c1ccc(CCc2cnc(-c3ccccc3)s2)cc1	validation
C=C(C)C1CCC(C)=C1CC(C)C=O	CC1=C(CC(C)C=O)C(C(C)C)CC1	C1=CCCC1	dev
COC(=O)/C=C/c1ccc(-c2cc(F)cc(F)c2)cc1	COC(=O)CCc1ccc(-c2cc(F)cc(F)c2)cc1	c1ccc(-c2ccccc2)cc1	dev
CC(C)(C)OC(=O)N1CCC/C(=C\c2ncn3c2CCc2ccccc2-3)C1=O	CC(C)(C)OC(=O)N1CCCC(Cc2ncn3c2CCc2ccccc2-3)C1=O	O=C1NCCCC1Cc1ncn2c1CCc1ccccc1-2	dev
C=C(C)C[C@@]1(c2cc(Cc3ccc(CC)cc3)c(Cl)cc2O)O[C@H](COCc2ccccc2)[C@@H](OCc2ccccc2)[C@H](OCc2ccccc2)[C@H]1OCc1ccccc1	CCc1ccc(Cc2cc3c(cc2Cl)OC(C)(C)C[C@]32O[C@H](COCc3ccccc3)[C@@H](OCc3ccccc3)[C@H](OCc3ccccc3)[C@H]2OCc2ccccc2)cc1	c1ccc(COC[C@H]2O[C@]3(CCOc4ccc(Cc5ccccc5)cc43)[C@H](OCc3ccccc3)[C@@H](OCc3ccccc3)[C@@H]2OCc2ccccc2)cc1	dev
CCOC(=O)/C=C/c1ccc(C(=O)OC)nc1N	CCOC(=O)CCc1ccc(C(=O)OC)nc1N	c1ccncc1	dev
CON(C)C(=O)c1ccc(Oc2nccnc2C2=CCSCC2)cc1	CON(C)C(=O)c1ccc(Oc2nccnc2C2CCSCC2)cc1	c1ccc(Oc2nccnc2C2CCSCC2)cc1	holdout
CCOC(=O)NC(=O)C(C#N)=CNNc1c(Cl)cc(Cl)cc1Cl	N#Cc1cn(Nc2c(Cl)cc(Cl)cc2Cl)c(=O)[nH]c1=O	O=c1ccn(Nc2ccccc2)c(=O)[nH]1	dev
COC1COCC[C@H]1N[C@@H]1CC[C@@](C(=O)N2CC=C(c3cccc(C(F)(F)F)c3)CC2)(C(C)C)C1	COC1COCC[C@H]1N[C@@H]1CC[C@@](C(=O)N2CCC(c3cccc(C(F)(F)F)c3)CC2)(C(C)C)C1	O=C(C1CC[C@@H](NC2CCOCC2)C1)N1CCC(c2ccccc2)CC1	validation
COCc1cccc(C=CC(O)c2ccccc2)c1NC(=O)CC1c2ccccc2Oc2ccccc21	COCc1cccc(CCC(O)c2ccccc2)c1NC(=O)CC1c2ccccc2Oc2ccccc21	O=C(CC1c2ccccc2Oc2ccccc21)Nc1ccccc1CCCc1ccccc1	validation
CCOC(=O)c1c(C)nc(NC/C=C/c2ccc(C)c(O)c2)nc1C	CCOC(=O)c1c(C)nc(NCCCc2ccc(C)c(O)c2)nc1C	c1ccc(CCCNc2ncccn2)cc1	validation
C=CCCNc1cc(C(=O)NC(CC(C)CCC=C)C2CC(C)C(=O)O2)cc(OC)n1	COc1cc2cc(n1)NCCC=CCCC(C)CC(C1CC(C)C(=O)O1)NC2=O	O=C1CCC(C2CCCCC=CCCNc3cc(ccn3)C(=O)N2)O1	dev
C#CC(O)(c1ccccc1)c1cc(C)ccc1C	CCC(O)(c1ccccc1)c1cc(C)ccc1C	c1ccc(Cc2ccccc2)cc1	dev
C=CCN(c1c(C(=O)C=C)cnn1Cc1ccc(OC)cc1)[C@@H](C)COC	COC[C@H](C)N1CC=CC(=O)c2cnn(Cc3ccc(OC)cc3)c21	O=C1C=CCNc2c1cnn2Cc1ccccc1	dev
COCCc1nc2cnc3ccc(C=CC(=O)N(C)C)cc3c2n1CCCN1CCCC1=O	COCCc1nc2cnc3ccc(CCC(=O)N(C)C)cc3c2n1CCCN1CCCC1=O	O=C1CCCN1CCCn1cnc2cnc3ccccc3c21	dev
CN1c2nc(C3=CC4CNCC4C3)ccc2N(CC2CC2(F)F)S1(=O)=O	CN1c2nc(C3CC4CNCC4C3)ccc2N(CC2CC2(F)F)S1(=O)=O	O=S1(=O)Nc2nc(C3CC4CNCC4C3)ccc2N1CC1CC1	validation
COc1cccc(C=C2NC(=O)CN(C(C)=O)C2=O)c1OC	COc1cccc(CC2NC(=O)CN(C(C)=O)C2=O)c1OC	O=C1CNC(=O)C(Cc2ccccc2)N1	dev
CCOC(=O)C(=Cc1cccc(OCCc2ccc(OS(C)(=O)=O)cc2)c1)OCC	CCOC(=O)C(Cc1cccc(OCCc2ccc(OS(C)(=O)=O)cc2)c1)OCC	c1ccc(CCOc2ccccc2)cc1	holdout
CCOC(=O)/C=C/c1cn(Cc2ccccc2)nc1C(C)C	CCOC(=O)CCc1cn(Cc2ccccc2)nc1C(C)C	c1ccc(Cn2cccn2)cc1	holdout
CC(C)(C)OC(=O)N1CCC(=Cc2cccc(OCc3ccccc3)c2)CC1	O=C(O)C(F)(F)F	O=C(O)C(F)(F)F	dev
N#CC=C1c2ccccc2-c2ccccc21	N#CCC1c2ccccc2-c2ccccc21	c1ccc2c(c1)Cc1ccccc1-2	validation
CCOC(=O)/C=C/c1ccc(OCCO[Si](c2ccccc2)(c2ccccc2)C(C)(C)C)cc1Oc1ncc(C(F)(F)F)cc1Cl	CCOC(=O)CCc1ccc(OCCO[Si](c2ccccc2)(c2ccccc2)C(C)(C)C)cc1Oc1ncc(C(F)(F)F)cc1Cl	c1ccc([SiH](OCCOc2cccc(Oc3ccccn3)c2)c2ccccc2)cc1	dev
COC(=O)/C=C/c1cc(C(c2cc(F)ccc2F)S(=O)(=O)c2ccc(Cl)cc2)c(F)cn1	COC(=O)CCc1cc(C(c2cc(F)ccc2F)S(=O)(=O)c2ccc(Cl)cc2)c(F)cn1	O=S(=O)(c1ccccc1)C(c1ccccc1)c1ccncc1	holdout
C[C@H]1COC(=O)[C@H](C)CC=CCCC(=O)N1	C[C@H]1COC(=O)[C@H](C)CCCCCC(=O)N1	O=C1CCCCCCC(=O)OCCN1	holdout
COc1cc(/C=C(\CCCCl)C(=O)OC(C)(C)C)ccc1-n1cnc(C)c1	O=C(O)C(F)(F)F	O=C(O)C(F)(F)F	dev
CCOC(=O)c1cnn(-c2cccc(-c3cc(C)ccc3OCc3ccc(C4=CCN(C(=O)OC(C)(C)C)CC4)cc3)n2)c1C(F)(F)F	CCOC(=O)c1cnn(-c2cccc(-c3cc(C)ccc3OCc3ccc(C4CCN(C(=O)OC(C)(C)C)CC4)cc3)n2)c1C(F)(F)F	c1cc(-c2ccccc2OCc2ccc(C3CCNCC3)cc2)nc(-n2cccn2)c1	dev
CN(CC1=C(C#N)C(c2cccc3nonc23)c2c[nH]nc2N1)C(=O)OC(C)(C)C	O=C(O)C(F)(F)F	O=C(O)C(F)(F)F	dev
O=S1(=O)C=Cc2ccccc21	O=S1(=O)CCc2ccccc21	O=S1(=O)CCc2ccccc21	dev
CCCCOC(=O)/C=C/c1cc(CO[Si](C)(C)C(C)(C)C)cc(OC)n1	CCCCOC(=O)CCc1cc(CO[Si](C)(C)C(C)(C)C)cc(OC)n1	c1ccncc1	dev
COC(=O)c1cc(O)c2cc(C#Cc3ccccc3)cc(OC)c2n1	COC(=O)c1cc(O)c2cc(CCc3ccccc3)cc(OC)c2n1	c1ccc(CCc2ccc3ncccc3c2)cc1	holdout
CCOC(=O)C=C1CC[C@H](c2ccc(N)cc2)C1	CCOC(=O)CC1CC[C@H](c2ccc(N)cc2)C1	c1ccc(C2CCCC2)cc1	validation
CCOC(=O)C=C1CCCc2cc(OC)ccc21	CCOC(=O)CC1CCCc2cc(OC)ccc21	c1ccc2c(c1)CCCC2	dev
CC(C)C=Cc1c(C(C)C)nc(NC(C)C)c2n[nH]c(=O)n12	CC(C)CCc1c(C(C)C)nc(NC(C)C)c2n[nH]c(=O)n12	O=c1[nH]nc2cnccn12	validation
COc1ccc2c(c1OC)CC(c1ccccc1)C=C2C#N	COc1ccc2c(c1OC)CC(c1ccccc1)CC2C#N	c1ccc(C2CCc3ccccc3C2)cc1	dev
COc1ccc(C#Cc2cnc3c(N)nc4cc(C)ccc4c3c2)c(C)c1	COc1ccc(CCc2cnc3c(N)nc4cc(C)ccc4c3c2)c(C)c1	c1ccc(CCc2cnc3cnc4ccccc4c3c2)cc1	holdout
CCOC(=O)N1CCc2ccc(NC(=O)C=C(C)C)cc2CC1	CCOC(=O)N1CCc2cc3c(cc2CC1)C(C)(C)CC(=O)N3	O=C1CCc2cc3c(cc2N1)CCNCC3	dev
Cc1cc(C=Cc2ccc(-c3ccc(C(F)(F)F)cc3)cc2)ccc1OCC(=O)O	Cc1cc(CCc2ccc(-c3ccc(C(F)(F)F)cc3)cc2)ccc1OCC(=O)O	c1ccc(CCc2ccc(-c3ccccc3)cc2)cc1	dev
O=C([C@@H]1CCC=C[C@H]1c1ccccc1)N1CC(CN2CCC(c3ccccc3)CC2)C(c2ccccc2)C1	O=C([C@@H]1CCCC[C@H]1c1ccccc1)N1CC(CN2CCC(c3ccccc3)CC2)C(c2ccccc2)C1	O=C([C@@H]1CCCC[C@H]1c1ccccc1)N1CC(CN2CCC(c3ccccc3)CC2)C(c2ccccc2)C1	holdout
Nc1ncnc2c1c(-c1ccc(Oc3ccccc3)cc1)cn2C1C=CC(O)C1	Nc1ncnc2c1c(-c1ccc(Oc3ccccc3)cc1)cn2C1CCC(O)C1	c1ccc(Oc2ccc(-c3cn(C4CCCC4)c4ncncc34)cc2)cc1	dev
COc1cccc(C=CCC(=O)O)c1OC	COc1cccc(CCCC(=O)O)c1OC	c1ccccc1	validation
O=C(NCc1ccc(Cl)cc1)C(=CNCCN1CCOCC1)C(=O)c1cc(CN2CCOCC2)sc1Cl	O=C(NCc1ccc(Cl)cc1)c1cn(CCN2CCOCC2)c2sc(CN3CCOCC3)cc2c1=O	O=C(NCc1ccccc1)c1cn(CCN2CCOCC2)c2sc(CN3CCOCC3)cc2c1=O	holdout
CCOC(=O)C1=C(NCCC(C)C)CCC1	CCOC(=O)[C@@H]1CCC[C@H]1NCCC(C)C	C1CCCC1	validation
CCNC(=O)OC[C@H]1CCc2c(sc(NC(=O)/C=C/c3cccnc3)c2C#N)C1	CCNC(=O)OC[C@H]1CCc2c(sc(NC(=O)CCc3cccnc3)c2C#N)C1	O=C(CCc1cccnc1)Nc1cc2c(s1)CCCC2	dev
CS(=O)(=O)Nc1cc(-c2ccc3nccc(C4=CCOCC4)c3c2)cnc1Cl	CS(=O)(=O)Nc1cc(-c2ccc3nccc(C4CCOCC4)c3c2)cnc1Cl	c1cncc(-c2ccc3nccc(C4CCOCC4)c3c2)c1	validation
Fc1ccc(C2=CCNCC2)cc1Cl	Fc1ccc(C2CCNCC2)cc1Cl	c1ccc(C2CCNCC2)cc1	validation
CC(=O)N[C@](C)(CCc1ccc(C#CCCCc2ccccc2)o1)COC(C)=O	CC(=O)N[C@](C)(CCc1ccc(CCCCCc2ccccc2)o1)COC(C)=O	c1ccc(CCCCCc2ccco2)cc1	holdout
Cc1c(C=CCCCCCCCCCC(=O)O)cccc1C(=O)c1ccc(Cl)cc1	Cc1c(CCCCCCCCCCCC(=O)O)cccc1C(=O)c1ccc(Cl)cc1	O=C(c1ccccc1)c1ccccc1	holdout
COCOc1ccc(C=CC(=O)c2c(OCOC)cc(OCOC)c(CC=C(C)C)c2OC(C)=O)cc1	COCOc1ccc(CCC(=O)c2c(OCOC)cc(OCOC)c(CC=C(C)C)c2OC(C)=O)cc1	O=C(CCc1ccccc1)c1ccccc1	dev
O=c1ccn([C@H]2C=C[C@@H](CO)O2)c(=O)[nH]1	O=c1ccn([C@H]2CC[C@@H](CO)O2)c(=O)[nH]1	O=c1ccn([C@H]2CCCO2)c(=O)[nH]1	dev
O=C1NC(=O)C(=Cc2ccc(O)c3c2CCC(=O)N3Cc2ccccc2)S1	O=C1NC(=O)C(Cc2ccc(O)c3c2CCC(=O)N3Cc2ccccc2)S1	O=C1NC(=O)C(Cc2cccc3c2CCC(=O)N3Cc2ccccc2)S1	validation
CCOC(=O)/C=C/c1ccc(O)c2c1CCC2	CCOC(=O)CCc1ccc(O)c2c1CCC2	c1ccc2c(c1)CCC2	dev
COc1cc(/C=C(\CCCCl)C(=O)OC(C)(C)C)ccc1-n1cnc(C)n1	O=C(O)C(F)(F)F	O=C(O)C(F)(F)F	dev
Cc1ccccc1C(=CCOCCN1CCC[C@@H](C(=O)O)C1)c1ccccc1C	Cc1ccccc1C(CCOCCN1CCC[C@@H](C(=O)O)C1)c1ccccc1C	c1ccc(C(CCOCCN2CCCCC2)c2ccccc2)cc1	dev
CC(C)[C@]1(C(=O)N2CC=C(c3cccc(C(F)(F)F)c3)CC2)CC[C@@H](NC2CCOCC2)C1	CC(C)[C@]1(C(=O)N2CCC(c3cccc(C(F)(F)F)c3)CC2)CC[C@@H](NC2CCOCC2)C1	O=C(C1CC[C@@H](NC2CCOCC2)C1)N1CCC(c2ccccc2)CC1	validation
C=CCc1cc(CO)ccc1O	CCCc1cc(CO)ccc1O	c1ccccc1	validation
C/C(=C\[C@@H](Cc1ccc(-c2ccccc2)cc1)NC(=O)OC(C)(C)C)C(=O)O	C[C@@H](C[C@@H](Cc1ccc(-c2ccccc2)cc1)NC(=O)OC(C)(C)C)C(=O)O	c1ccc(-c2ccccc2)cc1	dev
C=CCc1cc(C#N)ccc1O	CCCc1cc(C#N)ccc1O	c1ccccc1	validation
OCC#Cc1cccs1	OCCCc1cccs1	c1ccsc1	holdout
CCCCC(O)C1CC=C(C)CC1C	CCCCC1OC2(C)CCC1C(C)C2	C1CC2CCC1CO2	holdout
C[Si](C)(C)c1cc(C(=O)Nc2ccc(C=CC(=O)O)cc2)cc([Si](C)(C)C)c1	C[Si](C)(C)c1cc(C(=O)Nc2ccc(CCC(=O)O)cc2)cc([Si](C)(C)C)c1	O=C(Nc1ccccc1)c1ccccc1	dev
O=C(NCCO)/C(=C/c1ccc(C(F)(F)F)cc1)NC(=O)c1ccc(OCCC2CC2)cc1	O=C(NC(Cc1ccc(C(F)(F)F)cc1)C(=O)NCCO)c1ccc(OCCC2CC2)cc1	O=C(NCCc1ccccc1)c1ccc(OCCC2CC2)cc1	dev
COc1cccc2c1CCC1=C2CC(=O)N1	COc1cccc2c1CC[C@@H]1NC(=O)C[C@H]21	O=C1C[C@@H]2c3ccccc3CC[C@@H]2N1	dev
COC(=O)C1CCC2(C=C(c3nc(-n4nnnc4C(F)(F)F)ccc3OC)CO2)C1c1ccc(F)cc1	COC(=O)[C@H]1CC[C@@]2(C[C@@H](c3nc(-n4nnnc4C(F)(F)F)ccc3OC)CO2)[C@@H]1c1ccc(F)cc1	c1ccc([C@@H]2CCC[C@@]23C[C@@H](c2cccc(-n4cnnn4)n2)CO3)cc1	holdout
CCOC(=O)C1=C(N[C@@H](C)c2ccccc2)CCC(F)(F)C1	CCOC(=O)C1CC(F)(F)CCC1N[C@@H](C)c1ccccc1	c1ccc(CNC2CCCCC2)cc1	holdout
COC(=O)C(=Cc1cccnc1NC(=O)C(C)(C)C)NC(=O)OC(C)(C)C	COC(=O)C(Cc1cccnc1NC(=O)C(C)(C)C)NC(=O)OC(C)(C)C	c1ccncc1	dev
CCOC(=O)CCC(C)=Cc1ccc(F)cc1	CCOC(=O)CCC(C)Cc1ccc(F)cc1	c1ccccc1	validation
COC(=O)/C=C/c1ccoc1	COC(=O)CCc1ccoc1	c1ccoc1	dev
COc1cc(OC)c2c(=O)[nH]c(-c3ccc(C4=CCN(C(=O)OC(C)(C)C)CC4)cc3)nc2c1	COc1cc(OC)c2c(=O)[nH]c(-c3ccc(C4CCN(C(=O)OC(C)(C)C)CC4)cc3)nc2c1	O=c1[nH]c(-c2ccc(C3CCNCC3)cc2)nc2ccccc12	validation
C=C(C)[C@@H]1CC[C@]2(CO)CC[C@]3(C)[C@H](CC[C@@H]4[C@@]5(C)CC=C(c6ccc(C(=O)O)cc6)C(C)(C)[C@@H]5CC[C@]43C)[C@@H]12	CC(C)[C@@H]1CC[C@]2(CO)CC[C@]3(C)[C@H](CC[C@@H]4[C@@]5(C)CC=C(c6ccc(C(=O)O)cc6)C(C)(C)[C@@H]5CC[C@]43C)[C@@H]12	C1=C(c2ccccc2)C[C@@H]2CCC3C4CCC5CCC[C@@H]5[C@H]4CC[C@@H]3C2C1	validation
CC(C)(C)OC(=O)N1CC=C(c2c[nH]c3c(C(N)=O)cc(Br)cc23)CC1	CC(C)(C)OC(=O)N1CCC(c2c[nH]c3c(C(N)=O)cc(Br)cc23)CC1	c1ccc2c(C3CCNCC3)c[nH]c2c1	dev
CCCCCC=CC=C/C=C/C(=O)OCC	CCCCCCCC=C/C=C/C(=O)OCC	CCCCCCCC=C/C=C/C(=O)OCC	holdout
CCOC(=O)C=C[C@@H]1Cc2ccccc2C2(C1)OCCO2	CCOC(=O)CC[C@@H]1Cc2ccccc2C2(C1)OCCO2	c1ccc2c(c1)CCCC21OCCO1	dev
C=CC(C)c1cc2c(cc1O)CC[C@@H]1[C@@H]2CC[C@]2(C)C(=O)CC[C@@H]12	CCC(C)c1cc2c(cc1O)CC[C@@H]1[C@@H]2CC[C@]2(C)C(=O)CC[C@@H]12	O=C1CC[C@@H]2C1CC[C@@H]1c3ccccc3CC[C@H]12	validation
O=C1CC(=O)C2C3C=CC(O3)C12	O=C1CC(=O)C2C3CCC(O3)C12	O=C1CC(=O)C2C3CCC(O3)C12	holdout
C[C@]12CC[C@@H]3c4ccc(C(N)=O)cc4CC[C@H]3[C@@H]1C/C(=C\c1cccc(C(N)=O)c1)[C@@H]2O	C[C@]12CC[C@@H]3c4ccc(C(N)=O)cc4CC[C@H]3[C@@H]1C[C@H](Cc1cccc(C(N)=O)c1)[C@@H]2O	c1ccc(C[C@@H]2CC3CC[C@@H]4c5ccccc5CC[C@H]4[C@@H]3C2)cc1	dev
CN1C(=O)C(c2ccc(OS(C)(=O)=O)cc2)(c2ccc(F)c(/C=C/C3CC3)c2)N=C1N	CN1C(=O)C(c2ccc(OS(C)(=O)=O)cc2)(c2ccc(F)c(CCC3CC3)c2)N=C1N	O=C1NC=NC1(c1ccccc1)c1cccc(CCC2CC2)c1	holdout
CC#Cc1cc(S(C)(=O)=O)cc(Cl)c1N	Cc1cc2cc(S(C)(=O)=O)cc(Cl)c2[nH]1	c1ccc2[nH]ccc2c1	holdout
CCCOc1ccc2c(c1)C(=O)C=C2c1ccc2c(c1)OCO2	CCCOc1ccc2c(c1)C(=O)C[C@H]2c1ccc2c(c1)OCO2	O=C1C[C@@H](c2ccc3c(c2)OCO3)c2ccccc21	validation
Fc1c(OC(F)(F)F)cccc1C1=CCNCC1	Fc1c(OC(F)(F)F)cccc1C1CCNCC1	c1ccc(C2CCNCC2)cc1	validation
O=C(C=Cc1ccc(Cl)cc1)C1(Cl)CC1	O=C(CCc1ccc(Cl)cc1)C1(Cl)CC1	O=C(CCc1ccccc1)C1CC1	dev
CC(C)=C[C@H]1C[C@H]2CSC(NC(=O)c3ccccc3)=N[C@@]2(c2ccc(F)cc2F)CO1	CC(C)C[C@H]1C[C@H]2CSC(NC(=O)c3ccccc3)=N[C@@]2(c2ccc(F)cc2F)CO1	O=C(NC1=N[C@@]2(c3ccccc3)COCC[C@H]2CS1)c1ccccc1	holdout
C=CCCOCc1ccc(C(=O)O)cc1	CCCOCc1cccc(C(=O)O)c1	c1ccccc1	validation
CCCOc1c(C2=CCN(C(=O)OC(C)(C)C)CC2)ccc2c1CC[C@H](C)N2C(C)=O	CCCOc1c(C2CCN(C(=O)OC(C)(C)C)CC2)ccc2c1CC[C@H](C)N2C(C)=O	c1cc2c(cc1C1CCNCC1)CCCN2	dev
COC(=O)CC1CC=C(c2ccc(N3CCc4nc(C)nc(N)c4C3=O)cc2)CC1	COC(=O)CC1CCC(c2ccc(N3CCc4nc(C)nc(N)c4C3=O)cc2)CC1	O=C1c2cncnc2CCN1c1ccc(C2CCCCC2)cc1	holdout
COC(=O)C=C1CC(COCc2ccccc2)C1	COC(=O)CC1CC(COCc2ccccc2)C1	c1ccc(COCC2CCC2)cc1	dev
CCCCC=C(C=O)CCC	CCCCCC(C=O)CCC	CCCCCC(C=O)CCC	validation
COC(=O)C=Cc1ccc(C(=O)O)cc1	COC(=O)CCc1ccc(C(=O)O)cc1	c1ccccc1	validation
CCOC(=O)/C(=C\c1cccc(C(F)(F)F)c1)C(=O)C1CCC(c2ccccc2)CC1	CCOC(=O)C(Cc1cccc(C(F)(F)F)c1)C(=O)C1CCC(c2ccccc2)CC1	O=C(CCc1ccccc1)C1CCC(c2ccccc2)CC1	dev
O=C1NC(=O)C(=Cc2ccccn2)S1	O=C1NC(=O)C(Cc2ccccn2)S1	O=C1NC(=O)C(Cc2ccccn2)S1	validation
COc1cccc([C@H]2C=C(NC(C)(C)c3cccc(C(F)(F)F)n3)C(=O)N2c2ccc(C(F)(F)F)cc2)c1	COc1cccc([C@H]2C[C@@H](NC(C)(C)c3cccc(C(F)(F)F)n3)C(=O)N2c2ccc(C(F)(F)F)cc2)c1	O=C1[C@H](NCc2ccccn2)C[C@H](c2ccccc2)N1c1ccccc1	holdout
C=Cc1cn(C2(C)CN(C(=O)OC(C)(C)C)C2)c2cc3c(cc12)OCC1=NNC(=O)[C@@H](C)N13	CCc1cn(C2(C)CN(C(=O)OC(C)(C)C)C2)c2cc3c(cc12)OCC1=NNC(=O)[C@@H](C)N13	O=C1CN2C(=NN1)COc1cc3ccn(C4CNC4)c3cc12	holdout
CNC(=C[N+](=O)[O-])SC	CNC(C[N+](=O)[O-])SC	CNC(C[N+](=O)[O-])SC	validation
N#CC(C#N)=Cc1ccc(F)cc1Cl	N#CC(C#N)Cc1ccc(F)cc1Cl	c1ccccc1	validation
CCOC(=O)/C(C)=C/[C@@H](C)NC(=O)OC(C)(C)C	CCOC(=O)[C@H](C)C[C@@H](C)NC(=O)OC(C)(C)C	CCOC(=O)[C@H](C)C[C@@H](C)NC(=O)OC(C)(C)C	validation
Cc1cc(C#CCOC2CCCCO2)cs1	Cc1cc(CCCOC2CCCCO2)cs1	c1cc(CCCOC2CCCCO2)cs1	holdout
CO[C@H]1[C@H]([C@@]2(C)O[C@@H]2CC=C(C)C)[C@]2(CC[C@H]1OC(=O)/C=C/C=C/C=C/C=C/C(=O)O)CO2	CO[C@@H]1C(O)CC[C@]2(CO2)C1[C@@]1(C)O[C@@H]1CC=C(C)C	C1CC[C@]2(CO2)C(C2CO2)C1	validation
C/C=C(/C)c1cc(C#N)cc2nc(-c3ccc(C(=O)NCC4CCN(c5nccc(C(F)(F)F)n5)CC4)cc3)oc12	CCC(C)c1cc(C#N)cc2nc(-c3ccc(C(=O)NCC4CCN(c5nccc(C(F)(F)F)n5)CC4)cc3)oc12	O=C(NCC1CCN(c2ncccn2)CC1)c1ccc(-c2nc3ccccc3o2)cc1	dev
COc1ccc2c(c1C#Cc1ccccc1)CCCC2=O	COc1ccc2c(c1CCc1ccccc1)CCCC2=O	O=C1CCCc2c(CCc3ccccc3)cccc21	holdout
C=CCC(CC1CC2CCN1CC2)(c1ccccc1)c1ccccc1	CCCC(CC1CC2CCN1CC2)(c1ccccc1)c1ccccc1	c1ccc(C(CC2CC3CCN2CC3)c2ccccc2)cc1	holdout
CC(C)(C)OC(=O)N1CC(C(=O)O)=C(c2cccc(F)c2)C1	CC(C)(C)OC(=O)N1CC(C(=O)O)C(c2cccc(F)c2)C1	c1ccc(C2CCNC2)cc1	holdout
COCCCCC#Cc1ccc([C@@H]2CC[C@](N)(C(=O)OC)C2)cc1	O=C(O)[C@H](O)[C@@H](O)C(=O)O	O=C(O)[C@H](O)[C@@H](O)C(=O)O	holdout
C[C@@H]1CC=CCCC(=O)OC[C@@H]2CCCN2C1=O	C[C@@H]1CCCCCC(=O)OC[C@@H]2CCCN2C1=O	O=C1CCCCCCC(=O)N2CCC[C@H]2CO1	validation
CC1(C)OCC(=O)N[C@](C)(c2cc(C3=CCOCC3)ccc2F)C1(F)F	CC1(C)OCC(=O)N[C@](C)(c2cc(C3CCOCC3)ccc2F)C1(F)F	O=C1COCCC(c2cccc(C3CCOCC3)c2)N1	validation
c1ccc(C(=C2CCN(c3nc4ccccc4[nH]3)CC2)c2ccccc2)cc1	c1ccc(C(c2ccccc2)C2CCN(c3nc4ccccc4[nH]3)CC2)cc1	c1ccc(C(c2ccccc2)C2CCN(c3nc4ccccc4[nH]3)CC2)cc1	holdout
C#Cc1ccc(Nc2c(-c3nnc(NC[C@@H](O)CO)o3)ccc(F)c2F)c(F)c1	CCc1ccc(Nc2c(-c3nnc(NC[C@@H](O)CO)o3)ccc(F)c2F)c(F)c1	c1ccc(Nc2ccccc2-c2nnco2)cc1	holdout
CC(C)Cn1cnc2c(N)nc3ccc(C=Cc4ccncc4)cc3c21	CC(C)Cn1cnc2c(N)nc3ccc(CCc4ccncc4)cc3c21	c1cc(CCc2ccc3ncc4nc[nH]c4c3c2)ccn1	validation
C=CCc1cc(N2CCN(c3ccncc3)CC2)ccc1O	CCCc1cc(N2CCN(c3ccncc3)CC2)ccc1O	c1ccc(N2CCN(c3ccncc3)CC2)cc1	dev
CCOC(=O)/C=C/c1cc(F)c(OC)cc1CCC(C)C	CCOC(=O)CCc1cc(F)c(OC)cc1CCC(C)C	c1ccccc1	validation
C=C(C#N)C1CC(C)(C)CC1C	CC(C#N)C1CC(C)(C)CC1C	C1CCCC1	validation
CCOC(=O)/C=C/C(C)(C)CCCCCOC1CCCCO1	CCOC(=O)CCC(C)(C)CCCCCOC1CCCCO1	C1CCOCC1	dev
C=Cc1c(F)cnc2ccc(OC)nc12	CCc1c(F)cnc2ccc(OC)nc12	c1cnc2cccnc2c1	dev
CC(C)(C)OC(=O)NC1CC=C(c2cnc3[nH]ccc3c2)CC1	CC(C)(C)OC(=O)NC1CCC(c2cnc3[nH]ccc3c2)CC1	c1cc2cc(C3CCCCC3)cnc2[nH]1	dev
COC(=O)C=Cc1cc(C)c(C=O)c(C)c1	COC(=O)CCc1cc(C)c(C=O)c(C)c1	c1ccccc1	validation
N#Cc1cccc(C=CCO)c1	N#Cc1cccc(CCCO)c1	c1ccccc1	validation
CCOC(=O)C=C1CCOCC1	CCOC(=O)CC1CCOCC1	C1CCOCC1	dev
CC[C@@H](/C=C/C(=O)OC)NC(=O)OC(C)(C)C	O=C(O)C(F)(F)F	O=C(O)C(F)(F)F	dev
CCCn1c(-c2ccnc(Nc3ccccc3)n2)cnc1C=CC(C)(C)C	CCCn1c(-c2ccnc(Nc3ccccc3)n2)cnc1CCC(C)(C)C	c1ccc(Nc2nccc(-c3cnc[nH]3)n2)cc1	dev
COC(=O)c1cccc(C#CC(C)(C)C)c1-c1ccc2nc(N)c(N3CCOCC3)cc2c1	COC(=O)c1cccc(CCC(C)(C)C)c1-c1ccc2nc(N)c(N3CCOCC3)cc2c1	c1ccc(-c2ccc3ncc(N4CCOCC4)cc3c2)cc1	holdout
CN1CCC[C@@H]1Cc1c[nH]c2ccc(C=CC(C)(O)C(F)(F)F)cc12	CN1CCC[C@@H]1Cc1c[nH]c2ccc(CCC(C)(O)C(F)(F)F)cc12	c1ccc2c(C[C@H]3CCCN3)c[nH]c2c1	holdout
C=CCN(CC=C)C(=O)OCc1ccccc1	O=C(OCc1ccccc1)N1CC=CC1	O=C(OCc1ccccc1)N1CC=CC1	validation
CC(C)(C)c1ccc(/C(=C\[C@H]2CCC(=O)N2)c2ccc(OC(F)F)c(=O)[nH]2)cc1	CC(C)(C)c1ccc(C(C[C@H]2CCC(=O)N2)c2ccc(OC(F)F)c(=O)[nH]2)cc1	O=C1CC[C@H](CC(c2ccccc2)c2cccc(=O)[nH]2)N1	holdout
COCCC=Cc1cc(Br)ccc1OC	COCCCCc1cc(Br)ccc1OC	c1ccccc1	validation
C[C@H](NC(=O)c1ccc(N2CC=CCO2)c(Cl)c1)c1nc2cc(Cl)ccc2[nH]1	C[C@H](NC(=O)c1ccc(N2CCCCO2)c(Cl)c1)c1nc2cc(Cl)ccc2[nH]1	O=C(NCc1nc2ccccc2[nH]1)c1ccc(N2CCCCO2)cc1	validation
CCOC(=O)/C=C(\C)c1cccnc1	CCOC(=O)CC(C)c1cccnc1	c1ccncc1	dev
COc1ccc(C2=CCNCC2)cc1	COc1ccc(C2CCNCC2)cc1	c1ccc(C2CCNCC2)cc1	validation
C=CCc1cccc(-c2[nH]c3cc(C(=O)OC)ccc3c2C2CCCCC2)c1O	CCCc1cccc(-c2[nH]c3cc(C(=O)OC)ccc3c2C2CCCCC2)c1O	c1ccc(-c2[nH]c3ccccc3c2C2CCCCC2)cc1	holdout
COC(=O)c1ccc(Oc2nccnc2C2=CN(C(=O)OC(C)(C)C)CCC2)cc1	COC(=O)c1ccc(Oc2nccnc2C2CCCN(C(=O)OC(C)(C)C)C2)cc1	c1ccc(Oc2nccnc2C2CCCNC2)cc1	dev
CCc1nc2c(C)cc(/C=C3\CCCC3=O)nc2n1[C@H]1CCc2cc(-c3ccccc3-c3nnnn3C(c3ccccc3)(c3ccccc3)c3ccccc3)ccc21	CCc1nc2c(C)cc(CC3CCCC3=O)nc2n1[C@H]1CCc2cc(-c3ccccc3-c3nnnn3C(c3ccccc3)(c3ccccc3)c3ccccc3)ccc21	O=C1CCCC1Cc1ccc2ncn([C@H]3CCc4cc(-c5ccccc5-c5nnnn5C(c5ccccc5)(c5ccccc5)c5ccccc5)ccc43)c2n1	validation
O=C(NCc1ccc(Cl)cc1)c1cnc2c(F)cc(C#CCCCO)cc2c1O	O=C(NCc1ccc(Cl)cc1)c1cnc2c(F)cc(CCCCCO)cc2c1O	O=C(NCc1ccccc1)c1cnc2ccccc2c1	dev
COC(=O)CCNC(=O)c1ccc(C(=Cc2ccc(-c3ccc(C(C)(C)C)cc3)cc2)CC(C)C)cc1	COC(=O)CCNC(=O)c1ccc(C(Cc2ccc(-c3ccc(C(C)(C)C)cc3)cc2)CC(C)C)cc1	c1ccc(CCc2ccc(-c3ccccc3)cc2)cc1	dev
COC/C=C/c1cnc2c(N)nc3ccccc3c2c1	COCCCc1cnc2c(N)nc3ccccc3c2c1	c1ccc2c(c1)ncc1ncccc12	dev
O=C1CCCCCCCCC=CCCCCCCCCC1O	O=C1CCCCCCCCCCCCCCCCC1O	O=C1CCCCCCCCCCCCCCCCC1	dev
CCOC(=O)/C=C/c1ccc(C#N)cc1	CCOC(=O)CCc1ccc(C#N)cc1	c1ccccc1	validation
O=C(O)/C=C/c1ccccc1Cc1cc(Cl)ccc1OCC(=O)O	O=C(O)CCc1ccccc1Cc1cc(Cl)ccc1OCC(=O)O	c1ccc(Cc2ccccc2)cc1	dev
CCOC(=O)C(=CN[C@H](CO)C(C)(C)C)C(=O)c1cc(I)c(F)nc1F	CCOC(=O)c1cn([C@H](CO)C(C)(C)C)c2nc(F)c(I)cc2c1=O	O=c1cc[nH]c2ncccc12	dev
NC(=O)C1=CCCc2cc(Sc3ccccc3)cc(F)c21	NC(=O)[C@@H]1CCCc2cc(Sc3ccccc3)cc(F)c21	c1ccc(Sc2ccc3c(c2)CCCC3)cc1	holdout
COC(=O)C[C@H](O)C[C@H](O)C=Cc1c(-c2ccc(F)cc2)c(-c2ccccc2)c(C(=O)NCc2ccc(F)cc2)n1C(C)C	COC(=O)C[C@H](O)C[C@H](O)CCc1c(-c2ccc(F)cc2)c(-c2ccccc2)c(C(=O)NCc2ccc(F)cc2)n1C(C)C	O=C(NCc1ccccc1)c1[nH]cc(-c2ccccc2)c1-c1ccccc1	dev
CC(C)CCC=Cc1cc2cc(Cl)ccc2[nH]1	CC(C)CCCCc1cc2cc(Cl)ccc2[nH]1	c1ccc2[nH]ccc2c1	holdout
C=Cc1ccc(NCC(C)(C)c2ccc(F)cc2)nn1	CCc1ccc(NCC(C)(C)c2ccc(F)cc2)nn1	c1ccc(CCNc2cccnn2)cc1	dev
Cc1cccc(/C=C/C(=O)OC(C)(C)C)c1CO	Cc1cccc(CCC(=O)OC(C)(C)C)c1CO	c1ccccc1	validation
CCCCCCc1cccc(-c2nc(C#CCOC)c(C(=O)N3CCC(N4CCCC4)CC3)n2C)c1	CCCCCCc1cccc(-c2nc(CCCOC)c(C(=O)N3CCC(N4CCCC4)CC3)n2C)c1	O=C(c1cnc(-c2ccccc2)[nH]1)N1CCC(N2CCCC2)CC1	validation
Cc1sc(C(=O)C=Cc2ccc(C(=O)O)cc2)c2c1[C@H]1[C@@H](C2)C1(C)C	Cc1sc(C(=O)CCc2ccc(C(=O)O)cc2)c2c1[C@H]1[C@@H](C2)C1(C)C	O=C(CCc1ccccc1)c1scc2c1C[C@H]1C[C@@H]21	dev
C1=C(c2ccccn2)CCC2(C1)OCCO2	c1ccc(C2CCC3(CC2)OCCO3)nc1	c1ccc(C2CCC3(CC2)OCCO3)nc1	validation
O=C(O)/C=C/C(O)c1ccc(-c2ccc(F)c(F)c2)cc1	O=C(O)CCC(O)c1ccc(-c2ccc(F)c(F)c2)cc1	c1ccc(-c2ccccc2)cc1	dev
CC(C)=Cc1cccc(CN)c1	CC(C)Cc1cccc(CN)c1	c1ccccc1	validation
CCNC(=O)c1ccc(C)c(-c2ccc3c(C4=CCNCC4)n[nH]c3c2)c1	CCNC(=O)c1ccc(C)c(-c2ccc3c(C4CCNCC4)n[nH]c3c2)c1	c1ccc(-c2ccc3c(C4CCNCC4)n[nH]c3c2)cc1	dev
CCOC(=O)/C=C/C1CCC(F)(F)CC1	CCOC(=O)CCC1CCC(F)(F)CC1	C1CCCCC1	validation
CCOC(=O)C1(c2ccccc2)CCN(C2=CCC(C#N)(c3ccccn3)CC2)CC1	CCOC(=O)C1(c2ccccc2)CCN(C2CCC(C#N)(c3ccccn3)CC2)CC1	c1ccc(C2CCN(C3CCC(c4ccccn4)CC3)CC2)cc1	holdout
CCOC(=O)C1=C(N[C@@H](C)c2ccccc2)CCCC1	CCOC(=O)[C@@H]1CCCC[C@@H]1N[C@@H](C)c1ccccc1	c1ccc(CNC2CCCCC2)cc1	holdout
O=C1NC(=O)C(c2cn3c4c(cccc24)CCC3)=C1c1c[nH]c2ccccc12	O=C1NC(=O)[C@@H](c2cn3c4c(cccc24)CCC3)[C@@H]1c1c[nH]c2ccccc12	O=C1NC(=O)[C@@H](c2cn3c4c(cccc24)CCC3)[C@@H]1c1c[nH]c2ccccc12	dev
CCOC(=O)/C(C)=C/[C@@H](C)Oc1ccc(-c2nc(-c3ccc(OC(C)C)c(C(F)(F)F)c3)no2)cc1	CCOC(=O)C(C)C[C@@H](C)Oc1ccc(-c2nc(-c3ccc(OC(C)C)c(C(F)(F)F)c3)no2)cc1	c1ccc(-c2noc(-c3ccccc3)n2)cc1	validation
COC(=O)C(=Cc1ccc(OC)c(OCCc2ccccc2)c1)C(=O)OC	COC(=O)C(Cc1ccc(OC)c(OCCc2ccccc2)c1)C(=O)OC	c1ccc(CCOc2ccccc2)cc1	holdout
CC(=O)Nc1ccc2c(c1)NC(=O)C2=Cc1ccc(OCCN2CCOCC2)c(C2CCCCC2)c1	CC(=O)Nc1ccc2c(c1)NC(=O)C2Cc1ccc(OCCN2CCOCC2)c(C2CCCCC2)c1	O=C1Nc2ccccc2C1Cc1ccc(OCCN2CCOCC2)c(C2CCCCC2)c1	holdout
C=C(c1ncccc1F)c1nc2cc(Cl)nc(-c3cncc(Cl)c3)c2n1C[C@H]1CC[C@H](C)CC1	CC(c1ncccc1F)c1nc2cc(Cl)nc(-c3cncc(Cl)c3)c2n1C[C@H]1CC[C@H](C)CC1	c1ccc(Cc2nc3ccnc(-c4cccnc4)c3n2CC2CCCCC2)nc1	validation
C=C(c1c[nH]cn1)c1cccc2cccnc12	CC(c1c[nH]cn1)c1cccc2cccnc12	c1cnc2c(Cc3c[nH]cn3)cccc2c1	dev
CCOC(=O)C1=C(c2ccsc2)CCN(Cc2ccccc2)C1	CCOC(=O)C1CN(Cc2ccccc2)CCC1c1ccsc1	c1ccc(CN2CCC(c3ccsc3)CC2)cc1	dev
CC(C)(C)C#Cc1cnc2c(c1)[C@]1(COC(N)=N1)c1cc(-c3cccnc3)ccc1O2	CC(C)(C)CCc1cnc2c(c1)[C@]1(COC(N)=N1)c1cc(-c3cccnc3)ccc1O2	C1=N[C@@]2(CO1)c1cc(-c3cccnc3)ccc1Oc1ncccc12	holdout
CCOC(=O)C(=CNC1CC1)C(=O)c1cc([N+](=O)[O-])c(F)c(Cl)c1F	CCOC(=O)c1cn(C2CC2)c2c(Cl)c(F)c([N+](=O)[O-])cc2c1=O	O=c1ccn(C2CC2)c2ccccc12	dev
Nc1ccc(Br)nc1C#Cc1ccccc1Cl	Clc1ccccc1-c1cc2nc(Br)ccc2[nH]1	c1ccc(-c2cc3ncccc3[nH]2)cc1	validation
C=CCc1c(O)ccc2[nH]c(C(=O)OCC)cc12	CCCc1c(O)ccc2[nH]c(C(=O)OCC)cc12	c1ccc2[nH]ccc2c1	holdout
COc1cc(CC(=O)NC2CCC(=C3CCCCC3)CC2)ccc1O	COc1cc(CC(=O)N[C@H]2CC[C@H](C3CCCCC3)CC2)ccc1O	O=C(Cc1ccccc1)N[C@H]1CC[C@H](C2CCCCC2)CC1	validation
CC(C)c1c(C(=O)/C=C/c2ccc(F)c(F)c2)c2cc(O)ccc2n1Cc1ccccc1	CC(C)c1c(C(=O)CCc2ccc(F)c(F)c2)c2cc(O)ccc2n1Cc1ccccc1	O=C(CCc1ccccc1)c1cn(Cc2ccccc2)c2ccccc12	holdout
C=C(C)Cc1c(C(=O)OC)ccc([N+](=O)[O-])c1O	COC(=O)c1ccc([N+](=O)[O-])c2c1CC(C)(C)O2	c1ccc2c(c1)CCO2	holdout
C1=C(c2ccc(Oc3ccccc3)cc2)CCNC1	c1ccc(Oc2ccc(C3CCNCC3)cc2)cc1	c1ccc(Oc2ccc(C3CCNCC3)cc2)cc1	validation
COC(=O)/C=C/c1cc(-c2ccc3c(c2)NC(=O)CO3)n(-c2ccc(F)cc2)n1	COC(=O)CCc1cc(-c2ccc3c(c2)NC(=O)CO3)n(-c2ccc(F)cc2)n1	O=C1COc2ccc(-c3ccnn3-c3ccccc3)cc2N1	dev
CCOC(=O)C=C1CCc2cc(OC)ccc21	CCOC(=O)CC1CCc2cc(OC)ccc21	c1ccc2c(c1)CCC2	dev
C=CCc1c(F)c(F)c(C(=O)N[C@@H](C)C(C)C)c(F)c1F	CCCc1c(F)c(F)c(C(=O)N[C@@H](C)C(C)C)c(F)c1F	c1ccccc1	validation
CNC[C@H](CC1CCCCC1)NC(=O)c1cccc(C(=CCCCOC)c2ccccc2)c1	O=C(O)C(F)(F)F	O=C(O)C(F)(F)F	dev
CC(C)(C)OC(=O)Nc1ccc(C#Cc2ccccc2)cc1	CC(C)(C)OC(=O)Nc1ccc(CCc2ccccc2)cc1	c1ccc(CCc2ccccc2)cc1	validation
CO[C@@H]1[C@@H](/C=C/P(=O)(OC)OC)O[C@@H](n2cnc3c(NC(=O)c4ccccc4)ncnc32)[C@@H]1O[Si](C)(C)C(C)(C)C	CO[C@@H]1[C@@H](CCP(=O)(OC)OC)O[C@@H](n2cnc3c(NC(=O)c4ccccc4)ncnc32)[C@@H]1O[Si](C)(C)C(C)(C)C	O=C(Nc1ncnc2c1ncn2[C@H]1CCCO1)c1ccccc1	dev
CCOC(=O)c1cc(C(=O)C=Cc2ccc(C(=O)OC(C)(C)C)cc2)cc(C)n1	CCOC(=O)c1cc(C(=O)CCc2ccc(C(=O)OC(C)(C)C)cc2)cc(C)n1	O=C(CCc1ccccc1)c1ccncc1	dev
C=C(c1ccccc1)c1nc(OCCC)c2nc(-c3cccc(C)c3)oc2n1	CCCOc1nc(C(C)c2ccccc2)nc2oc(-c3cccc(C)c3)nc12	c1ccc(Cc2ncc3nc(-c4ccccc4)oc3n2)cc1	holdout
COc1cc(C=CC(=O)N[C@H]2CC[C@H](C)CC2)ccc1OCC(=O)O	COc1cc(CCC(=O)N[C@H]2CC[C@H](C)CC2)ccc1OCC(=O)O	O=C(CCc1ccccc1)NC1CCCCC1	dev
CC1=CCCCCCCC(=O)OCCCCC1	CC1CCCCCCCC(=O)OCCCCC1	O=C1CCCCCCCCCCCCCO1	dev
CCCOC(=O)c1cc(/C=C/COC)nc2ccccc12	CCCOC(=O)c1cc(CCCOC)nc2ccccc12	c1ccc2ncccc2c1	holdout
Cc1c(Sc2cccc(/C=C/C(=O)O)c2)c2ccc(Cl)cc2n1Cc1ccccc1	Cc1c(Sc2cccc(CCC(=O)O)c2)c2ccc(Cl)cc2n1Cc1ccccc1	c1ccc(Cn2cc(Sc3ccccc3)c3ccccc32)cc1	dev
C(=C1CCNCC1)c1ccc2ccccc2n1	c1ccc2nc(CC3CCNCC3)ccc2c1	c1ccc2nc(CC3CCNCC3)ccc2c1	holdout
CC1CC(c2ccncc2N)=CC(O[Si](C)(C)C(C)(C)C)C1	CC1CC(O[Si](C)(C)C(C)(C)C)CC(c2ccncc2N)C1	c1cc(C2CCCCC2)ccn1	dev
CN(C)CC=C1CCN(CCOc2ccccc2)CC1	CN(C)CCC1CCN(CCOc2ccccc2)CC1	c1ccc(OCCN2CCCCC2)cc1	validation
COC(=O)C=Cc1cc(Cl)ccc1C(=O)OC	COC(=O)CCc1cc(Cl)ccc1C(=O)OC	c1ccccc1	validation
CN(C(=O)OC(C)(C)C)[C@H]1CC[C@H](C#CCO)CC1	CN(C(=O)OC(C)(C)C)[C@H]1CC[C@H](CCCO)CC1	C1CCCCC1	validation
COC(=O)C=CC1(C(C)(C)O[SiH2]C(C)(C)C)CC(c2ccc(OCc3cc(C)nc4ccccc34)cc2)=NO1	COC(=O)CCC1(C(C)(C)O[SiH2]C(C)(C)C)CC(c2ccc(OCc3cc(C)nc4ccccc34)cc2)=NO1	c1ccc2c(COc3ccc(C4=NOCC4)cc3)ccnc2c1	dev
CCCc1cc(=O)oc2c(C(O)CC)c(O)c3c(c12)OC(C)(C)C=C3	CCCc1cc(=O)oc2c(C(O)CC)c(O)c3c(c12)OC(C)(C)CC3	O=c1ccc2c3c(ccc2o1)CCCO3	validation
O=C(O)C=Cc1cc(Cl)cc(Cl)c1	O=C(O)CCc1cc(Cl)cc(Cl)c1	c1ccccc1	validation
CCCOc1cccc(/C=C/C(=O)Cl)c1	CCCOc1cccc(C=O)c1	c1ccccc1	validation
Cc1ccc(C2=CC(O)CN(C)C2)cc1	Cc1ccc([C@@H]2C[C@H](O)CN(C)C2)cc1	c1ccc([C@@H]2CCCNC2)cc1	holdout
OCCC#Cc1cncnc1	OCCCCc1cncnc1	c1cncnc1	dev
Clc1ccccc1C1=CCCN1	Clc1ccccc1[C@H]1CCCN1	c1ccc([C@H]2CCCN2)cc1	dev
CCOC(=O)/C=C/c1c(C)nc(N)nc1N[C@H]1CC[C@H](OCCO)CC1	Cc1nc(N)nc2c1ccc(=O)n2[C@H]1CC[C@H](OCCO)CC1	O=c1ccc2cncnc2n1C1CCCCC1	dev
COC(=O)C(C#N)=CC(C)(C)C	COC(=O)C(C#N)CC(C)(C)C	COC(=O)C(C#N)CC(C)(C)C	dev
COC(=O)/C=C/Cc1ccc(F)c(Br)c1	COC(=O)CCCc1ccc(F)c(Br)c1	c1ccccc1	validation
Cc1cc(-c2nc(-c3ccc(OC(F)(F)F)cc3)no2)nn1Cc1ccnc(C2=CCN(C(=O)OC(C)(C)C)CC2)c1	Cc1cc(-c2nc(-c3ccc(OC(F)(F)F)cc3)no2)nn1Cc1ccnc(C2CCN(C(=O)OC(C)(C)C)CC2)c1	c1ccc(-c2noc(-c3ccn(Cc4ccnc(C5CCNCC5)c4)n3)n2)cc1	dev
CCCC1(C(C)(C)C)C=CC(C)O1	CCCC1(C(C)(C)C)CCC(C)O1	C1CCOC1	holdout
COc1cc(C=CC(=O)N[C@H]2CC[C@H](C)CC2)ccc1OCCn1ccnc1	COc1cc(CCC(=O)N[C@H]2CC[C@H](C)CC2)ccc1OCCn1ccnc1	O=C(CCc1ccc(OCCn2ccnc2)cc1)NC1CCCCC1	dev
NS(=O)(=O)c1ccccc1NS(=O)(=O)/C=C/c1ccccc1-c1ccc2cccc-2o1	NS(=O)(=O)c1ccccc1NS(=O)(=O)CCc1ccccc1-c1ccc2cccc-2o1	O=S(=O)(CCc1ccccc1-c1ccc2cccc-2o1)Nc1ccccc1	holdout
COC(=O)c1cc(C#Cc2ccccc2)c2cccc(N)c2n1	COC(=O)c1cc(CCc2ccccc2)c2cccc(N)c2n1	c1ccc(CCc2ccnc3ccccc23)cc1	dev
O=C(O)C=Cc1ccc(F)cc1F	O=C(O)CCc1ccc(F)cc1F	c1ccccc1	validation
CCOC(=O)/C=C\c1cc(C(F)(F)F)c(OC)c(C(F)(F)F)c1	CCOC(=O)CCc1cc(C(F)(F)F)c(OC)c(C(F)(F)F)c1	c1ccccc1	validation
CCOC(=O)C1=C(N[C@@H](C)c2ccccc2)CCOC1	CCOC(=O)[C@@H]1COCC[C@@H]1N[C@@H](C)c1ccccc1	c1ccc(CNC2CCOCC2)cc1	validation
CC1=C2CCC[C@H](O)[C@@]2(c2ccccc2)CCC1=O	C[C@@H]1C(=O)CC[C@]2(c3ccccc3)[C@@H](O)CCC[C@@H]12	O=C1CC[C@]2(c3ccccc3)CCCC[C@H]2C1	dev
CCC(=O)N1CCN(C=O)C=C1C(=O)NC(C)(C)C	CCC(=O)N1CCN(C=O)C[C@H]1C(=O)NC(C)(C)C	C1CNCCN1	validation
COC/C=C/c1ccc(C)c(CN(C(=O)OC(C)(C)C)C2CC2)c1	COCCCc1ccc(C)c(CN(C(=O)OC(C)(C)C)C2CC2)c1	c1ccc(CNC2CC2)cc1	validation
CN(C)Cc1cc(/C=C/C(N)=O)ccc1Oc1ccc2c(c1)SCC2	CN(C)Cc1cc(CCC(N)=O)ccc1Oc1ccc2c(c1)SCC2	c1ccc(Oc2ccc3c(c2)SCC3)cc1	validation
CC(=O)NC(=Cc1ccccc1)C(=O)O	CC(=O)N[C@@H](Cc1ccccc1)C(=O)O	c1ccccc1	validation
COC(=O)/C=C/c1cccc(CC(C)=O)c1	COC(=O)CCc1cccc(CC(C)=O)c1	c1ccccc1	validation
CCOC(=O)/C(=C/c1ccc2[nH]ccc2c1)OCC	CCOC(=O)C(Cc1ccc2[nH]ccc2c1)OCC	c1ccc2[nH]ccc2c1	holdout
CCOC(=O)c1cnn(-c2cccc(-c3ccccc3OCc3ccc(C4=CCN(C(=O)OC(C)(C)C)CC4)cc3)n2)c1C(F)(F)C(F)(F)F	CCOC(=O)c1cnn(-c2cccc(-c3ccccc3OCc3ccc(C4CCN(C(=O)OC(C)(C)C)CC4)cc3)n2)c1C(F)(F)C(F)(F)F	c1cc(-c2ccccc2OCc2ccc(C3CCNCC3)cc2)nc(-n2cccn2)c1	dev
O=C1CCc2ccc(C=CCCCN3CCN(c4cccc5c4CCCC5)CC3)nc2N1	O=C1CCc2ccc(CCCCCN3CCN(c4cccc5c4CCCC5)CC3)nc2N1	O=C1CCc2ccc(CCCCCN3CCN(c4cccc5c4CCCC5)CC3)nc2N1	dev
CCOC(=O)C=Cc1ccc(C#N)cc1	CCOC(=O)CCc1ccc(C#N)cc1	c1ccccc1	validation
N#CC(C(N)=S)=C(N)N1CCCC1	N#Cc1c(N2CCCC2)nsc1N	c1cc(N2CCCC2)ns1	holdout
CC(C)(C)OC(=O)NCCC#Cc1ccc(C#N)cc1	CC(C)(C)OC(=O)NCCCCc1ccc(C#N)cc1	c1ccccc1	validation
CCOC(=O)C=C(N)CC(=O)OCC	CCOC(=O)CC(N)CC(=O)OCC	CCOC(=O)CC(N)CC(=O)OCC	dev
C=CCc1ccc(-c2cc(NC(=O)C3Cc4ccccc4C3)n[nH]2)cc1	CCCc1ccc(-c2cc(NC(=O)C3Cc4ccccc4C3)n[nH]2)cc1	O=C(Nc1cc(-c2ccccc2)[nH]n1)C1Cc2ccccc2C1	dev
CC(C)C(N)=C(C#N)C(N)=S	CC(C)c1nsc(N)c1C#N	c1cnsc1	dev
CC1c2cccc(N)c2C=CN1C	CC1c2cccc(N)c2CCN1C	c1ccc2c(c1)CCNC2	dev
C=Cc1n[nH]c2ccc(Nc3nnc(Cc4cccc(OC)c4)o3)cc12	CCc1n[nH]c2ccc(Nc3nnc(Cc4cccc(OC)c4)o3)cc12	c1ccc(Cc2nnc(Nc3ccc4[nH]ncc4c3)o2)cc1	validation
O=C(O)C=Cc1ccc2c(c1)OCO2	O=C(O)CCc1ccc2c(c1)OCO2	c1ccc2c(c1)OCO2	dev
CCOC(=O)C1C(c2ccccc2)=CC(=O)N1C	CCOC(=O)[C@H]1[C@@H](c2ccccc2)CC(=O)N1C	O=C1C[C@H](c2ccccc2)CN1	validation
CCCCCCCCCCCCCCCCNc1ccc(C(=O)OC=CC(=O)OCC)cc1	CCCCCCCCCCCCCCCCNc1ccc(C(=O)OCCC(=O)OCC)cc1	c1ccccc1	validation
CC(C)(C)OC(=O)N1CCCc2cc(-c3cncc(C=CCS(C)(=O)=O)c3)cnc21	CC(C)(C)OC(=O)N1CCCc2cc(-c3cncc(CCCS(C)(=O)=O)c3)cnc21	c1cncc(-c2cnc3c(c2)CCCN3)c1	dev
C#Cc1ccc(Nc2cc(=O)n(C)cc2C(N)=O)c(F)c1	CCc1ccc(Nc2cc(=O)n(C)cc2C(N)=O)c(F)c1	O=c1cc(Nc2ccccc2)cc[nH]1	dev
CCOc1ccc(C(=CC2CCCC2)c2cc3cccnc3[nH]2)cn1	CCOc1ccc(C(CC2CCCC2)c2cc3cccnc3[nH]2)cn1	c1cncc(C(CC2CCCC2)c2cc3cccnc3[nH]2)c1	holdout
O=C(O)C1=C(c2ccc(Cl)cc2)CN(Cc2ccccc2)CC1	O=C(O)C1CCN(Cc2ccccc2)CC1c1ccc(Cl)cc1	c1ccc(CN2CCCC(c3ccccc3)C2)cc1	validation
COP(=O)(OC)[C@H](O)C=C(C)C	COP(=O)(OC)[C@H](O)CC(C)C	COP(=O)(OC)[C@H](O)CC(C)C	validation
CC1=C(C)C(=O)C(C(=CCCCCC(=O)O)c2cccnc2)=C(C)C1=O	CC1=C(C)C(=O)C(C(CCCCCC(=O)O)c2cccnc2)=C(C)C1=O	O=C1C=CC(=O)C(Cc2cccnc2)=C1	dev
CC=C1C[C@@]2(C)[C@@H](CC[C@@H]3[C@@H]2CC[C@]2(C)[C@@H](OC)CC[C@@H]32)CC1=O	CC[C@H]1C[C@@]2(C)[C@@H](CC[C@@H]3[C@@H]2CC[C@]2(C)[C@@H](OC)CC[C@@H]32)CC1=O	O=C1CCC2[C@@H](CC[C@H]3[C@@H]4CCCC4CC[C@H]23)C1	dev
COC(=O)c1ccc(/C=C/C(=O)c2cccnc2Nc2ccccc2)c(OC)c1	COC(=O)c1ccc(CCC(=O)c2cccnc2Nc2ccccc2)c(OC)c1	O=C(CCc1ccccc1)c1cccnc1Nc1ccccc1	dev
CCOC(=O)[C@@](C)(CCn1cc(C2=CCCC2)cn1)S(C)(=O)=O	CCOC(=O)[C@@](C)(CCn1cc(C2CCCC2)cn1)S(C)(=O)=O	c1n[nH]cc1C1CCCC1	dev
CCCCCCCC(=O)N(C)Cc1cccc(-c2ccc(C=CC(=O)OCC)cc2)c1	CCCCCCCC(=O)N(C)Cc1cccc(-c2ccc(CCC(=O)OCC)cc2)c1	c1ccc(-c2ccccc2)cc1	dev
CCCC=CC1CCC2c3ccc(OCC)c(F)c3OC2C1	CCCCCC1CCC2c3ccc(OCC)c(F)c3OC2C1	c1ccc2c(c1)OC1CCCCC21	holdout
C#COC(=O)NC(=O)c1cc2ccccc2s1	CCOC(=O)NC(=O)c1cc2ccccc2s1	c1ccc2sccc2c1	holdout
CC(C)=CCCCCCO	CC(C)CCCCCCO	CC(C)CCCCCCO	validation
CC(=O)Nc1nc(C=Cc2ccc(C(=O)O)c(F)c2)cs1	CC(=O)Nc1nc(CCc2ccc(C(=O)O)c(F)c2)cs1	c1ccc(CCc2cscn2)cc1	holdout
CNC(=O)C=C(c1ccc2cc[nH]c2c1)c1ccccn1	CNC(=O)CC(c1ccc2cc[nH]c2c1)c1ccccn1	c1ccc(Cc2ccc3cc[nH]c3c2)nc1	dev
O=C1C=C2CCCc3cc(O)ccc3C2(Cc2ccccc2)CC1	O=C1CCC2(Cc3ccccc3)c3ccc(O)cc3CCCC2C1	O=C1CCC2(Cc3ccccc3)c3ccccc3CCCC2C1	dev
COC(=O)/C=C/c1ccc2cccc(O)c2n1	COC(=O)CCc1ccc2cccc(O)c2n1	c1ccc2ncccc2c1	holdout
CCOC(=O)C1(C(=O)OCC)CC2=CC(=O)CC2C1	CCOC(=O)C1(C(=O)OCC)CC2CC(=O)CC2C1	O=C1CC2CCCC2C1	dev
CNC[C@H](CC1CCCCC1)NC(=O)c1cccc(C(=CCCCOC)c2ccccc2)c1	CNC[C@H](CC1CCCCC1)NC(=O)c1cccc(C(CCCCOC)c2ccccc2)c1	O=C(NCCC1CCCCC1)c1cccc(Cc2ccccc2)c1	dev
C=C(C)Cc1nc(C(=O)OCC)c(O)c2sc(-c3ccccc3)nc12	CCOC(=O)c1nc(CC(C)C)c2nc(-c3ccccc3)sc2c1O	c1ccc(-c2nc3cnccc3s2)cc1	validation
C=C(C)c1cc2c(cc1OC1CN(C(=O)OC(C)(C)C)C1)N1C(=NNC(=O)C1C)CO2	CC(C)c1cc2c(cc1OC1CN(C(=O)OC(C)(C)C)C1)N1C(=NNC(=O)C1C)CO2	O=C1CN2C(=NN1)COc1ccc(OC3CNC3)cc12	dev
CCOC(=O)/C=C/c1c(-c2ccccc2)c2cc(C)c(C)cc2c(=O)n1C	CCOC(=O)CCc1c(-c2ccccc2)c2cc(C)c(C)cc2c(=O)n1C	O=c1[nH]cc(-c2ccccc2)c2ccccc12	dev
C=Cc1nc(-c2ccccc2)c(CN(Cc2cccc(OCC)c2)Cc2ccc3c(c2)OCCO3)n1CCCC	CCCCn1c(CC)nc(-c2ccccc2)c1CN(Cc1cccc(OCC)c1)Cc1ccc2c(c1)OCCO2	c1ccc(CN(Cc2ccc3c(c2)OCCO3)Cc2[nH]cnc2-c2ccccc2)cc1	holdout
O=Cc1ccc(C#Cc2ccc(OCc3ccccc3)nn2)cc1	O=Cc1ccc(CCc2ccc(OCc3ccccc3)nn2)cc1	c1ccc(CCc2ccc(OCc3ccccc3)nn2)cc1	holdout
CN(C)c1ccc(C(=CC2CCCC2)c2cc3cccnc3[nH]2)cc1	CN(C)c1ccc(C(CC2CCCC2)c2cc3cccnc3[nH]2)cc1	c1ccc(C(CC2CCCC2)c2cc3cccnc3[nH]2)cc1	holdout
CC(C)[C@@H](NC(=O)OC(C)(C)C)C(=O)/C=C\c1cccc(C#N)c1	CC(C)[C@@H](NC(=O)OC(C)(C)C)C(=O)CCc1cccc(C#N)c1	c1ccccc1	validation
COC(=O)[C@@H](OC(C)(C)C)c1c(C)c(C)c2nc3cn2c1N1CCC(C)(CC1)OCC=CC[C@H](C)Oc1c(F)cc(F)cc1-c1cccc-3c1	COC(=O)[C@@H](OC(C)(C)C)c1c(C)c(C)c2nc3cn2c1N1CCC(C)(CC1)OCCCC[C@H](C)Oc1c(F)cc(F)cc1-c1cccc-3c1	c1cc2cc(c1)-c1ccccc1OCCCCCOC1CCN(CC1)c1cccc3nc-2cn13	validation
CC1c2nnn(-c3cncnc3)c2C=CN1C(=O)c1cccc(C(F)(F)F)c1Cl	CC1c2nnn(-c3cncnc3)c2CCN1C(=O)c1cccc(C(F)(F)F)c1Cl	O=C(c1ccccc1)N1CCc2c(nnn2-c2cncnc2)C1	holdout
CCC(=O)NC/C=C1\CCc2ncc3c(c21)CCO3	CCC(=O)NCCC1CCc2ncc3c(c21)CCO3	c1nc2c(c3c1OCC3)CCC2	validation
O=C(O)C(S)=Cc1c(Cl)cccc1Cl	O=C(O)c1cc2c(Cl)cccc2s1	c1ccc2sccc2c1	holdout
CC1(C)C=C(c2ccc(F)cc2)c2ccc(NS(C)(=O)=O)cc2O1	CC1(C)CC(c2ccc(F)cc2)c2ccc(NS(C)(=O)=O)cc2O1	c1ccc(C2CCOc3ccccc32)cc1	holdout
CSc1ccc(O)c(C(C=C(C)C)c2cccc[n+]2[O-])c1	CSc1ccc2c(c1)C(c1cccc[n+]1[O-])CC(C)(C)O2	c1ccc(C2CCOc3ccccc32)[nH+]c1	dev
C=Cc1cc2c3ccnc(C)c3c(=O)n(C)c2cc1OC[C@H](CC(C)C)NC(=O)OC(C)(C)C	CCc1cc2c3ccnc(C)c3c(=O)n(C)c2cc1OC[C@H](CC(C)C)NC(=O)OC(C)(C)C	O=c1[nH]c2ccccc2c2ccncc12	dev
CCOC(=O)/C=C/c1ccc(C(CC)(CC)c2ccc(/C=C/C(OCOC)(C(F)(F)F)C(F)(F)F)c(C)c2)cc1C	CCOC(=O)CCc1ccc(C(CC)(CC)c2ccc(/C=C/C(OCOC)(C(F)(F)F)C(F)(F)F)c(C)c2)cc1C	c1ccc(Cc2ccccc2)cc1	dev
Cn1cc(C(=O)NCCO)c(Nc2ccc(C#CCO)cc2F)cc1=O	Cn1cc(C(=O)NCCO)c(Nc2ccc(CCCO)cc2F)cc1=O	O=c1cc(Nc2ccccc2)cc[nH]1	dev
CCOC(=O)/C=C/c1cc(SCc2ccccc2)ccc1Nc1cc(F)c(Br)cc1C	Cc1cc(Br)c(F)cc1-n1c(=O)ccc2cc(SCc3ccccc3)ccc21	O=c1ccc2cc(SCc3ccccc3)ccc2n1-c1ccccc1	dev
COc1ccc2c(c1)C(=CCO)C(C)(C)C(N(C)S(=O)(=O)c1ccc(C)cc1)C2	COc1ccc2c(c1)C(CCO)C(C)(C)C(N(C)S(=O)(=O)c1ccc(C)cc1)C2	O=S(=O)(NC1CCc2ccccc2C1)c1ccccc1	dev
COc1cc(Cl)ccc1C#CCCO	COc1cc(Cl)ccc1CCCCO	c1ccccc1	validation
CC(CCC1=CCCC1=O)OCc1ccccc1	CC(CCC1CCCC1=O)OCc1ccccc1	O=C1CCCC1CCCOCc1ccccc1	holdout
CNC(=O)c1cc(OC)cc(/C=C/C(=O)OC)n1	CNC(=O)c1cc(OC)cc(CCC(=O)OC)n1	c1ccncc1	dev
Cc1ccc(/C(=C/C2CCCC2)c2ccc(S(=O)(=O)C3CC3)cc2)[nH]c1=O	Cc1ccc(C(CC2CCCC2)c2ccc(S(=O)(=O)C3CC3)cc2)[nH]c1=O	O=c1cccc(C(CC2CCCC2)c2ccc(S(=O)(=O)C3CC3)cc2)[nH]1	holdout
C=CCOC(=O)C1(Cc2cc(F)c(NC(=O)OCc3ccccc3)c(CCCC)c2)CSCC(NC(=O)OC(C)(C)C)C1=O	CCCCc1cc(C[C@@H]2CSC[C@H](NC(=O)OC(C)(C)C)C2=O)cc(F)c1NC(=O)OCc1ccccc1	O=C(Nc1ccc(C[C@@H]2CSCCC2=O)cc1)OCc1ccccc1	validation
C=C(C)c1cncc(-c2cc3c(cn2)cnn3-c2cccc(F)n2)c1	CC(C)c1cncc(-c2cc3c(cn2)cnn3-c2cccc(F)n2)c1	c1ccc(-n2ncc3cnc(-c4cccnc4)cc32)nc1	dev
CCOC(=O)C=Cc1ccccc1CC#N	CCOC(=O)CCc1ccccc1CC#N	c1ccccc1	validation
COC(=O)/C=C/c1cc(C)cc(NC(C)=O)n1	COC(=O)CCc1cc(C)cc(NC(C)=O)n1	c1ccncc1	dev
CCCCC(=CC(=O)OCC)c1oc2cc(C)ccc2c1C	CCCCC(CC(=O)OCC)c1oc2cc(C)ccc2c1C	c1ccc2occc2c1	dev
CCOC(=O)C=Cc1cc2cc(-c3ccc(C(C)(C)C)cc3)ccc2n1-c1ccc(OC2CCCC2)cc1	CCOC(=O)CCc1cc2cc(-c3ccc(C(C)(C)C)cc3)ccc2n1-c1ccc(OC2CCCC2)cc1	c1ccc(-c2ccc3c(ccn3-c3ccc(OC4CCCC4)cc3)c2)cc1	holdout
Clc1ccc(C2=CCNC2)cc1Cl	Clc1ccc(C2CCNC2)cc1Cl	c1ccc(C2CCNC2)cc1	holdout
C=C(C)c1cnc2c(NC(=O)OC(C)(C)C)c(C(=O)OCC)oc2c1	CCOC(=O)c1oc2cc(C(C)C)cnc2c1NC(=O)OC(C)(C)C	c1cnc2ccoc2c1	validation
Cc1ccc2c(c1)c1c(n2C=Cc2ccc(C)nc2)CCN(C(=O)OC(C)(C)C)C1	Cc1ccc2c(c1)c1c(n2CCc2ccc(C)nc2)CCN(C(=O)OC(C)(C)C)C1	c1cncc(CCn2c3c(c4ccccc42)CNCC3)c1	dev
O=c1[nH]cnc2[nH]c(-c3ccnc(/C=C/c4ccc(CN5CCOCC5)c(F)c4)c3)cc12	O=c1[nH]cnc2[nH]c(-c3ccnc(CCc4ccc(CN5CCOCC5)c(F)c4)c3)cc12	O=c1[nH]cnc2[nH]c(-c3ccnc(CCc4ccc(CN5CCOCC5)cc4)c3)cc12	dev
O=C(O)C=Cc1cccc(C(F)(F)F)c1	O=C(O)CCc1cccc(C(F)(F)F)c1	c1ccccc1	validation
CCOC(=O)C=CC1CCC2CC=CC=C2N1C(=O)C(=O)OCC	CCOC(=O)CCC1CCC2CC=CC=C2N1C(=O)C(=O)OCC	C1=CCC2CCCNC2=C1	dev
CCC=C(CCC)c1cnc(-c2c(CC)cccc2CC)cc1OC	CCCC(CCC)c1cnc(-c2c(CC)cccc2CC)cc1OC	c1ccc(-c2ccccn2)cc1	dev
CCOC(=O)C1=CCC(C)(C)c2cc(O[Si](C)(C)C(C)(C)C)c(C)cc21	CCOC(=O)C1CCC(C)(C)c2cc(O[Si](C)(C)C(C)(C)C)c(C)cc21	c1ccc2c(c1)CCCC2	dev
COc1ccc(C=Cc2sccc2OC2OC(CO)C(O)C(O)C2O)cc1	COc1ccc(CCc2sccc2OC2OC(CO)C(O)C(O)C2O)cc1	c1ccc(CCc2sccc2OC2CCCCO2)cc1	holdout
COc1ccc2c(c1)C(c1cccc(Cl)c1)=CCC2	COc1ccc2c(c1)C(c1cccc(Cl)c1)CCC2	c1ccc(C2CCCc3ccccc32)cc1	holdout
CCCc1cc(C)[nH]c(=O)c1CNC(=O)c1cc(/C=C/C(=O)OCC)cc2c1c(C)cn2C(C)C	CCCc1cc(C)[nH]c(=O)c1CNC(=O)c1cc(CCC(=O)OCC)cc2c1c(C)cn2C(C)C	O=C(NCc1ccc[nH]c1=O)c1cccc2[nH]ccc12	holdout
C=CCOC(=O)[C@H]1CCCN1C(=O)CCCCC(=O)N1CCC[C@@H]1C(=O)OCC=C	O=C1OCC=CCOC(=O)[C@H]2CCCN2C(=O)CCCCC(=O)N2CCC[C@H]12	O=C1OCC=CCOC(=O)[C@H]2CCCN2C(=O)CCCCC(=O)N2CCC[C@H]12	holdout
CCCCC#Cc1nc(C(C)(C)C)ncc1C(=O)N(CC(C)C)[C@H]1C[C@@H](C(=O)OC)CN(C(=O)OC(C)(C)C)C1	CCCCCCc1nc(C(C)(C)C)ncc1C(=O)N(CC(C)C)[C@H]1C[C@@H](C(=O)OC)CN(C(=O)OC(C)(C)C)C1	O=C(N[C@H]1CCCNC1)c1cncnc1	dev
CC(C)(C)OC(=O)N1CCC(F)(C#Cc2ccc(F)cc2)CC1	CC(C)(C)OC(=O)N1CCC(F)(CCc2ccc(F)cc2)CC1	c1ccc(CCC2CCNCC2)cc1	dev
COc1ccc(C#CCCCO)cc1	COc1ccc(CCCCCO)cc1	c1ccccc1	validation
CCOC(=O)C(=CNC1CC1)C(=O)c1c(N)c(F)c(F)c(OC(F)F)c1F	CCOC(=O)c1cn(C2CC2)c2c(OC(F)F)c(F)c(F)c(N)c2c1=O	O=c1ccn(C2CC2)c2ccccc12	dev
N#CC(C#N)=Cc1ccc(OC(F)(F)F)cc1	N#CC(C#N)Cc1ccc(OC(F)(F)F)cc1	c1ccccc1	validation
Cc1nn(-c2ccccc2)c(Sc2cc(Cl)cc(Cl)c2)c1C=Cc1ccccc1	Cc1nn(-c2ccccc2)c(Sc2cc(Cl)cc(Cl)c2)c1CCc1ccccc1	c1ccc(CCc2cnn(-c3ccccc3)c2Sc2ccccc2)cc1	dev
Cc1c(C=CCCCC(=O)O)cccc1C(=O)c1ccc(Cl)cc1	Cc1c(CCCCCC(=O)O)cccc1C(=O)c1ccc(Cl)cc1	O=C(c1ccccc1)c1ccccc1	holdout
N#Cc1ccc(C#Cc2cc(Cl)ccc2-c2nc3ccccc3n2CC2CCCCC2)cc1	N#Cc1ccc(CCc2cc(Cl)ccc2-c2nc3ccccc3n2CC2CCCCC2)cc1	c1ccc(CCc2ccccc2-c2nc3ccccc3n2CC2CCCCC2)cc1	holdout
CC(C)(C)OC(=O)CSC(NCc1ccccc1)=C1C(=O)CCCC1=O	CC(C)(C)OC(=O)c1sc(NCc2ccccc2)c2c1CCCC2=O	O=C1CCCc2csc(NCc3ccccc3)c21	holdout
OC[C@@H](O)[C@H](c1ccccc1)n1ccc2cc(C#Cc3ccccc3)ccc21	OC[C@@H](O)[C@H](c1ccccc1)n1ccc2cc(CCc3ccccc3)ccc21	c1ccc(CCc2ccc3c(ccn3Cc3ccccc3)c2)cc1	validation
CC(C)(NC1=C[C@H](c2cccc(OC(F)(F)F)c2)N(c2ccc(OC(F)(F)F)cc2)C1=O)c1cccc(C(F)(F)F)n1	CC(C)(N[C@@H]1C[C@H](c2cccc(OC(F)(F)F)c2)N(c2ccc(OC(F)(F)F)cc2)C1=O)c1cccc(C(F)(F)F)n1	O=C1[C@H](NCc2ccccn2)C[C@H](c2ccccc2)N1c1ccccc1	holdout
O=C1C=CCCN1c1cnn(-c2cccnc2)c1	O=C1CCCCN1c1cnn(-c2cccnc2)c1	O=C1CCCCN1c1cnn(-c2cccnc2)c1	dev
CCOC(=O)C=Cc1ccc(COc2ccccc2)cc1N(C)CCc1ccc2ccccc2c1	CCOC(=O)CCc1ccc(COc2ccccc2)cc1N(C)CCc1ccc2ccccc2c1	c1ccc(OCc2cccc(NCCc3ccc4ccccc4c3)c2)cc1	holdout
CCC(=O)NCC=C1CCc2ccc3nc(C)oc3c21	CCC(=O)NCCC1CCc2ccc3nc(C)oc3c21	c1nc2ccc3c(c2o1)CCC3	dev
CCOC(=O)C=Cc1cn(CC(=O)N(C)CCc2ccccc2)c2ccc(OCc3ccccc3)cc12	CCOC(=O)CCc1cn(CC(=O)N(C)CCc2ccccc2)c2ccc(OCc3ccccc3)cc12	O=C(Cn1ccc2cc(OCc3ccccc3)ccc21)NCCc1ccccc1	dev
CC(C)(C)N1CC=C(c2cc(-c3ccc(F)cc3)c3ccc(=O)n(-c4c(Cl)cccc4Cl)c3c2)CC1	CC(C)(C)N1CCC(c2cc(-c3ccc(F)cc3)c3ccc(=O)n(-c4c(Cl)cccc4Cl)c3c2)CC1	O=c1ccc2c(-c3ccccc3)cc(C3CCNCC3)cc2n1-c1ccccc1	validation
Cc1ccc(C#CCO)cc1Cl	Cc1ccc(CCCO)cc1Cl	c1ccccc1	validation
CCCCN(C)C(N)=C(C#N)C(N)=S	CCCCN(C)c1nsc(N)c1C#N	c1cnsc1	dev
CCCCOC(=O)CCC#Cc1ccc2c(n1)NCCO2	CCCCOC(=O)CCCCc1ccc2c(n1)NCCO2	c1cnc2c(c1)OCCN2	dev
CCOC(=O)C=C1CC2CCCC(C1)N2C(=O)OC(C)(C)C	CCOC(=O)CC1CC2CCCC(C1)N2C(=O)OC(C)(C)C	C1CC2CCCC(C1)N2	dev
Cc1ccc(S(=O)(=O)n2cc(/C=C/c3cccnc3)c3ccccc32)cc1	Cc1ccc(S(=O)(=O)n2cc(CCc3cccnc3)c3ccccc32)cc1	O=S(=O)(c1ccccc1)n1cc(CCc2cccnc2)c2ccccc21	holdout
O=C(O)C=CCCCc1cccc2cncn12	O=C(O)CCCCCc1cccc2cncn12	c1ccn2cncc2c1	validation
C=Cc1cnc2ccc(Cc3nnc4ccc(C)nn34)cc2c1	CCc1cnc2ccc(Cc3nnc4ccc(C)nn34)cc2c1	c1cnc2ccc(Cc3nnc4cccnn34)cc2c1	dev
O=C(C=Cc1cccc(F)c1)c1cnc2ccc(N3CCC[C@@H]3c3cccc(F)c3)nn12	O=C(CCc1cccc(F)c1)c1cnc2ccc(N3CCC[C@@H]3c3cccc(F)c3)nn12	O=C(CCc1ccccc1)c1cnc2ccc(N3CCC[C@@H]3c3ccccc3)nn12	holdout
O=S(=O)(c1ccc(F)cc1)c1ccc(/C=C/c2ccc(F)cc2)nc1	O=S(=O)(c1ccc(F)cc1)c1ccc(CCc2ccc(F)cc2)nc1	O=S(=O)(c1ccccc1)c1ccc(CCc2ccccc2)nc1	dev
NCCC=Cc1ccc(-c2ccccc2)cc1	NCCCCc1ccc(-c2ccccc2)cc1	c1ccc(-c2ccccc2)cc1	dev
C=C(C)CC(O)c1c(Cl)ccc(F)c1Cl	CC(C)CC(O)c1c(Cl)ccc(F)c1Cl	c1ccccc1	validation
C=Cc1ccc(NC2=CC3=NCN(C)C3=CC2(F)C(=O)OC)c(F)c1	CCc1ccc(NC2=CC3=NCN(C)C3=CC2(F)C(=O)OC)c(F)c1	C1=C(Nc2ccccc2)CC=C2NCN=C12	dev
CC(C)=CCC(C)C=O	CC(C)CCC(C)C=O	CC(C)CCC(C)C=O	dev
O=C(NCc1ccc(C#CCCCOc2ccc(F)cc2)cc1)C(F)(F)F	O=C(NCc1ccc(CCCCCOc2ccc(F)cc2)cc1)C(F)(F)F	c1ccc(CCCCCOc2ccccc2)cc1	holdout
CNc1ncnc2c1ncn2/C=C/c1cc(NC(=O)c2cccc(C(F)(F)F)c2)ccc1C	CNc1ncnc2c1ncn2CCc1cc(NC(=O)c2cccc(C(F)(F)F)c2)ccc1C	O=C(Nc1cccc(CCn2cnc3cncnc32)c1)c1ccccc1	dev
CN(C)CCC(Oc1ccccc1)c1ccc(C#CCCN2CCCCC2)cc1	CN(C)CCC(Oc1ccccc1)c1ccc(CCCCN2CCCCC2)cc1	c1ccc(OCc2ccc(CCCCN3CCCCC3)cc2)cc1	holdout
CC(C)CC1C=C(C(=O)O)C1	CC(C)CC1CC(C(=O)O)C1	C1CCC1	dev
O=C(O)/C(=C\c1cccc(C(F)(F)F)c1)c1ccc(C(F)(F)F)cc1	O=C(O)C(Cc1cccc(C(F)(F)F)c1)c1ccc(C(F)(F)F)cc1	c1ccc(CCc2ccccc2)cc1	validation
CC(C)(C)OC(=O)N1CCC(COC2CC=C(c3ccc(S(C)(=O)=O)cc3)CC2)CC1	CC(C)(C)OC(=O)N1CCC(COC2CCC(c3ccc(S(C)(=O)=O)cc3)CC2)CC1	c1ccc(C2CCC(OCC3CCNCC3)CC2)cc1	validation
CN(C)CCCn1ncc2cc(/C=C/c3ccc(O)cc3)ccc2c1=O	CN(C)CCCn1ncc2cc(CCc3ccc(O)cc3)ccc2c1=O	O=c1[nH]ncc2cc(CCc3ccccc3)ccc12	dev
CN(C)C1C=Cc2ccccc2CC1	CN(C)C1CCc2ccccc2CC1	c1ccc2c(c1)CCCCC2	holdout
CCCCCCC[N+]12CCC(CC1)C(=CCc1ccc(Cl)cc1)C2	CCCCCCC[N+]12CCC(CC1)C(CCc1ccc(Cl)cc1)C2	c1ccc(CCC2C[NH+]3CCC2CC3)cc1	dev
Cc1n[nH]c(C=Cc2ccccc2)c1-c1ccncc1	Cc1n[nH]c(CCc2ccccc2)c1-c1ccncc1	c1ccc(CCc2[nH]ncc2-c2ccncc2)cc1	holdout
CC(C)(C)CC1C=C(C(=O)O)C1	CC(C)(C)CC1CC(C(=O)O)C1	C1CCC1	dev
COc1ccc(-c2ccc(/C=C/[C@@H]3O[C@H]4OC(C)(C)O[C@H]4[C@H]3CCn3nnc4ccccc4c3=O)cc2)cc1	COc1ccc(-c2ccc(CC[C@@H]3O[C@H]4OC(C)(C)O[C@H]4[C@H]3CCn3nnc4ccccc4c3=O)cc2)cc1	O=c1c2ccccc2nnn1CC[C@@H]1[C@@H]2OCO[C@@H]2O[C@H]1CCc1ccc(-c2ccccc2)cc1	holdout
CC1(C)CC=CC(=O)C1Cc1ccc([N+](=O)[O-])cc1	CC1(C)CCCC(=O)C1Cc1ccc([N+](=O)[O-])cc1	O=C1CCCCC1Cc1ccccc1	holdout
CCOC(=O)C(=CNCCF)C(=O)c1cc(F)c(F)c(F)c1F	CCOC(=O)c1cn(CCF)c2c(F)c(F)c(F)cc2c1=O	O=c1cc[nH]c2ccccc12	dev
CC(C)(C)OC(=O)N1CC=C(c2c[nH]c3ccc(Nc4ncc(Br)c(NCc5ccc(C(F)(F)F)cc5)n4)cc23)CC1	O=C(O)C(F)(F)F	O=C(O)C(F)(F)F	dev
O=C1OCCC=CCCOC(=O)[C@H]2CCCN2C(=O)CCCCC(=O)N2CCC[C@H]12	O=C1OCCCCCCOC(=O)[C@H]2CCCN2C(=O)CCCCC(=O)N2CCC[C@H]12	O=C1OCCCCCCOC(=O)[C@H]2CCCN2C(=O)CCCCC(=O)N2CCC[C@H]12	dev
C[C@H]1[C@@H](C/C=C/c2ccc(Cl)cc2)C(=O)N1OC1CCCCO1	C[C@H]1[C@@H](CCCc2ccc(Cl)cc2)C(=O)N1OC1CCCCO1	O=C1[C@H](CCCc2ccccc2)CN1OC1CCCCO1	dev
CC(C)=Cc1c(C)cccc1C(=O)NC1(C(=O)O)Cc2ccccc2C1	Cc1cccc(C(=O)NC2(C(=O)O)Cc3ccccc3C2)c1CC(C)C	O=C(NC1Cc2ccccc2C1)c1ccccc1	validation
CCOC(=O)N1C=Cc2cccnc2C1c1ccc(F)cc1	CCOC(=O)N1CCc2cccnc2C1c1ccc(F)cc1	c1ccc(C2NCCc3cccnc32)cc1	holdout
COC(=O)[C@@H](NC(=O)c1ccc(C#C/C=C/CC(O)CO)cc1)C(C)(C)NC(=O)OC(C)(C)C	O=C(O)C(F)(F)F	O=C(O)C(F)(F)F	dev
CC(C)(C)NC(=O)C1=CC[C@H]2[C@@H]3CCc4cc(OS(N)(=O)=O)ccc4[C@H]3CC[C@]12C	CC(C)(C)NC(=O)[C@H]1CC[C@H]2[C@@H]3CCc4cc(OS(N)(=O)=O)ccc4[C@H]3CC[C@]12C	c1ccc2c(c1)CC[C@@H]1[C@@H]2CCC2CCC[C@H]21	validation
OCc1cccc(C2=CCOCC2)c1	OCc1cccc(C2CCOCC2)c1	c1ccc(C2CCOCC2)cc1	holdout
C=CC1(C2(C)OCCO2)CC1	CCC1(C2(C)OCCO2)CC1	C1COC(C2CC2)O1	holdout
C=C(C)c1nsc(-c2ccc(C)cc2F)c1C#N	Cc1ccc(-c2snc(C(C)C)c2C#N)c(F)c1	c1ccc(-c2ccns2)cc1	validation
CC(C)OC(=O)CCCCCCN1C(=O)CC[C@@H]1/C=C/[C@@H](O)C(F)(F)c1ccccc1	CC(C)OC(=O)CCCCCCN1C(=O)CC[C@@H]1CC[C@@H](O)C(F)(F)c1ccccc1	O=C1CC[C@H](CCCCc2ccccc2)N1	dev
CC(=Cc1ccccc1)C(=O)O	CC(Cc1ccccc1)C(=O)O	c1ccccc1	validation
CC(C)(C)OC(=O)N1CCC(O)(C#Cc2ccc(F)c(C#N)c2)CC1	CC(C)(C)OC(=O)N1CCC(O)(CCc2ccc(F)c(C#N)c2)CC1	c1ccc(CCC2CCNCC2)cc1	dev
CCOC(=O)C1CC=C(c2ncc(-c3cn4c(Cc5ccccc5OC(F)F)c(C)nc4cc3F)cn2)CC1	CCOC(=O)C1CCC(c2ncc(-c3cn4c(Cc5ccccc5OC(F)F)c(C)nc4cc3F)cn2)CC1	c1ccc(Cc2cnc3ccc(-c4cnc(C5CCCCC5)nc4)cn23)cc1	holdout
CC(C)(C)OC(=O)N1CC=C(c2c(CO)nc3c(N4CCOCC4)ccnn23)CC1	CC(C)(C)OC(=O)N1CCC(c2c(CO)nc3c(N4CCOCC4)ccnn23)CC1	c1cc(N2CCOCC2)c2ncc(C3CCNCC3)n2n1	validation
CN(c1cc2c(cn1)ncn2C)c1ccc(C2=CCN(C(=O)OC(C)(C)C)CC2)cc1OC(F)F	CN(c1cc2c(cn1)ncn2C)c1ccc(C2CCN(C(=O)OC(C)(C)C)CC2)cc1OC(F)F	c1nc2cnc(Nc3ccc(C4CCNCC4)cc3)cc2[nH]1	holdout
CCOC(=O)C1=C(NCCC(C)C)CCC1	CCOC(=O)[C@@H]1CCC[C@@H]1NCCC(C)C	C1CCCC1	validation
C=CCN1c2ccc3nc(OC(C)C)cc(C(F)(F)F)c3c2OC[C@H]1CC	CCCN1c2ccc3nc(OC(C)C)cc(C(F)(F)F)c3c2OC[C@H]1CC	c1cnc2ccc3c(c2c1)OCCN3	dev
C=CCCC(=O)N[C@@H](COC(=O)[C@@H](CC=C)NC(=O)OC(C)(C)C)c1ccc(F)cc1	CC(C)(C)OC(=O)N[C@@H]1CC=CCCC(=O)N[C@H](c2ccc(F)cc2)COC1=O	O=C1CCC=CCCC(=O)OC[C@@H](c2ccccc2)N1	holdout
CC(C)CC(C(=O)NN1C(=O)NC2(CCCCC2)C1=O)[C@H](CC=Cc1ccccc1)C(=O)NOC1CCCCO1	CC(C)C[C@@H](C(=O)NN1C(=O)NC2(CCCCC2)C1=O)[C@H](CCCc1ccccc1)C(=O)NOC1CCCCO1	O=C(C[C@H](CCCc1ccccc1)C(=O)NOC1CCCCO1)NN1C(=O)NC2(CCCCC2)C1=O	dev
Cn1c(=O)c2c(-c3cccc(F)c3)n3c(c2n(C)c1=O)C(c1nc(Cl)cs1)=CC(CO)C3	Cn1c(=O)c2c(-c3cccc(F)c3)n3c(c2n(C)c1=O)C(c1nc(Cl)cs1)CC(CO)C3	O=c1[nH]c(=O)c2c(-c3ccccc3)n3c(c2[nH]1)C(c1nccs1)CCC3	dev
COc1ccc(CNc2nc3ccc(-c4ncccc4C)cc3cc2/C=C(\C)C(=O)NCCC(C)(C)C)cc1	COc1ccc(CNc2nc3ccc(-c4ncccc4C)cc3cc2CC(C)C(=O)NCCC(C)(C)C)cc1	c1ccc(CNc2ccc3cc(-c4ccccn4)ccc3n2)cc1	dev
O=C(N1CCCc2ccccc21)N1C2C=C(c3cccnc3)CC1CC2	O=C(N1CCCc2ccccc21)N1C2CCC1CC(c1cccnc1)C2	O=C(N1CCCc2ccccc21)N1C2CCC1CC(c1cccnc1)C2	dev
Cc1c(C2=CCC(Cc3ccccc3)(N(C)C)CC2)[nH]c2ccc(OC(F)(F)F)cc12	Cc1c(C2CCC(Cc3ccccc3)(N(C)C)CC2)[nH]c2ccc(OC(F)(F)F)cc12	c1ccc(CC2CCC(c3cc4ccccc4[nH]3)CC2)cc1	dev
CCOC(=O)c1cc2c(C=Cc3ccccc3)nc(N)nc2s1	CCOC(=O)c1cc2c(CCc3ccccc3)nc(N)nc2s1	c1ccc(CCc2ncnc3sccc23)cc1	validation
C=C1c2ccccc2CC(=O)Cc2ccccc21	CC1c2ccccc2CC(=O)Cc2ccccc21	O=C1Cc2ccccc2Cc2ccccc2C1	dev
CCOC(=O)C=C1CCSCC1	CCOC(=O)CC1CCSCC1	C1CCSCC1	dev
CCOC(=O)/C=C/c1nn(C2CCCCO2)c2cc(OCc3ccccc3)ccc12	CCOC(=O)CCc1nn(C2CCCCO2)c2cc(OCc3ccccc3)ccc12	c1ccc(COc2ccc3cnn(C4CCCCO4)c3c2)cc1	holdout
COC(=O)c1ccc(OC2C=CCCC2)cc1C(=O)OC	COC(=O)c1ccc(OC2CCCCC2)cc1C(=O)OC	c1ccc(OC2CCCCC2)cc1	holdout
COc1ccc(Cc2ncnn2-c2cc(C#Cc3ccc(C)cn3)nc(C)n2)cc1OC	COc1ccc(Cc2ncnn2-c2cc(CCc3ccc(C)cn3)nc(C)n2)cc1OC	c1ccc(Cc2ncnn2-c2cc(CCc3ccccn3)ncn2)cc1	validation
COc1ccc2c(c1OC)C(C)(C)N1CCc3cc4c(cc3C1=C2)OCO4	COc1ccc2c(c1OC)C(C)(C)N1CCc3cc4c(cc3C1C2)OCO4	c1ccc2c(c1)CC1c3cc4c(cc3CCN1C2)OCO4	dev
Cc1cc(C#CCN2CCN(C)CC2)cc2c1C(=O)N(Cc1ccc(OC(F)(F)F)cc1)C2	Cc1cc(CCCN2CCN(C)CC2)cc2c1C(=O)N(Cc1ccc(OC(F)(F)F)cc1)C2	O=C1c2ccc(CCCN3CCNCC3)cc2CN1Cc1ccccc1	dev
CCc1cc(C2CCN(C(=O)OC(C)(C)C)CC2)ccc1Nc1ncc(C(F)(F)F)c(C#Cc2ccccc2CC(=O)OC)n1	CCc1cc(C2CCN(C(=O)OC(C)(C)C)CC2)ccc1Nc1ncc(C(F)(F)F)c(CCc2ccccc2CC(=O)OC)n1	c1ccc(CCc2ccnc(Nc3ccc(C4CCNCC4)cc3)n2)cc1	dev
CC(C)(C)[Si](C)(C)OC1C=C(c2cnc(N)cn2)CCC1	CC(C)(C)[Si](C)(C)O[C@H]1CCC[C@@H](c2cnc(N)cn2)C1	c1cnc(C2CCCCC2)cn1	holdout
C#Cc1ccc2ccnc(Cc3ccc(CCCC)cc3)c2c1	CCCCc1ccc(Cc2nccc3ccc(CC)cc23)cc1	c1ccc(Cc2nccc3ccccc23)cc1	validation
O=c1cc(NCCC2CC=CCN2Cc2ccc(Cl)c(Cl)c2)[nH]c2ccccc12	O=c1cc(NCCC2CCCCN2Cc2ccc(Cl)c(Cl)c2)[nH]c2ccccc12	O=c1cc(NCCC2CCCCN2Cc2ccccc2)[nH]c2ccccc12	validation
COC(=O)c1cc(F)c(NS(=O)(=O)c2ccc(-c3cnc(C4=CCOCC4)nc3)cc2)cc1F	COC(=O)c1cc(F)c(NS(=O)(=O)c2ccc(-c3cnc(C4CCOCC4)nc3)cc2)cc1F	O=S(=O)(Nc1ccccc1)c1ccc(-c2cnc(C3CCOCC3)nc2)cc1	validation
O=C(O)C=Cc1ccc(F)cc1	O=C(O)CCc1ccc(F)cc1	c1ccccc1	validation
CC1=CC(=O)OC1c1ccc(OCCCBr)cc1	C[C@@H]1CC(=O)O[C@@H]1c1ccc(OCCCBr)cc1	O=C1CC[C@@H](c2ccccc2)O1	dev
C=Cc1cccc(S(=O)(=O)N2C[C@H](C)Oc3ncc(NC(=O)OC(C)(C)C)cc32)c1	CCc1cccc(S(=O)(=O)N2C[C@H](C)Oc3ncc(NC(=O)OC(C)(C)C)cc32)c1	O=S(=O)(c1ccccc1)N1CCOc2ncccc21	dev
CCOC(=O)C(=Cc1ccc(OC)c(C(=O)NCc2ccc(C(F)(F)F)cc2)c1)OC	CCOC(=O)C(Cc1ccc(OC)c(C(=O)NCc2ccc(C(F)(F)F)cc2)c1)OC	O=C(NCc1ccccc1)c1ccccc1	holdout
COC(=O)/C(=C\c1cc2ccnc(NC(c3ccccc3)(c3ccccc3)c3ccccc3)c2cc1OC(F)(F)F)N1CC[C@H](NC(=O)OC(C)(C)C)C1=O	COC(=O)[C@@H](Cc1cc2ccnc(NC(c3ccccc3)(c3ccccc3)c3ccccc3)c2cc1OC(F)(F)F)N1CC[C@H](NC(=O)OC(C)(C)C)C1=O	O=C1CCCN1CCc1ccc2c(NC(c3ccccc3)(c3ccccc3)c3ccccc3)nccc2c1	validation
CC(C)C1=CCC(c2ccc(Cl)c(Cl)c2)c2ccccc21	CC(C)C1CCC(c2ccc(Cl)c(Cl)c2)c2ccccc21	c1ccc(C2CCCc3ccccc32)cc1	holdout
C/C=C\c1ccc2c(c1)CCc1c(CC3CCCN(C(=O)OC(C)(C)C)C3=O)ncn1-2	CCCc1ccc2c(c1)CCc1c(CC3CCCN(C(=O)OC(C)(C)C)C3=O)ncn1-2	O=C1NCCCC1Cc1ncn2c1CCc1ccccc1-2	dev
Cn1cc(C(=O)NCc2ccc(Cl)cc2)c(=O)c2cc(C#CCCCO)oc21	Cn1cc(C(=O)NCc2ccc(Cl)cc2)c(=O)c2cc(CCCCCO)oc21	O=C(NCc1ccccc1)c1c[nH]c2occc2c1=O	validation
N/C(=C\C(=O)N1CCn2c(nnc2C(F)(F)F)C1)Cc1cc(F)c(F)cc1F	N[C@@H](CC(=O)N1CCn2c(nnc2C(F)(F)F)C1)Cc1cc(F)c(F)cc1F	O=C(CCCc1ccccc1)N1CCn2cnnc2C1	holdout
C=CCCCO[C@](C)(C=C)COC(=O)c1ccccc1	C[C@]1(COC(=O)c2ccccc2)C=CCCCO1	O=C(OCC1C=CCCCO1)c1ccccc1	dev
N#Cc1cnn2c1NCC=C2c1cccc(F)c1	N#Cc1cnn2c1NCCC2c1cccc(F)c1	c1ccc(C2CCNc3ccnn32)cc1	dev
COC(=O)c1ccc(/C=C\CCCCCN(C)C)cc1	COC(=O)c1ccc(CCCCCCCN(C)C)cc1	c1ccccc1	validation
COc1cccc(C2=C(c3cn4c5c(cccc35)CCC4)C(=O)NC2=O)c1	COc1cccc([C@@H]2C(=O)NC(=O)[C@H]2c2cn3c4c(cccc24)CCC3)c1	O=C1NC(=O)[C@@H](c2cn3c4c(cccc24)CCC3)[C@@H]1c1ccccc1	validation
C=C(c1ccc(NCc2ccc(C(F)(F)F)cc2)nc1)c1c[nH]c2ncccc12	CC(c1ccc(NCc2ccc(C(F)(F)F)cc2)nc1)c1c[nH]c2ncccc12	c1ccc(CNc2ccc(Cc3c[nH]c4ncccc34)cn2)cc1	holdout
C=C(c1ccc(-c2ccnn2C)cc1)[C@](O)(Cn1cncn1)c1ccc(F)cc1F	C[C@@H](c1ccc(-c2ccnn2C)cc1)[C@](O)(Cn1cncn1)c1ccc(F)cc1F	c1ccc(C(Cc2ccc(-c3ccn[nH]3)cc2)Cn2cncn2)cc1	dev
Cc1c(C(OC(C)(C)C)C(=O)O)c(-c2ccc(Cl)cc2)c2ccccc2c1C#CCN(C)C	Cc1c(C(OC(C)(C)C)C(=O)O)c(-c2ccc(Cl)cc2)c2ccccc2c1CCCN(C)C	c1ccc(-c2cccc3ccccc23)cc1	dev
CN(C)C(=O)CCC#Cc1cccc(C(O)CCNC(=O)C(F)(F)F)c1	CN(C)C(=O)CCCCc1cccc(C(O)CCNC(=O)C(F)(F)F)c1	c1ccccc1	validation
COC(=O)/C=C/c1c(-c2ccccc2)n(C)c(=O)c2ccccc12	COC(=O)CCc1c(-c2ccccc2)n(C)c(=O)c2ccccc12	O=c1[nH]c(-c2ccccc2)cc2ccccc12	dev
CCCC1CCC(C2CCC(C=Cc3ccc(OCC)c(F)c3C(F)F)CC2)CC1	CCCC1CCC(C2CCC(CCc3ccc(OCC)c(F)c3C(F)F)CC2)CC1	c1ccc(CCC2CCC(C3CCCCC3)CC2)cc1	validation
CCCCCC1CC2C=CC(C2)C1=O	CCCCCC1CC2CCC(C2)C1=O	O=C1CCC2CCC1C2	validation
COC(=O)c1ncc2c(ccn2Cc2ccc(F)cc2)c1C#CCN(OC(=O)OC(C)(C)C)C(=O)OC(C)(C)C	COC(=O)c1ncc2c(ccn2Cc2ccc(F)cc2)c1CCCN(OC(=O)OC(C)(C)C)C(=O)OC(C)(C)C	c1ccc(Cn2ccc3ccncc32)cc1	holdout
CC(C)(C)NC(=O)c1ccc(C2=CCCn3cncc32)cc1	CC(C)(C)NC(=O)c1ccc(C2CCCn3cncc32)cc1	c1ccc(C2CCCn3cncc32)cc1	holdout
CCC1=C(c2cccc(F)c2)C(=O)N(c2ccc(Cl)c(C(F)(F)F)c2)C1	CCC1CN(c2ccc(Cl)c(C(F)(F)F)c2)C(=O)C1c1cccc(F)c1	O=C1C(c2ccccc2)CCN1c1ccccc1	dev
CCOC(=O)/C=C/c1cn(-c2ccccc2)nc1OCc1ccccc1	CCOC(=O)CCc1cn(-c2ccccc2)nc1OCc1ccccc1	c1ccc(COc2ccn(-c3ccccc3)n2)cc1	holdout
Oc1ccc(C2=CCCCC2)nc1	Oc1ccc(C2CCCCC2)nc1	c1ccc(C2CCCCC2)nc1	dev
COC(C)(C)C#Cc1ccc2c(c1)[C@]1(COC(N)=N1)c1cc(-c3cncnc3)ccc1O2	COC(C)(C)CCc1ccc2c(c1)[C@]1(COC(N)=N1)c1cc(-c3cncnc3)ccc1O2	C1=N[C@]2(CO1)c1ccccc1Oc1ccc(-c3cncnc3)cc12	dev
C=CCC(c1ccc(F)cc1)c1nc(Nc2ccc(-n3cnc(Cl)c3)c(OC)c2)nn1CC=C	COc1cc(Nc2nc3n(n2)CC=CCC3c2ccc(F)cc2)ccc1-n1cnc(Cl)c1	C1=CCn2nc(Nc3ccc(-n4ccnc4)cc3)nc2C(c2ccccc2)C1	dev
CCOC(=O)COc1cccc(C2CCCCC2=Cc2nc(-c3ccccc3)c(-c3ccccc3)o2)c1	CCOC(=O)COc1cccc(C2CCCCC2Cc2nc(-c3ccccc3)c(-c3ccccc3)o2)c1	c1ccc(-c2nc(CC3CCCCC3c3ccccc3)oc2-c2ccccc2)cc1	dev
CN1C2C=C(c3c[nH]c4cc(F)ccc34)CC1CC2	CN1C2CCC1CC(c1c[nH]c3cc(F)ccc13)C2	c1ccc2c(C3CC4CCC(C3)N4)c[nH]c2c1	dev
CC(C)(C)OC(=O)C=Cc1ccc(C(F)(F)F)nc1	CC(C)(C)OC(=O)CCc1ccc(C(F)(F)F)nc1	c1ccncc1	dev
COc1cc(-c2csc3c(/C=C/CO)cnc(N)c23)ccc1NC(=O)c1cc2ccccc2n1C	COc1cc(-c2csc3c(CCCO)cnc(N)c23)ccc1NC(=O)c1cc2ccccc2n1C	O=C(Nc1ccc(-c2csc3ccncc23)cc1)c1cc2ccccc2[nH]1	holdout
CCOC(=O)/C=C/c1ccc(C(F)(F)C(O)(Cn2cnnn2)c2ccc(F)cc2F)nc1	CCOC(=O)CCc1ccc(C(F)(F)C(O)(Cn2cnnn2)c2ccc(F)cc2F)nc1	c1ccc(C(Cc2ccccn2)Cn2cnnn2)cc1	holdout
C[SiH](C)OCC1=C(O)CC(C(C)(C)C)OC1=O	C[SiH](C)OCC1C(=O)OC(C(C)(C)C)CC1O	O=C1CCCCO1	dev
Cn1c2c(cc(C(=O)O)c1=O)CC=Cc1cc3c(ccn3C)cc1-2	Cn1c2c(cc(C(=O)O)c1=O)CCCc1cc3c(ccn3C)cc1-2	O=c1ccc2c([nH]1)-c1cc3cc[nH]c3cc1CCC2	dev
O=C1C=COC(COCc2ccccc2)C1	O=C1CCOC(COCc2ccccc2)C1	O=C1CCOC(COCc2ccccc2)C1	validation
O=C(O)/C(=C/c1cccs1)CC(=O)N1C[C@H]2CCCC[C@H]2C1	O=C(O)C(CC(=O)N1C[C@H]2CCCC[C@H]2C1)Cc1cccs1	O=C(CCCc1cccs1)N1C[C@H]2CCCC[C@H]2C1	dev
COC(=O)c1ccc(C=CC2CCOCC2)cc1	COC(=O)c1ccc(CCC2CCOCC2)cc1	c1ccc(CCC2CCOCC2)cc1	validation
CCOC(=O)C=Cc1cc(C(=O)Nc2cc(CCCCCCN3C(=O)c4ccccc4C3=O)c(OCCCCCCCN3C(=O)c4ccccc4C3=O)c(CCCCCCN3C(=O)c4ccccc4C3=O)c2)n(Cc2ccccc2)c1C#CC(O)(c1ccccc1)c1ccccc1	CCOC(=O)CCc1cc(C(=O)Nc2cc(CCCCCCN3C(=O)c4ccccc4C3=O)c(OCCCCCCCN3C(=O)c4ccccc4C3=O)c(CCCCCCN3C(=O)c4ccccc4C3=O)c2)n(Cc2ccccc2)c1C#CC(O)(c1ccccc1)c1ccccc1	O=C(Nc1cc(CCCCCCN2C(=O)c3ccccc3C2=O)c(OCCCCCCCN2C(=O)c3ccccc3C2=O)c(CCCCCCN2C(=O)c3ccccc3C2=O)c1)c1ccc(C#CC(c2ccccc2)c2ccccc2)n1Cc1ccccc1	validation
CCOC(=O)C(=CNc1ccc(F)cc1)C(=O)c1cc(F)c(F)cc1Cl	CCOC(=O)c1cn(-c2ccc(F)cc2)c2cc(F)c(F)cc2c1=O	O=c1ccn(-c2ccccc2)c2ccccc12	holdout
C=CCCC(O[Si](C(C)C)(C(C)C)C(C)C)c1ncccc1C=C	CC(C)[Si](OC1CCC=Cc2cccnc21)(C(C)C)C(C)C	C1=Cc2cccnc2CCC1	validation
C=C(c1cccnc1)c1c(C)[nH]c2ccccc12	Cc1[nH]c2ccccc2c1C(C)c1cccnc1	c1cncc(Cc2c[nH]c3ccccc23)c1	dev
C=Cc1ccc2c(c1Cl)CC[C@]1(C)CN(Cc3ccccc3)C[C@@H]21	CCc1ccc2c(c1Cl)CC[C@]1(C)CN(Cc3ccccc3)C[C@@H]21	c1ccc(CN2CC3CCc4ccccc4[C@@H]3C2)cc1	holdout
COc1ccc2c(O[C@@H]3C[C@H]4C(=O)N[C@]5(C(=O)O)C[C@H]5C=CCCCCC[C@H](NC(=O)OC(C)(C)C)C(=O)N4C3)cc(-c3ccccc3)nc2c1	COc1ccc2c(O[C@@H]3C[C@H]4C(=O)N[C@]5(C(=O)O)C[C@H]5CCCCCCC[C@H](NC(=O)OC(C)(C)C)C(=O)N4C3)cc(-c3ccccc3)nc2c1	O=C1NC2C[C@H]2CCCCCCCCC(=O)N2C[C@H](Oc3cc(-c4ccccc4)nc4ccccc34)C[C@@H]12	dev
C#Cc1cc(C#N)cc(Br)c1N	N#Cc1cc(Br)c2[nH]ccc2c1	c1ccc2[nH]ccc2c1	holdout
CCC=CCCC(O)C#CC(C)O	CCC=CCCC(O)CCC(C)O	CCC=CCCC(O)CCC(C)O	validation
C=C(c1csc2c1OCCN(C(=O)OC(C)(C)C)C2)C(F)(F)F	CC(c1csc2c1OCCN(C(=O)OC(C)(C)C)C2)C(F)(F)F	c1cc2c(s1)CNCCO2	validation
C=CCn1c(=O)n([C@@H]2O[C@H](CO)[C@@H](O)[C@H]2O)c2nc(N)[nH]c(=O)c21	CCCn1c(=O)n([C@@H]2O[C@H](CO)[C@@H](O)[C@H]2O)c2nc(N)[nH]c(=O)c21	O=c1[nH]cnc2c1[nH]c(=O)n2[C@H]1CCCO1	validation
CC(=O)Nc1ncc(/C=C/c2ncc(C(C)(C)C)o2)s1	CC(=O)Nc1ncc(CCc2ncc(C(C)(C)C)o2)s1	c1coc(CCc2cncs2)n1	dev
Cc1oc(C=Cc2ccccc2)nc1CN1c2ccc(C(O)(C(F)(F)F)C(F)(F)F)cc2CC1C	Cc1oc(CCc2ccccc2)nc1CN1c2ccc(C(O)(C(F)(F)F)C(F)(F)F)cc2CC1C	c1ccc(CCc2nc(CN3CCc4ccccc43)co2)cc1	holdout
C1=C(c2cccc(-c3ccccc3)c2)CCNC1	c1ccc(-c2cccc(C3CCNCC3)c2)cc1	c1ccc(-c2cccc(C3CCNCC3)c2)cc1	validation
COC(Cc1cccc(C#CCCCOc2ccc(Oc3ccccc3)cc2)c1)C(=O)O	COC(Cc1cccc(CCCCCOc2ccc(Oc3ccccc3)cc2)c1)C(=O)O	c1ccc(CCCCCOc2ccc(Oc3ccccc3)cc2)cc1	dev
CCOC(=O)C1=C(c2ccc([Si](C)(C)C)cc2)CCOC1	CCOC(=O)[C@@H]1COCC[C@@H]1c1ccc([Si](C)(C)C)cc1	c1ccc(C2CCOCC2)cc1	holdout
CCC=Cc1cccc(C)n1	CCCCc1cccc(C)n1	c1ccncc1	dev
CCCCCS(=O)(=O)NC(=O)/C=C/c1ccc(OCCOC)cc1Oc1ncc(Cl)cc1Cl	CCCCCS(=O)(=O)NC(=O)CCc1ccc(OCCOC)cc1Oc1ncc(Cl)cc1Cl	c1ccc(Oc2ccccn2)cc1	dev
CCCC#Cc1cnc(NC(=O)C(C)(C)C)cc1C	CCCCCc1cnc(NC(=O)C(C)(C)C)cc1C	c1ccncc1	dev
C=C(C)CC(C(=O)OC)c1cc(-c2ccc(C(F)(F)F)cc2)nc(-c2ccc(C(F)(F)F)cc2)c1	COC(=O)C(CC(C)C)c1cc(-c2ccc(C(F)(F)F)cc2)nc(-c2ccc(C(F)(F)F)cc2)c1	c1ccc(-c2cccc(-c3ccccc3)n2)cc1	validation
COCCCCC#Cc1ccc([C@@H]2CC[C@](N)(C(=O)OC)C2)cc1	COCCCCCCc1ccc([C@@H]2CC[C@](N)(C(=O)OC)C2)cc1	c1ccc(C2CCCC2)cc1	validation
CC(=O)C=C(C)CCC=C(C)C	CC(=O)CC(C)CCC=C(C)C	CC(=O)CC(C)CCC=C(C)C	dev
CC1=CCC(C(=O)O)OC1	CC1CCC(C(=O)O)OC1	C1CCOCC1	dev
C=C(C)c1cccc(C(C)(C)N)c1	CC(C)c1cccc(C(C)(C)N)c1	c1ccccc1	validation
