benchmark,metric,mean,sd
DoseResponse,ach_monotonicity,1.000000,0.000000
DoseResponse,da_monotonicity,1.000000,0.000000
DoseResponse,extreme_saturation_finite,1.000000,0.000000
DoseResponse,gaba_monotonicity,1.000000,0.000000
DoseResponse,ne_monotonicity,1.000000,0.000000
DoseResponse,sht_monotonicity,1.000000,0.000000
Neuromod::YerkesDodson,inverted_u_fit_r2,0.618182,0.000000
Neuromod::YerkesDodson,peak_ne_level,0.900000,0.000000
Neuromod::YerkesDodson,simple_peak_shift,0.100000,0.000000
Neuromod::RewardLearning,da_reward_correlation,0.816658,0.051365
Neuromod::RewardLearning,lose_shift_ratio,2.745369,0.675917
Neuromod::RewardLearning,trials_to_criterion,40.000000,0.000000
Neuromod::AttentionNetwork,ach_orienting_r,0.257387,0.094616
Neuromod::AttentionNetwork,alerting_effect,0.652257,0.089339
Neuromod::AttentionNetwork,conflict_effect,2.511294,0.057600
Neuromod::AttentionNetwork,ne_alerting_r,0.652257,0.089339
Neuromod::AttentionNetwork,orienting_effect,0.257387,0.094616
Neuromod::MoodInduction,mood_congruent_bias,0.983333,0.027572
Neuromod::MoodInduction,risk_aversion_high_5ht,0.990000,0.019041
Neuromod::MoodInduction,risk_seeking_low_5ht,0.993333,0.017438
Neuromod::BehavioralKnockout,ach_ko_attention_d,5.409809,0.000000
Neuromod::BehavioralKnockout,ach_ko_threshold_d,-5.409813,0.000000
Neuromod::BehavioralKnockout,all_ko_consciousness_collapse_d,9.431319,0.000000
Neuromod::BehavioralKnockout,all_ko_lr_collapse_d,1.926034,0.000000
Neuromod::BehavioralKnockout,baseline_attention_mean,0.945044,0.000000
Neuromod::BehavioralKnockout,baseline_confidence_mean,0.012506,0.000000
Neuromod::BehavioralKnockout,baseline_consciousness_mean,0.952696,0.000000
Neuromod::BehavioralKnockout,baseline_exploration_mean,0.019860,0.000000
Neuromod::BehavioralKnockout,baseline_inhibition_mean,0.848855,0.000000
Neuromod::BehavioralKnockout,baseline_lr_mean,0.732565,0.000000
Neuromod::BehavioralKnockout,da_ko_gradient_d,2.136957,0.000000
Neuromod::BehavioralKnockout,da_ko_lr_d,1.926034,0.000000
Neuromod::BehavioralKnockout,gaba_ko_ei_d,-32.869673,0.000000
Neuromod::BehavioralKnockout,gaba_ko_inhibition_d,-10.663450,0.000000
Neuromod::BehavioralKnockout,ne_ko_exploration_d,7.251678,0.000000
Neuromod::BehavioralKnockout,ne_ko_flexibility_d,0.000000,0.000000
Neuromod::BehavioralKnockout,sht_ko_confidence_d,5.804539,0.000000
Neuromod::BehavioralKnockout,sht_ko_consciousness_d,-0.105755,0.000000
Neuromod::ConsciousnessPharmacology,anxiolytic_duration_above_baseline,2.000000,0.000000
Neuromod::ConsciousnessPharmacology,anxiolytic_proxy_mean,0.521442,0.000000
Neuromod::ConsciousnessPharmacology,anxiolytic_proxy_peak,0.533912,0.000000
Neuromod::ConsciousnessPharmacology,anxiolytic_time_to_peak,11.000000,0.000000
Neuromod::ConsciousnessPharmacology,ecb_duration_above_baseline,26.000000,0.000000
Neuromod::ConsciousnessPharmacology,ecb_proxy_mean,0.525444,0.000000
Neuromod::ConsciousnessPharmacology,ecb_proxy_peak,0.538380,0.000000
Neuromod::ConsciousnessPharmacology,ecb_proxy_variance,0.000068,0.000000
Neuromod::ConsciousnessPharmacology,ecb_time_to_peak,14.000000,0.000000
Neuromod::ConsciousnessPharmacology,psychedelic_duration_above_baseline,9.000000,0.000000
Neuromod::ConsciousnessPharmacology,psychedelic_proxy_mean,0.521535,0.000000
Neuromod::ConsciousnessPharmacology,psychedelic_proxy_peak,0.536069,0.000000
Neuromod::ConsciousnessPharmacology,psychedelic_time_to_peak,7.000000,0.000000
Neuromod::ConsciousnessPharmacology,sedative_duration_above_baseline,9.000000,0.000000
Neuromod::ConsciousnessPharmacology,sedative_proxy_mean,0.521540,0.000000
Neuromod::ConsciousnessPharmacology,sedative_proxy_peak,0.536152,0.000000
Neuromod::ConsciousnessPharmacology,sedative_time_to_peak,7.000000,0.000000
Neuromod::ConsciousnessPharmacology,stimulant_duration_above_baseline,10.000000,0.000000
Neuromod::ConsciousnessPharmacology,stimulant_proxy_mean,0.521720,0.000000
Neuromod::ConsciousnessPharmacology,stimulant_proxy_peak,0.536152,0.000000
Neuromod::ConsciousnessPharmacology,stimulant_time_to_peak,7.000000,0.000000
ToleranceWithdrawal,da_sensitivity_ratio,0.475639,0.000000
ToleranceWithdrawal,da_tolerance_detected,1.000000,0.000000
ToleranceWithdrawal,da_withdrawal_detected,1.000000,0.000000
ToleranceWithdrawal,da_withdrawal_peak_sensitivity,0.910640,0.000000
ToleranceWithdrawal,gaba_sensitivity_ratio,0.733829,0.000000
ToleranceWithdrawal,gaba_tolerance_detected,1.000000,0.000000
ToleranceWithdrawal,gaba_withdrawal_detected,1.000000,0.000000
ToleranceWithdrawal,gaba_withdrawal_peak_sensitivity,0.635254,0.000000
ToleranceWithdrawal,ne_sensitivity_ratio,0.586266,0.000000
ToleranceWithdrawal,ne_tolerance_detected,1.000000,0.000000
ToleranceWithdrawal,ne_withdrawal_detected,1.000000,0.000000
ToleranceWithdrawal,ne_withdrawal_peak_sensitivity,0.669888,0.000000
ToleranceWithdrawal,sht_sensitivity_ratio,0.637552,0.000000
ToleranceWithdrawal,sht_tolerance_detected,1.000000,0.000000
ToleranceWithdrawal,sht_withdrawal_detected,1.000000,0.000000
ToleranceWithdrawal,sht_withdrawal_peak_sensitivity,0.669218,0.000000
ToleranceWithdrawal,tolerance_count,4.000000,0.000000
ToleranceWithdrawal,withdrawal_count,4.000000,0.000000
AntagonistProfiles,baseline_consciousness,0.010789,0.000000
AntagonistProfiles,baseline_ei,0.610841,0.000000
AntagonistProfiles,baseline_flexibility,0.725030,0.000000
AntagonistProfiles,concurrent_flexibility,0.881928,0.000000
AntagonistProfiles,d2_flexibility_mean,0.709865,0.000000
AntagonistProfiles,d2_flexibility_reduction,0.015165,0.000000
AntagonistProfiles,gaba_a_ei_increase,0.006069,0.000000
AntagonistProfiles,gaba_a_ei_mean,0.616910,0.000000
AntagonistProfiles,sht2a_confidence_mean,-0.001975,0.000000
AntagonistProfiles,sht2a_confidence_reduction,0.012763,0.000000
AntagonistProfiles,wearoff_flexibility,0.710973,0.000000
AntagonistProfiles,wearoff_recovery,0.001107,0.000000
MultiTransmitterSynergy,da_gaba_antagonism,0.000000,0.000000
MultiTransmitterSynergy,da_sht_synergy,0.000000,0.000000
MultiTransmitterSynergy,gaba_ne_antagonism,0.000000,0.000000
MultiTransmitterSynergy,glut_gaba_hh_ratio,1.126362,0.000000
MultiTransmitterSynergy,glut_gaba_homeostatic,1.051201,0.000000
MultiTransmitterSynergy,glut_gaba_ll_ratio,1.000000,0.000000
MultiTransmitterSynergy,ne_ach_synergy,0.000000,0.000000
MultiTransmitterSynergy,oxy_sht_synergy,0.000000,0.000000
ConsciousnessFeedback,all_finite,1.000000,0.000000
ConsciousnessFeedback,bottom_quartile_sht,0.710429,0.000000
ConsciousnessFeedback,psi_consciousness_mod_r,-0.015951,0.000000
ConsciousnessFeedback,psi_serotonin_r,-0.016058,0.000000
ConsciousnessFeedback,top_quartile_sht,0.483229,0.000000
ConsciousnessFeedback,total_cycles,200.000000,0.000000
MoralOxytocin,all_finite,1.000000,0.000000
MoralOxytocin,mean_high_moral_sc,0.908364,0.000000
MoralOxytocin,mean_low_moral_sc,0.907442,0.000000
MoralOxytocin,moral_oxytocin_r,0.015341,0.000000
MoralOxytocin,moral_social_coherence_r,0.015341,0.000000
MoralOxytocin,total_cycles,200.000000,0.000000
