benchmark,metric,agent_value,human_mean,human_sd,z_score,z_clamped,percentile,interpretation
WorM::N-back,nback_2::accuracy,0.829196,0.850000,0.100000,-0.208041,-0.208041,41.759870,Average
WorM::ChangeDetection,set_size_4::accuracy,0.850000,0.750000,0.150000,0.666667,0.666667,74.750753,Average
WorM::SerialRecall,list_7::primacy_index,0.300628,0.150000,0.060000,2.510466,2.510466,99.397139,Superior
WorM::SpatialUpdating,overall_accuracy,1.000000,0.850000,0.100000,1.500000,1.500000,93.319277,Above average
WorM::Binding,overall_binding_accuracy,0.716667,0.750000,0.120000,-0.277778,-0.277778,39.059154,Average
WorM::DigitSpan,forward_span,7.000000,6.800000,1.100000,0.181818,0.181818,57.213728,Average
CogBench::ProbabilisticReasoning,beta2_likelihood_weight,0.861052,0.500000,0.150000,2.407016,2.407016,99.195828,Superior
CogBench::HorizonTask,horizon_6::directed_exploration,0.325000,0.350000,0.120000,-0.208333,-0.208333,41.748438,Average
CogBench::RestlessBandit,overall_accuracy,0.716000,0.750000,0.100000,-0.340000,-0.340000,36.692833,Average
CogBench::InstrumentalLearning,contingency_sensitivity,0.800000,0.700000,0.150000,0.666667,0.666667,74.750753,Average
CogBench::TwoStep,beta3_model_basedness,0.605342,0.600000,0.200000,0.026710,0.026710,51.065459,Average
CogBench::TemporalDiscounting,discounting_score_S,0.543750,0.500000,0.150000,0.291667,0.291667,61.472919,Average
CogBench::BART,average_pumps,29.739709,30.000000,12.000000,-0.021691,-0.021691,49.134722,Average
CogBench::ReversalLearning,win_stay_rate,0.998556,0.850000,0.080000,1.856955,1.856955,96.834125,Above average
Executive::WCST,categories_completed,6.000000,5.620000,1.130000,0.336283,0.336283,63.167127,Average
Executive::Ravens,overall_accuracy,1.000000,0.780000,0.120000,1.833333,1.833333,96.662355,Above average
Executive::Stroop,incongruent_accuracy,0.891250,0.100000,0.050000,15.825000,3.000000,100.000000,Superior
Executive::Flanker,flanker_effect,0.073750,0.070000,0.040000,-0.093750,-0.093750,46.265381,Average
Executive::TowerOfLondon,overall_optimal_rate,0.665501,0.630000,0.150000,0.236674,0.236674,59.354527,Average
Executive::DualTask,dual_task_cost,0.100000,0.100000,0.050000,0.000000,0.000000,50.000000,Average
Metacognition::Calibration,calibration_error_ece,0.158596,0.150000,0.050000,-0.171925,-0.171925,43.174807,Average
Metacognition::FeelingOfKnowing,fok_gamma,0.701566,0.650000,0.100000,0.515660,0.515660,69.695407,Average
Metacognition::ChangeBlindness,detection_with_disruption,0.680000,0.450000,0.120000,1.916667,1.916667,97.235992,Above average
Butlin::ConsciousnessIndicators,mean_quality_score,0.867143,0.800000,0.100000,0.671430,0.671430,74.902668,Average
ToMBench::FalseBelief,false_belief_accuracy,1.000000,0.900000,0.100000,1.000000,1.000000,84.134474,Average
ToMBench::FauxPas,faux_pas_accuracy,1.000000,0.850000,0.120000,1.250000,1.250000,89.435016,Above average
ToMBench::Persuasion,persuasion_detection,1.000000,0.850000,0.120000,1.250000,1.250000,89.435016,Above average
ToMBench::StrangeStory,overall_accuracy,1.000000,0.850000,0.120000,1.250000,1.250000,89.435016,Above average
ToMBench::Hinting,hinting_accuracy,0.900000,0.800000,0.150000,0.666667,0.666667,74.750753,Average
MemoryAgent::AccurateRetrieval,overall_retrieval_accuracy,1.000000,0.850000,0.100000,1.500000,1.500000,93.319277,Above average
MemoryAgent::TestTimeLearning,correction_accuracy,0.750000,0.750000,0.150000,0.000000,0.000000,50.000000,Average
MemoryAgent::LongRange,delay_50::retention,0.700000,0.700000,0.150000,0.000000,0.000000,50.000000,Average
MemoryAgent::ConflictResolution,recency_preference,0.750000,0.650000,0.120000,0.833333,0.833333,79.767168,Average
MemoryAgent::ProspectiveMemory,pm_hit_rate,0.884366,0.750000,0.150000,0.895774,0.895774,81.481339,Average
Affect::ValenceClassification,valence_accuracy,1.000000,0.900000,0.080000,1.250000,1.250000,89.435016,Above average
Affect::MoodCongruentRecall,congruence_ratio,0.600000,0.600000,0.100000,-0.000000,-0.000000,50.000000,Average
Affect::EmotionalStroop,negative_accuracy,0.901250,0.070000,0.040000,20.781250,3.000000,100.000000,Superior
Creativity::RemoteAssociates,mean_solution_rank,2.300000,2.500000,1.500000,0.133333,0.133333,55.302340,Average
Creativity::AlternateUses,originality,0.906354,0.600000,0.150000,2.042360,2.042360,97.944208,Superior
Inhibition::GoNoGo,nogo_accuracy,0.891393,0.820000,0.100000,0.713926,0.713926,76.236348,Average
Inhibition::StopSignal,ssrt_ticks,0.088355,0.100000,0.050000,0.232906,0.232906,59.208266,Average
Inhibition::FlankerInhibition,interference_suppression,0.050103,0.070000,0.040000,0.497433,0.497433,69.055831,Average
Attention::AttentionalBlink,lag3_t2_accuracy,0.828000,0.300000,0.120000,4.400000,3.000000,99.999458,Superior
Attention::VisualSearch,search_asymmetry,0.365702,0.250000,0.100000,1.157025,1.157025,87.636883,Above average
Reasoning::ArcFluid,transfer_accuracy,0.575000,0.800000,0.120000,-1.875000,-1.875000,3.039630,Below average
Reasoning::ArcCompositional,compositional_accuracy,0.658333,0.650000,0.150000,0.055556,0.055556,52.215213,Average
Reasoning::ArcAnalogy,analogy_accuracy,0.800000,0.750000,0.120000,0.416667,0.416667,66.153884,Average
Reasoning::ArcAbductive,abduction_accuracy,0.900000,0.700000,0.150000,1.333333,1.333333,90.878872,Above average
Reasoning::ArcChain,chain_accuracy,0.997222,0.550000,0.150000,2.981481,2.981481,99.856564,Superior
Reasoning::ArcNoise,noise_resilience,1.000000,0.850000,0.080000,1.875000,1.875000,96.960370,Above average
Reasoning::ArcFewShot,accuracy_5shot,1.000000,0.600000,0.150000,2.666667,2.666667,99.616957,Superior
Reasoning::ArcScaling,capacity_ratio,1.000000,0.900000,0.080000,-1.250000,-1.250000,10.564984,Below average
Reasoning::ArcRSA,rsa_correlation,0.957341,0.600000,0.150000,2.382271,2.382271,99.139689,Superior
Reasoning::ArcAlgebra,algebra_score,0.801110,0.500000,0.150000,2.007399,2.007399,97.764647,Superior
Reasoning::ArcStaircase,capacity_threshold,20.000000,10.000000,4.000000,2.500000,2.500000,99.379032,Superior
SustainedAttention::SART,commission_errors,0.000000,0.300000,0.120000,2.500000,2.500000,99.379032,Superior
SustainedAttention::PVT,vigilance_decrement,0.050264,0.100000,0.050000,0.994721,0.994721,84.006408,Average
SustainedAttention::CPT,d_prime,4.653571,2.800000,0.600000,3.089284,3.000000,99.899674,Superior
Motor::SRTT,learning_effect,0.204104,0.150000,0.120000,0.450865,0.450865,67.395647,Average
Motor::FittsLaw,fitts_r_squared,0.998750,0.950000,0.030000,1.624984,1.624984,94.791706,Above average
Motor::Bimanual,coordination_cost,0.000000,0.150000,0.060000,2.500000,2.500000,99.379032,Superior
Language::GardenPath,disambiguation_cost,0.702908,0.850000,0.150000,0.980615,0.980615,83.660873,Average
Language::SemanticCoherence,coherence_mean,0.242316,0.050000,0.040000,4.807912,3.000000,99.999924,Superior
Language::LexicalDecision,lexicality_effect,0.972500,0.850000,0.150000,0.816667,0.816667,79.294059,Average
Language::SemanticPriming,priming_effect,0.085000,0.100000,0.040000,-0.375000,-0.375000,35.383029,Average
Social::RME,rme_accuracy,1.000000,0.720000,0.090000,3.111111,3.000000,99.906801,Superior
Social::UltimatumGame,fairness_sensitivity,1.600000,1.500000,0.400000,0.250000,0.250000,59.870629,Average
Social::SocialNorm,d_prime,4.022313,2.100000,0.500000,3.844626,3.000000,99.993961,Superior
Binding::TemporalOrder,discrimination_slope,0.762308,0.700000,0.120000,0.519231,0.519231,69.820010,Average
Binding::CrossModal,binding_accuracy,0.803333,0.780000,0.100000,0.233333,0.233333,59.224867,Average
Binding::FeatureConjunction,conjunction_accuracy,0.890833,0.750000,0.120000,1.173611,1.173611,87.972453,Above average
Spatial::LandmarkBinding,retrieval_accuracy,1.000000,0.750000,0.120000,2.083333,2.083333,98.138964,Superior
Security::EncryptedBinding,binding_preservation,1.000000,0.750000,0.120000,2.083333,2.083333,98.138964,Superior
Neuromod::AttentionNetwork,conflict_effect,2.511294,2.500000,1.000000,0.011294,0.011294,50.450544,Average
Neuromod::MoodInduction,mood_congruent_bias,0.983333,0.850000,0.150000,0.888889,0.888889,81.296864,Average
Neuromod::RewardLearning,trials_to_criterion,40.000000,15.000000,6.000000,-4.166667,-3.000000,0.001546,Impaired
Neuromod::YerkesDodson,inverted_u_fit_r2,0.618182,0.500000,0.150000,0.787879,0.787879,78.461626,Average
Neuromod::PharmacologicalChallenge,da_agonist_gradient_scale,0.910047,1.350000,0.250000,-1.759812,-1.759812,3.921980,Below average
Neuromod::PharmacologicalAblation,da_knockout_lr_drop_pct,11.969318,30.000000,15.000000,-1.202045,-1.202045,11.467301,Below average
Neuromod::InjectionChallenge,stimulant_peak_effect,0.215355,0.350000,0.120000,-1.122044,-1.122044,13.092195,Below average
Neuromod::BehavioralKnockout,da_ko_lr_d,1.926034,2.000000,0.800000,-0.092457,-0.092457,46.316738,Average
Neuromod::ConsciousnessPharmacology,psychedelic_proxy_peak,0.536069,0.520000,0.050000,0.321389,0.321389,62.604215,Average
Neuromod::AllostaticStress,chronic_da_baseline_final,0.277999,0.350000,0.100000,-0.720010,-0.720010,23.575939,Average
