step,aux_mel_loss,mel_loss,batch_size,lr,val_loss
1,0.15524,1.13675,1,0.0006,
2,0.11052,1.09192,1,0.0006,
3,0.09136,1.07274,1,0.0006,
4,0.07711,1.04938,1,0.0006,
5,0.08467,1.03659,1,0.0006,
6,0.07277,1.00236,1,0.0006,
7,0.06664,1.00398,1,0.0006,
8,0.06668,0.96373,1,0.0006,
9,0.06212,1.01525,1,0.0006,
10,0.06938,1.06246,1,0.0006,
11,0.0651,0.93709,1,0.0006,
12,0.05915,0.959,1,0.0006,
13,0.06118,0.88887,1,0.0006,
14,0.0667,0.84751,1,0.0006,
15,0.05873,0.975,1,0.0006,
16,0.05685,1.0849,1,0.0006,
17,0.06458,0.72959,1,0.0006,
18,0.06158,1.02623,1,0.0006,
19,0.06459,0.86758,1,0.0006,
20,0.0589,1.01831,1,0.0006,
21,0.05563,0.62444,1,0.0006,
22,0.05902,0.68249,1,0.0006,
23,0.0642,0.86941,1,0.0006,
24,0.05663,1.03477,1,0.0006,
25,0.06074,1.09147,1,0.0006,
26,0.06177,0.85918,1,0.0006,
27,0.05773,0.88608,1,0.0006,
28,0.05643,0.69994,1,0.0006,
29,0.05628,1.09897,1,0.0006,
30,0.05634,0.50618,1,0.0006,
31,0.05246,0.56697,1,0.0006,
32,0.06629,0.44381,1,0.0006,
33,0.05929,0.44664,1,0.0006,
34,0.05598,0.67035,1,0.0006,
35,0.05318,0.47754,1,0.0006,
36,0.05376,0.37004,1,0.0006,
37,0.05193,0.45518,1,0.0006,
38,0.05148,0.52945,1,0.0006,
39,0.06117,0.34803,1,0.0006,
40,0.05664,1.05173,1,0.0006,
41,0.05539,1.20792,1,0.0006,
42,0.05938,0.78337,1,0.0006,
43,0.06419,0.31149,1,0.0006,
44,0.05751,0.31682,1,0.0006,
45,0.05333,0.5033,1,0.0006,
46,0.05316,0.30185,1,0.0006,
47,0.05588,0.27927,1,0.0006,
48,0.05071,0.7236,1,0.0006,
49,0.0479,0.42155,1,0.0006,
50,0.06666,0.61359,1,0.0006,
51,0.05767,0.31436,1,0.0006,
52,0.05642,0.25955,1,0.0006,
53,0.05492,0.29881,1,0.0006,
54,0.05828,0.32887,1,0.0006,
55,0.05792,0.27648,1,0.0006,
56,0.05501,0.24137,1,0.0006,
57,0.05627,0.56586,2,0.0006,
58,0.0588,0.2531,2,0.0006,
59,0.05777,0.33062,2,0.0006,
60,0.05515,0.29426,2,0.0006,
61,0.05333,0.46322,2,0.0006,
62,0.0548,0.21474,2,0.0006,
63,0.05543,0.29057,2,0.0006,
64,0.054,0.42758,2,0.0006,
65,0.05158,0.89716,2,0.0006,
66,0.05589,0.37269,2,0.0006,
67,0.05438,0.51075,2,0.0006,
68,0.05364,0.23081,2,0.0006,
69,0.05105,0.76416,2,0.0006,
70,0.05258,0.26232,2,0.0006,
71,0.05196,0.2032,2,0.0006,
72,0.04807,0.37232,2,0.0006,
73,0.05687,0.35269,2,0.0006,
74,0.05719,0.33129,2,0.0006,
75,0.05223,0.26491,2,0.0006,
76,0.04741,0.20728,2,0.0006,
77,0.04905,0.43066,2,0.0006,
78,0.04875,0.24231,2,0.0006,
79,0.04764,0.18263,2,0.0006,
80,0.04607,0.38773,2,0.0006,
81,0.04561,0.41024,2,0.0006,
82,0.04663,0.29598,2,0.0006,
83,0.05436,0.18684,2,0.0006,
84,0.0504,0.53661,2,0.0006,
85,0.05343,0.2033,2,0.0006,
86,0.05313,0.21549,2,0.0006,
87,0.04756,0.54503,2,0.0006,
88,0.04762,0.67853,2,0.0006,
89,0.05766,0.18972,2,0.0006,
90,0.05516,0.4794,2,0.0006,
91,0.05472,0.33923,2,0.0006,
92,0.05544,0.18019,2,0.0006,
93,0.05203,0.41282,2,0.0006,
94,0.04595,0.15678,2,0.0006,
95,0.04671,0.37862,2,0.0006,
96,0.04235,0.25904,2,0.0006,
97,0.04866,0.61988,2,0.0006,
98,0.05515,0.42513,2,0.0006,
99,0.05041,0.19029,2,0.0006,
100,0.04843,0.19162,2,0.0006,
101,0.04629,0.17051,2,0.0006,
102,0.04788,0.5076,2,0.0006,
103,0.04621,0.28402,2,0.0006,
104,0.04563,0.16152,2,0.0006,
105,0.04774,0.45851,2,0.0006,
106,0.04837,0.37691,2,0.0006,
107,0.0441,0.163,2,0.0006,
108,0.04387,0.43114,2,0.0006,
109,0.04949,0.17183,2,0.0006,
110,0.05839,0.56166,2,0.0006,
111,0.04951,0.32602,2,0.0006,
112,0.04792,0.17705,1,0.0006,
113,0.04706,1.23203,1,0.0006,
114,0.05045,0.394,1,0.0006,
115,0.04865,0.80461,1,0.0006,
116,0.05211,1.13909,1,0.0006,
117,0.05308,0.8955,1,0.0006,
118,0.05504,0.19602,1,0.0006,
119,0.04515,0.37489,1,0.0006,
120,0.04601,0.17027,1,0.0006,
121,0.04845,0.24603,1,0.0006,
122,0.04508,0.24268,1,0.0006,
123,0.05093,0.15811,1,0.0006,
124,0.04324,1.0603,1,0.0006,
125,0.04907,0.18777,1,0.0006,
126,0.04536,0.15627,1,0.0006,
127,0.04406,0.14903,1,0.0006,
128,0.0503,0.16565,1,0.0006,
129,0.05012,0.14684,1,0.0006,
130,0.04696,0.1408,1,0.0006,
131,0.0516,0.21152,1,0.0006,
132,0.04999,0.18361,1,0.0006,
133,0.04778,0.13824,1,0.0006,
134,0.05118,0.37067,1,0.0006,
135,0.0486,0.67794,1,0.0006,
136,0.04865,0.95789,1,0.0006,
137,0.04717,0.77815,1,0.0006,
138,0.04656,0.16399,1,0.0006,
139,0.04338,0.15384,1,0.0006,
140,0.04237,1.04089,1,0.0006,
141,0.0422,0.1519,1,0.0006,
142,0.04048,0.33391,1,0.0006,
143,0.04692,0.38751,1,0.0006,
144,0.04821,0.14468,1,0.0006,
145,0.04353,0.15235,1,0.0006,
146,0.04311,0.15286,1,0.0006,
147,0.05203,0.33747,1,0.0006,
148,0.04836,0.19294,1,0.0006,
149,0.04546,0.2955,1,0.0006,
150,0.06342,0.77257,1,0.0006,
151,0.05433,0.15176,1,0.0006,
152,0.04671,1.18734,1,0.0006,
153,0.0542,0.19229,1,0.0006,
154,0.04849,0.19945,1,0.0006,
155,0.04517,0.15893,1,0.0006,
156,0.04883,0.29655,1,0.0006,
157,0.04647,0.1554,1,0.0006,
158,0.04883,0.93426,1,0.0006,
159,0.04316,0.24935,1,0.0006,
160,0.04106,0.14455,1,0.0006,
161,0.05516,0.15147,1,0.0006,
162,0.05555,0.13297,1,0.0006,
163,0.05437,0.17202,1,0.0006,
164,0.05633,0.34583,1,0.0006,
165,0.05371,0.1954,1,0.0006,
166,0.04849,0.19446,1,0.0006,
167,0.04584,0.14504,1,0.0006,
168,0.05048,0.4552,2,0.0006,
169,0.05392,0.17552,2,0.0006,
170,0.04964,0.21912,2,0.0006,
171,0.04742,0.49106,2,0.0006,
172,0.05536,0.48627,2,0.0006,
173,0.04792,0.11812,2,0.0006,
174,0.04828,0.71351,2,0.0006,
175,0.05247,0.31909,2,0.0006,
176,0.04939,0.14159,2,0.0006,
177,0.05036,0.18185,2,0.0006,
178,0.04796,0.3812,2,0.0006,
179,0.05517,0.30626,2,0.0006,
180,0.05228,0.13136,2,0.0006,
181,0.04786,0.2186,2,0.0006,
182,0.05244,0.13482,2,0.0006,
183,0.04278,0.13812,2,0.0006,
184,0.04934,0.1506,2,0.0006,
185,0.05554,0.23765,2,0.0006,
186,0.04812,0.11672,2,0.0006,
187,0.04433,0.147,2,0.0006,
188,0.04465,0.15842,2,0.0006,
189,0.04882,0.11758,2,0.0006,
190,0.04557,0.10985,2,0.0006,
191,0.04313,0.13916,2,0.0006,
192,0.04215,0.10965,2,0.0006,
193,0.04691,0.61494,2,0.0006,
194,0.04683,0.43334,2,0.0006,
195,0.04731,0.12729,2,0.0006,
196,0.04858,0.26242,2,0.0006,
197,0.04728,0.45398,2,0.0006,
198,0.05247,0.10939,2,0.0006,
199,0.04461,0.12413,2,0.0006,
200,0.04721,0.24136,2,0.0006,
201,0.04692,0.11092,2,0.0006,
202,0.04845,0.33334,2,0.0006,
203,0.04717,0.43644,2,0.0006,
204,0.04633,0.21617,2,0.0006,
205,0.05006,0.10752,2,0.0006,
206,0.04625,0.1639,2,0.0006,
207,0.04363,0.16842,2,0.0006,
208,0.04743,0.6221,2,0.0006,
209,0.05221,0.59055,2,0.0006,
210,0.04884,0.12394,2,0.0006,
211,0.04696,0.44879,2,0.0006,
212,0.04578,0.19462,2,0.0006,
213,0.04467,0.75568,2,0.0006,
214,0.04657,0.62567,2,0.0006,
215,0.04825,0.13822,2,0.0006,
216,0.04706,0.11747,2,0.0006,
217,0.04381,0.54552,2,0.0006,
218,0.041,0.17109,2,0.0006,
219,0.04382,0.2869,2,0.0006,
220,0.04667,0.17813,2,0.0006,
221,0.04524,0.12981,2,0.0006,
222,0.04341,0.10979,2,0.0006,
223,0.04495,0.19091,1,0.0006,
224,0.04308,1.08539,1,0.0006,
225,0.04612,0.11379,1,0.0006,
226,0.04495,0.29647,1,0.0006,
227,0.0432,0.12107,1,0.0006,
228,0.04776,0.75523,1,0.0006,
229,0.04937,0.11621,1,0.0006,
230,0.04374,0.84542,1,0.0006,
231,0.04548,0.11537,1,0.0006,
232,0.04408,0.10851,1,0.0006,
233,0.04706,0.10917,1,0.0006,
234,0.04202,0.10907,1,0.0006,
235,0.0434,0.09354,1,0.0006,
236,0.04668,0.10594,1,0.0006,
237,0.04492,0.10419,1,0.0006,
238,0.04277,0.23127,1,0.0006,
239,0.04904,0.19497,1,0.0006,
240,0.04768,0.12009,1,0.0006,
241,0.04251,0.24859,1,0.0006,
242,0.04326,0.12494,1,0.0006,
243,0.04856,0.64162,1,0.0006,
244,0.04088,0.11357,1,0.0006,
245,0.04537,0.12868,1,0.0006,
246,0.04209,0.28673,1,0.0006,
247,0.04406,0.91598,1,0.0006,
248,0.04451,1.01984,1,0.0006,
249,0.04418,0.3544,1,0.0006,
250,0.04732,0.13416,1,0.0006,
251,0.04396,0.13482,1,0.0006,
252,0.04008,0.12311,1,0.0006,
253,0.03968,1.01665,1,0.0006,
254,0.04265,0.16656,1,0.0006,
255,0.04271,0.93474,1,0.0006,
256,0.04786,0.23706,1,0.0006,
257,0.04076,0.32531,1,0.0006,
258,0.0401,0.34031,1,0.0006,
259,0.03907,0.1381,1,0.0006,
260,0.04481,0.25228,1,0.0006,
261,0.05326,0.16506,1,0.0006,
262,0.04387,1.02343,1,0.0006,
263,0.0407,0.20868,1,0.0006,
264,0.04535,0.12717,1,0.0006,
265,0.04552,0.57637,1,0.0006,
266,0.0463,0.24903,1,0.0006,
267,0.04471,0.17515,1,0.0006,
268,0.0443,0.14533,1,0.0006,
269,0.04255,0.46626,1,0.0006,
270,0.04062,0.21229,1,0.0006,
271,0.03952,0.82559,1,0.0006,
272,0.04534,0.13053,1,0.0006,
273,0.04247,0.1209,1,0.0006,
274,0.04814,0.12966,1,0.0006,
275,0.04102,0.12038,1,0.0006,
276,0.04034,0.11136,1,0.0006,
277,0.04229,0.13674,1,0.0006,
278,0.04091,0.13395,1,0.0006,
279,0.04831,0.62709,2,0.0006,
280,0.04556,0.15702,2,0.0006,
281,0.0404,0.55697,2,0.0006,
282,0.0476,0.17828,2,0.0006,
283,0.04316,0.12465,2,0.0006,
284,0.04079,0.32816,2,0.0006,
285,0.04467,0.18415,2,0.0006,
286,0.04353,0.2479,2,0.0006,
287,0.04216,0.23648,2,0.0006,
288,0.0437,0.30233,2,0.0006,
289,0.04385,0.16024,2,0.0006,
290,0.0441,0.13437,2,0.0006,
291,0.04243,0.24757,2,0.0006,
292,0.04055,0.11843,2,0.0006,
293,0.04164,0.39503,2,0.0006,
294,0.03895,0.14209,2,0.0006,
295,0.03931,0.10454,2,0.0006,
296,0.04586,0.11961,2,0.0006,
297,0.0457,0.09924,2,0.0006,
298,0.04257,0.22542,2,0.0006,
299,0.04028,0.12772,2,0.0006,
300,0.04067,0.2605,2,0.0006,
301,0.05743,0.09353,2,0.0006,
302,0.05328,0.10488,2,0.0006,
303,0.04143,0.10292,2,0.0006,
304,0.04227,0.58629,2,0.0006,
305,0.04597,0.10887,2,0.0006,
306,0.05217,0.39835,2,0.0006,
307,0.04747,0.32844,2,0.0006,
308,0.04473,0.37582,2,0.0006,
309,0.04526,0.3378,2,0.0006,
310,0.0388,0.10905,2,0.0006,
311,0.05355,0.12432,2,0.0006,
312,0.04816,0.56397,2,0.0006,
313,0.05614,0.60252,2,0.0006,
314,0.04146,0.27651,2,0.0006,
315,0.04082,0.13057,2,0.0006,
316,0.04149,0.69473,2,0.0006,
317,0.04245,0.09349,2,0.0006,
318,0.03987,0.19303,2,0.0006,
319,0.04449,0.17235,2,0.0006,
320,0.04793,0.11829,2,0.0006,
321,0.04329,0.21844,2,0.0006,
322,0.04014,0.51971,2,0.0006,
323,0.04377,0.1219,2,0.0006,
324,0.04002,0.09689,2,0.0006,
325,0.04334,0.34539,2,0.0006,
326,0.04144,0.10473,2,0.0006,
327,0.04177,0.69251,2,0.0006,
328,0.03708,0.31533,2,0.0006,
329,0.03666,0.18989,2,0.0006,
330,0.04382,0.16558,2,0.0006,
331,0.04241,0.2324,2,0.0006,
332,0.04493,0.14943,2,0.0006,
333,0.04294,0.12171,2,0.0006,
334,0.04308,0.0959,1,0.0006,
335,0.04497,0.18459,1,0.0006,
336,0.04366,0.16023,1,0.0006,
337,0.04288,0.17823,1,0.0006,
338,0.0402,0.09698,1,0.0006,
339,0.03987,0.10383,1,0.0006,
340,0.04447,0.09012,1,0.0006,
341,0.04538,0.09174,1,0.0006,
342,0.03937,0.14632,1,0.0006,
343,0.04179,0.13783,1,0.0006,
344,0.04482,0.1004,1,0.0006,
345,0.04172,0.12427,1,0.0006,
346,0.03857,0.08666,1,0.0006,
347,0.04469,0.13536,1,0.0006,
348,0.04148,0.59434,1,0.0006,
349,0.04098,0.36327,1,0.0006,
350,0.0417,0.08941,1,0.0006,
351,0.0401,0.10612,1,0.0006,
352,0.03728,0.104,1,0.0006,
353,0.03852,0.17039,1,0.0006,
354,0.04096,0.09929,1,0.0006,
355,0.03772,0.0976,1,0.0006,
356,0.03985,0.14722,1,0.0006,
357,0.043,0.1395,1,0.0006,
358,0.0423,0.51056,1,0.0006,
359,0.04045,1.10487,1,0.0006,
360,0.04064,0.12533,1,0.0006,
361,0.03945,0.09894,1,0.0006,
362,0.04037,0.11692,1,0.0006,
363,0.03845,0.08562,1,0.0006,
364,0.03555,1.01243,1,0.0006,
365,0.04412,0.11431,1,0.0006,
366,0.04353,0.11224,1,0.0006,
367,0.04074,0.08669,1,0.0006,
368,0.04115,0.10018,1,0.0006,
369,0.03785,0.28379,1,0.0006,
370,0.04128,0.09047,1,0.0006,
371,0.03784,0.0925,1,0.0006,
372,0.04304,0.14388,1,0.0006,
373,0.03965,0.35631,1,0.0006,
374,0.04146,0.1078,1,0.0006,
375,0.04454,0.09166,1,0.0006,
376,0.04577,0.1459,1,0.0006,
377,0.04573,0.12397,1,0.0006,
378,0.04554,0.38796,1,0.0006,
379,0.04429,0.10849,1,0.0006,
380,0.04434,0.09243,1,0.0006,
381,0.04034,0.13775,1,0.0006,
382,0.03931,0.10111,1,0.0006,
383,0.05104,1.10319,1,0.0006,
384,0.04642,0.08956,1,0.0006,
385,0.0423,1.03442,1,0.0006,
386,0.0442,0.0905,1,0.0006,
387,0.0425,0.68389,1,0.0006,
388,0.04096,0.10337,1,0.0006,
389,0.04401,0.15979,1,0.0006,
390,0.04838,0.34109,2,0.0006,
391,0.04725,0.28566,2,0.0006,
392,0.04021,0.17861,2,0.0006,
393,0.04113,0.23783,2,0.0006,
394,0.04273,0.11571,2,0.0006,
395,0.03977,0.21277,2,0.0006,
396,0.04671,0.21583,2,0.0006,
397,0.04144,0.09727,2,0.0006,
398,0.04081,0.11567,2,0.0006,
399,0.04397,0.35295,2,0.0006,
400,0.04654,0.53683,2,0.0006,
401,0.04148,0.55176,2,0.0006,
402,0.04118,0.2994,2,0.0006,
403,0.03784,0.16454,2,0.0006,
404,0.04108,0.09255,2,0.0006,
405,0.03815,0.08872,2,0.0006,
406,0.0407,0.09613,2,0.0006,
407,0.04969,0.58714,2,0.0006,
408,0.04407,0.11987,2,0.0006,
409,0.04176,0.27605,2,0.0006,
410,0.04035,0.12024,2,0.0006,
411,0.04055,0.38519,2,0.0006,
412,0.04073,0.44169,2,0.0006,
413,0.03859,0.1164,2,0.0006,
414,0.0464,0.18453,2,0.0006,
415,0.04038,0.1252,2,0.0006,
416,0.04308,0.37266,2,0.0006,
417,0.04326,0.23907,2,0.0006,
418,0.04,0.1865,2,0.0006,
419,0.04096,0.41421,2,0.0006,
420,0.04709,0.16707,2,0.0006,
421,0.0404,0.09464,2,0.0006,
422,0.04407,0.19316,2,0.0006,
423,0.0421,0.14841,2,0.0006,
424,0.04077,0.55378,2,0.0006,
425,0.04096,0.08308,2,0.0006,
426,0.04021,0.25627,2,0.0006,
427,0.03899,0.09672,2,0.0006,
428,0.0382,0.09782,2,0.0006,
429,0.03787,0.51512,2,0.0006,
430,0.044,0.13869,2,0.0006,
431,0.04894,0.15644,2,0.0006,
432,0.04237,0.11503,2,0.0006,
433,0.04149,0.55893,2,0.0006,
434,0.03987,0.56156,2,0.0006,
435,0.03906,0.16927,2,0.0006,
436,0.04134,0.44386,2,0.0006,
437,0.04026,0.08217,2,0.0006,
438,0.04052,0.45305,2,0.0006,
439,0.03807,0.11493,2,0.0006,
440,0.03537,0.12483,2,0.0006,
441,0.04548,0.0995,2,0.0006,
442,0.04217,0.77792,2,0.0006,
443,0.04128,0.45947,2,0.0006,
444,0.04019,0.1046,2,0.0006,
445,0.04276,0.1082,1,0.0006,
446,0.04288,0.10025,1,0.0006,
447,0.03994,0.0955,1,0.0006,
448,0.03949,0.08327,1,0.0006,
449,0.04291,0.07597,1,0.0006,
450,0.03995,0.53275,1,0.0006,
451,0.04167,0.24524,1,0.0006,
452,0.04047,0.25112,1,0.0006,
453,0.03994,0.1844,1,0.0006,
454,0.04131,0.54562,1,0.0006,
455,0.0387,0.15407,1,0.0006,
456,0.03935,0.1118,1,0.0006,
457,0.03991,0.13254,1,0.0006,
458,0.04442,0.10956,1,0.0006,
459,0.04274,0.71599,1,0.0006,
460,0.04085,0.09019,1,0.0006,
461,0.0411,0.20963,1,0.0006,
462,0.0407,0.09871,1,0.0006,
463,0.03677,0.33402,1,0.0006,
464,0.03564,0.08325,1,0.0006,
465,0.0419,0.09111,1,0.0006,
466,0.0372,0.07865,1,0.0006,
467,0.03964,0.10547,1,0.0006,
468,0.04578,0.08466,1,0.0006,
469,0.04373,0.15753,1,0.0006,
470,0.04028,0.08948,1,0.0006,
471,0.04187,0.2618,1,0.0006,
472,0.03587,0.16447,1,0.0006,
473,0.03754,0.10752,1,0.0006,
474,0.03658,0.07939,1,0.0006,
475,0.03555,0.11504,1,0.0006,
476,0.04092,0.10075,1,0.0006,
477,0.04083,0.76956,1,0.0006,
478,0.03946,0.14259,1,0.0006,
479,0.03907,0.14015,1,0.0006,
480,0.04036,0.10379,1,0.0006,
481,0.0378,0.28304,1,0.0006,
482,0.03833,0.08447,1,0.0006,
483,0.03699,0.65483,1,0.0006,
484,0.03711,0.23519,1,0.0006,
485,0.04288,0.15611,1,0.0006,
486,0.04717,0.49473,1,0.0006,
487,0.04499,0.55083,1,0.0006,
488,0.04179,0.17356,1,0.0006,
489,0.04589,0.62701,1,0.0006,
490,0.04238,0.35956,1,0.0006,
491,0.04224,0.16661,1,0.0006,
492,0.03908,0.08639,1,0.0006,
493,0.03742,0.14472,1,0.0006,
494,0.04684,0.27944,1,0.0006,
495,0.04116,0.41325,1,0.0006,
496,0.03953,0.10884,1,0.0006,
497,0.0374,0.0891,1,0.0006,
498,0.03764,0.17796,1,0.0006,
499,0.04095,0.1111,1,0.0006,
500,0.03686,0.09512,1,0.0006,0.34285
501,0.05022,0.09305,2,0.0006,0.34285
502,0.04872,0.55547,2,0.0006,0.34285
503,0.04208,0.09793,2,0.0006,0.34285
504,0.03947,0.11984,2,0.0006,0.34285
505,0.04145,0.12141,2,0.0006,0.34285
506,0.03846,0.12581,2,0.0006,0.34285
507,0.03946,0.19008,2,0.0006,0.34285
508,0.0423,0.34362,2,0.0006,0.34285
509,0.0397,0.20569,2,0.0006,0.34285
510,0.04188,0.12642,2,0.0006,0.34285
511,0.04272,0.1407,2,0.0006,0.34285
512,0.04185,0.12025,2,0.0006,0.34285
513,0.04249,0.18604,2,0.0006,0.34285
514,0.03626,0.09503,2,0.0006,0.34285
515,0.04257,0.17786,2,0.0006,0.34285
516,0.03776,0.19111,2,0.0006,0.34285
517,0.0458,0.25757,2,0.0006,0.34285
518,0.04225,0.18402,2,0.0006,0.34285
519,0.04043,0.17744,2,0.0006,0.34285
520,0.04032,0.55182,2,0.0006,0.34285
521,0.03746,0.0888,2,0.0006,0.34285
522,0.04064,0.16292,2,0.0006,0.34285
523,0.03779,0.086,2,0.0006,0.34285
524,0.03652,0.15241,2,0.0006,0.34285
525,0.03755,0.2639,2,0.0006,0.34285
526,0.04083,0.18639,2,0.0006,0.34285
527,0.04512,0.09654,2,0.0006,0.34285
528,0.04464,0.17632,2,0.0006,0.34285
529,0.04054,0.15519,2,0.0006,0.34285
530,0.04093,0.0946,2,0.0006,0.34285
531,0.04495,0.15879,2,0.0006,0.34285
532,0.03855,0.1273,2,0.0006,0.34285
533,0.04128,0.6006,2,0.0006,0.34285
534,0.04035,0.11035,2,0.0006,0.34285
535,0.04076,0.1855,2,0.0006,0.34285
536,0.04717,0.08132,2,0.0006,0.34285
537,0.04072,0.10015,2,0.0006,0.34285
538,0.04044,0.9834,2,0.0006,0.34285
539,0.03862,0.08284,2,0.0006,0.34285
540,0.03806,0.12699,2,0.0006,0.34285
541,0.04232,0.54986,2,0.0006,0.34285
542,0.04473,0.36422,2,0.0006,0.34285
543,0.0414,0.1646,2,0.0006,0.34285
544,0.04001,0.17055,2,0.0006,0.34285
545,0.03877,0.39168,2,0.0006,0.34285
546,0.0391,0.08074,2,0.0006,0.34285
547,0.04111,0.08144,2,0.0006,0.34285
548,0.03796,0.06868,2,0.0006,0.34285
549,0.03861,0.10335,2,0.0006,0.34285
550,0.04264,0.13345,2,0.0006,0.34285
551,0.03493,0.28509,2,0.0006,0.34285
552,0.04132,0.11659,2,0.0006,0.34285
553,0.04227,0.2414,2,0.0006,0.34285
554,0.03843,0.13383,2,0.0006,0.34285
555,0.03754,0.11655,2,0.0006,0.34285
556,0.04178,0.32667,1,0.0006,0.34285
557,0.03991,0.07533,1,0.0006,0.34285
558,0.03942,0.25464,1,0.0006,0.34285
559,0.03969,0.19133,1,0.0006,0.34285
560,0.03884,0.59219,1,0.0006,0.34285
561,0.03895,0.19984,1,0.0006,0.34285
562,0.03598,0.23024,1,0.0006,0.34285
563,0.03801,0.52734,1,0.0006,0.34285
564,0.03837,0.29409,1,0.0006,0.34285
565,0.04043,0.08748,1,0.0006,0.34285
566,0.04094,0.08464,1,0.0006,0.34285
567,0.04056,1.11022,1,0.0006,0.34285
568,0.04074,0.09986,1,0.0006,0.34285
569,0.04443,0.58443,1,0.0006,0.34285
570,0.04204,0.08109,1,0.0006,0.34285
571,0.04116,0.10024,1,0.0006,0.34285
572,0.04414,0.07764,1,0.0006,0.34285
573,0.04262,1.0904,1,0.0006,0.34285
574,0.03671,0.07055,1,0.0006,0.34285
575,0.03547,0.07464,1,0.0006,0.34285
576,0.04014,0.14081,1,0.0006,0.34285
577,0.03676,0.21917,1,0.0006,0.34285
578,0.04077,0.07749,1,0.0006,0.34285
579,0.03957,0.09387,1,0.0006,0.34285
580,0.03895,0.14528,1,0.0006,0.34285
581,0.03875,0.14692,1,0.0006,0.34285
582,0.04028,0.0814,1,0.0006,0.34285
583,0.03507,0.08417,1,0.0006,0.34285
584,0.03696,0.08647,1,0.0006,0.34285
585,0.03538,0.0772,1,0.0006,0.34285
586,0.03505,0.70286,1,0.0006,0.34285
587,0.04054,0.20146,1,0.0006,0.34285
588,0.03686,0.0795,1,0.0006,0.34285
589,0.03546,0.14452,1,0.0006,0.34285
590,0.03731,0.31317,1,0.0006,0.34285
591,0.03536,0.07104,1,0.0006,0.34285
592,0.0354,0.59508,1,0.0006,0.34285
593,0.03394,0.16394,1,0.0006,0.34285
594,0.04229,0.14291,1,0.0006,0.34285
595,0.03507,0.38445,1,0.0006,0.34285
596,0.03633,0.07503,1,0.0006,0.34285
597,0.04437,0.14435,1,0.0006,0.34285
598,0.04188,0.08497,1,0.0006,0.34285
599,0.0427,0.14349,1,0.0006,0.34285
600,0.04358,0.13594,1,0.0006,0.34285
601,0.04356,0.09749,1,0.0006,0.34285
602,0.0417,0.08121,1,0.0006,0.34285
603,0.03951,0.09905,1,0.0006,0.34285
604,0.03686,0.13406,1,0.0006,0.34285
605,0.04414,0.65514,1,0.0006,0.34285
606,0.04108,0.14849,1,0.0006,0.34285
607,0.03711,0.11978,1,0.0006,0.34285
608,0.03665,1.03626,1,0.0006,0.34285
609,0.03764,0.08919,1,0.0006,0.34285
610,0.04198,0.11257,1,0.0006,0.34285
611,0.03626,0.15083,1,0.0006,0.34285
612,0.04322,0.33606,2,0.0006,0.34285
613,0.04606,0.08874,2,0.0006,0.34285
614,0.03752,0.23667,2,0.0006,0.34285
615,0.03782,0.455,2,0.0006,0.34285
616,0.04133,0.09526,2,0.0006,0.34285
617,0.03684,0.16869,2,0.0006,0.34285
618,0.03941,0.10933,2,0.0006,0.34285
619,0.03962,0.34067,2,0.0006,0.34285
620,0.03847,0.12397,2,0.0006,0.34285
621,0.04225,0.12337,2,0.0006,0.34285
622,0.04243,0.12173,2,0.0006,0.34285
623,0.04086,0.30993,2,0.0006,0.34285
624,0.03808,0.10743,2,0.0006,0.34285
625,0.03807,0.12195,2,0.0006,0.34285
626,0.03869,0.16854,2,0.0006,0.34285
627,0.03688,0.21246,2,0.0006,0.34285
628,0.04345,0.29059,2,0.0006,0.34285
629,0.0389,0.15735,2,0.0006,0.34285
630,0.03827,0.10693,2,0.0006,0.34285
631,0.04005,0.1799,2,0.0006,0.34285
632,0.03878,0.16138,2,0.0006,0.34285
633,0.04017,0.10685,2,0.0006,0.34285
634,0.03694,0.08176,2,0.0006,0.34285
635,0.03995,0.22568,2,0.0006,0.34285
636,0.03648,0.12871,2,0.0006,0.34285
637,0.04001,0.11432,2,0.0006,0.34285
638,0.04452,0.11904,2,0.0006,0.34285
639,0.04119,0.45664,2,0.0006,0.34285
640,0.03928,0.10336,2,0.0006,0.34285
641,0.03804,0.23117,2,0.0006,0.34285
642,0.04294,0.10053,2,0.0006,0.34285
643,0.0367,0.25238,2,0.0006,0.34285
644,0.04461,0.17498,2,0.0006,0.34285
645,0.0528,0.39192,2,0.0006,0.34285
646,0.03874,0.24008,2,0.0006,0.34285
647,0.0389,0.11286,2,0.0006,0.34285
648,0.03903,0.12019,2,0.0006,0.34285
649,0.0361,0.14996,2,0.0006,0.34285
650,0.0366,0.12373,2,0.0006,0.34285
651,0.03939,0.07357,2,0.0006,0.34285
652,0.04018,0.07108,2,0.0006,0.34285
653,0.04385,0.08578,2,0.0006,0.34285
654,0.04081,0.31216,2,0.0006,0.34285
655,0.04065,0.14733,2,0.0006,0.34285
656,0.03826,0.10194,2,0.0006,0.34285
657,0.04026,0.11414,2,0.0006,0.34285
658,0.03808,0.07201,2,0.0006,0.34285
659,0.03793,0.2345,2,0.0006,0.34285
660,0.03516,0.07213,2,0.0006,0.34285
661,0.03694,0.26216,2,0.0006,0.34285
662,0.0344,0.33379,2,0.0006,0.34285
663,0.03683,0.10771,2,0.0006,0.34285
664,0.03952,0.62943,2,0.0006,0.34285
665,0.03725,0.24722,2,0.0006,0.34285
666,0.03758,0.2803,2,0.0006,0.34285
667,0.0413,0.11151,1,0.0006,0.34285
668,0.03955,0.13188,1,0.0006,0.34285
669,0.03743,0.07743,1,0.0006,0.34285
670,0.03826,0.08229,1,0.0006,0.34285
671,0.03706,0.07813,1,0.0006,0.34285
672,0.03448,0.06141,1,0.0006,0.34285
673,0.0385,0.46483,1,0.0006,0.34285
674,0.03719,0.12156,1,0.0006,0.34285
675,0.03602,0.07585,1,0.0006,0.34285
676,0.03793,0.09852,1,0.0006,0.34285
677,0.03841,0.07096,1,0.0006,0.34285
678,0.0379,0.10479,1,0.0006,0.34285
679,0.04059,0.09037,1,0.0006,0.34285
680,0.04201,0.16642,1,0.0006,0.34285
681,0.03893,0.12613,1,0.0006,0.34285
682,0.03684,0.41592,1,0.0006,0.34285
683,0.03909,0.12097,1,0.0006,0.34285
684,0.03786,0.16875,1,0.0006,0.34285
685,0.03556,0.08555,1,0.0006,0.34285
686,0.03773,0.12226,1,0.0006,0.34285
687,0.0352,0.30233,1,0.0006,0.34285
688,0.03418,0.06827,1,0.0006,0.34285
689,0.03743,0.06533,1,0.0006,0.34285
690,0.04019,0.29968,1,0.0006,0.34285
691,0.03865,0.5015,1,0.0006,0.34285
692,0.03905,0.09963,1,0.0006,0.34285
693,0.03628,0.10013,1,0.0006,0.34285
694,0.03373,0.12853,1,0.0006,0.34285
695,0.03639,0.10437,1,0.0006,0.34285
696,0.03571,0.31852,1,0.0006,0.34285
697,0.0351,1.00364,1,0.0006,0.34285
698,0.0384,0.08052,1,0.0006,0.34285
699,0.03925,0.12859,1,0.0006,0.34285
700,0.03556,0.10457,1,0.0006,0.34285
701,0.03628,0.11212,1,0.0006,0.34285
702,0.03456,0.07608,1,0.0006,0.34285
703,0.03673,0.12649,1,0.0006,0.34285
704,0.03517,0.3112,1,0.0006,0.34285
705,0.03396,0.09273,1,0.0006,0.34285
706,0.03394,0.13338,1,0.0006,0.34285
707,0.03471,0.20023,1,0.0006,0.34285
708,0.04435,0.0902,1,0.0006,0.34285
709,0.04268,0.11456,1,0.0006,0.34285
710,0.04002,0.07759,1,0.0006,0.34285
711,0.04125,0.14805,1,0.0006,0.34285
712,0.03857,0.16426,1,0.0006,0.34285
713,0.03763,0.11595,1,0.0006,0.34285
714,0.04391,0.06922,1,0.0006,0.34285
715,0.0356,0.86739,1,0.0006,0.34285
716,0.03811,0.08466,1,0.0006,0.34285
717,0.0391,0.07179,1,0.0006,0.34285
718,0.03889,0.30893,1,0.0006,0.34285
719,0.03657,0.38203,1,0.0006,0.34285
720,0.03518,0.14175,1,0.0006,0.34285
721,0.03395,0.119,1,0.0006,0.34285
722,0.0352,0.08365,1,0.0006,0.34285
723,0.04562,0.15851,2,0.0006,0.34285
724,0.0487,0.18552,2,0.0006,0.34285
725,0.03679,0.094,2,0.0006,0.34285
726,0.03797,0.15027,2,0.0006,0.34285
727,0.03793,0.17299,2,0.0006,0.34285
728,0.03774,0.57156,2,0.0006,0.34285
729,0.03965,0.07453,2,0.0006,0.34285
730,0.04165,0.66451,2,0.0006,0.34285
731,0.03814,0.42906,2,0.0006,0.34285
732,0.04269,0.20271,2,0.0006,0.34285
733,0.04287,0.25474,2,0.0006,0.34285
734,0.03988,0.29291,2,0.0006,0.34285
735,0.04222,0.09237,2,0.0006,0.34285
736,0.03486,0.07357,2,0.0006,0.34285
737,0.03747,0.12224,2,0.0006,0.34285
738,0.03589,0.21543,2,0.0006,0.34285
739,0.04638,0.10249,2,0.0006,0.34285
740,0.04019,0.53688,2,0.0006,0.34285
741,0.03902,0.42442,2,0.0006,0.34285
742,0.04159,0.15348,2,0.0006,0.34285
743,0.03946,0.14949,2,0.0006,0.34285
744,0.04678,0.08335,2,0.0006,0.34285
745,0.03835,0.14453,2,0.0006,0.34285
746,0.0369,0.31467,2,0.0006,0.34285
747,0.0374,0.22872,2,0.0006,0.34285
748,0.03792,0.5501,2,0.0006,0.34285
749,0.04203,0.52132,2,0.0006,0.34285
750,0.0402,0.08037,2,0.0006,0.34285
751,0.03741,0.16518,2,0.0006,0.34285
752,0.03784,0.20769,2,0.0006,0.34285
753,0.04297,0.15115,2,0.0006,0.34285
754,0.03759,0.10523,2,0.0006,0.34285
755,0.03942,0.07614,2,0.0006,0.34285
756,0.03722,0.40787,2,0.0006,0.34285
757,0.03741,0.07037,2,0.0006,0.34285
758,0.03941,0.35711,2,0.0006,0.34285
759,0.03828,0.12725,2,0.0006,0.34285
760,0.036,0.07715,2,0.0006,0.34285
761,0.03737,0.08264,2,0.0006,0.34285
762,0.03727,0.13419,2,0.0006,0.34285
763,0.04148,0.07393,2,0.0006,0.34285
764,0.04345,0.10364,2,0.0006,0.34285
765,0.04234,0.09704,2,0.0006,0.34285
766,0.03915,0.09167,2,0.0006,0.34285
767,0.03833,0.67842,2,0.0006,0.34285
768,0.03809,0.18398,2,0.0006,0.34285
769,0.03822,0.07609,2,0.0006,0.34285
770,0.03714,0.09905,2,0.0006,0.34285
771,0.0361,0.0798,2,0.0006,0.34285
772,0.03528,0.19383,2,0.0006,0.34285
773,0.0338,0.14113,2,0.0006,0.34285
774,0.03896,0.293,2,0.0006,0.34285
775,0.03928,0.34986,2,0.0006,0.34285
776,0.03826,0.0771,2,0.0006,0.34285
777,0.03701,0.15758,2,0.0006,0.34285
778,0.03945,0.06941,1,0.0006,0.34285
779,0.03854,0.0857,1,0.0006,0.34285
780,0.0374,0.07313,1,0.0006,0.34285
781,0.03876,0.06597,1,0.0006,0.34285
782,0.03519,0.06901,1,0.0006,0.34285
783,0.03358,0.09468,1,0.0006,0.34285
784,0.03643,0.0697,1,0.0006,0.34285
785,0.03672,0.08779,1,0.0006,0.34285
786,0.03638,0.20982,1,0.0006,0.34285
787,0.03874,0.25263,1,0.0006,0.34285
788,0.03664,0.27301,1,0.0006,0.34285
789,0.03864,0.13646,1,0.0006,0.34285
790,0.03837,0.15499,1,0.0006,0.34285
791,0.03908,0.08224,1,0.0006,0.34285
792,0.03747,0.075,1,0.0006,0.34285
793,0.03579,0.09379,1,0.0006,0.34285
794,0.03892,0.07575,1,0.0006,0.34285
795,0.03747,0.07766,1,0.0006,0.34285
796,0.03672,0.09507,1,0.0006,0.34285
797,0.03494,0.05732,1,0.0006,0.34285
798,0.03486,0.08595,1,0.0006,0.34285
799,0.03316,0.2405,1,0.0006,0.34285
800,0.03952,0.10511,1,0.0006,0.34285
801,0.03774,0.13029,1,0.0006,0.34285
802,0.03528,1.11079,1,0.0006,0.34285
803,0.0384,0.06904,1,0.0006,0.34285
804,0.03584,0.10156,1,0.0006,0.34285
805,0.03326,0.71024,1,0.0006,0.34285
806,0.03666,0.07766,1,0.0006,0.34285
807,0.0356,0.2043,1,0.0006,0.34285
808,0.03385,0.06948,1,0.0006,0.34285
809,0.03835,0.07323,1,0.0006,0.34285
810,0.03653,0.07211,1,0.0006,0.34285
811,0.03662,0.10319,1,0.0006,0.34285
812,0.03339,0.13536,1,0.0006,0.34285
813,0.03456,0.12837,1,0.0006,0.34285
814,0.03253,0.09505,1,0.0006,0.34285
815,0.03248,0.143,1,0.0006,0.34285
816,0.03545,0.11485,1,0.0006,0.34285
817,0.03242,0.12815,1,0.0006,0.34285
818,0.0326,0.49632,1,0.0006,0.34285
819,0.04008,0.08452,1,0.0006,0.34285
820,0.04252,0.62387,1,0.0006,0.34285
821,0.04004,0.08137,1,0.0006,0.34285
822,0.04084,0.45169,1,0.0006,0.34285
823,0.03825,0.0815,1,0.0006,0.34285
824,0.03942,0.07993,1,0.0006,0.34285
825,0.03897,0.24952,1,0.0006,0.34285
826,0.03462,0.90385,1,0.0006,0.34285
827,0.04387,0.15129,1,0.0006,0.34285
828,0.03969,0.09335,1,0.0006,0.34285
829,0.03546,0.7712,1,0.0006,0.34285
830,0.03462,0.23732,1,0.0006,0.34285
831,0.03994,0.43797,1,0.0006,0.34285
832,0.0352,0.22047,1,0.0006,0.34285
833,0.03304,0.07724,1,0.0006,0.34285
834,0.04554,0.19887,2,0.0006,0.34285
835,0.0479,0.13093,2,0.0006,0.34285
836,0.0385,0.07315,2,0.0006,0.34285
837,0.03596,0.45544,2,0.0006,0.34285
838,0.03894,0.10307,2,0.0006,0.34285
839,0.03619,0.30927,2,0.0006,0.34285
840,0.03592,0.06932,2,0.0006,0.34285
841,0.03918,0.09478,2,0.0006,0.34285
842,0.03777,0.15016,2,0.0006,0.34285
843,0.03983,0.56602,2,0.0006,0.34285
844,0.04012,0.53836,2,0.0006,0.34285
845,0.04025,0.17794,2,0.0006,0.34285
846,0.03625,0.18613,2,0.0006,0.34285
847,0.03409,0.2864,2,0.0006,0.34285
848,0.03743,0.38665,2,0.0006,0.34285
849,0.03522,0.25989,2,0.0006,0.34285
850,0.04552,0.12877,2,0.0006,0.34285
851,0.03842,0.16979,2,0.0006,0.34285
852,0.03621,0.2848,2,0.0006,0.34285
853,0.03823,0.19638,2,0.0006,0.34285
854,0.03735,0.10637,2,0.0006,0.34285
855,0.03967,0.13556,2,0.0006,0.34285
856,0.03668,0.3983,2,0.0006,0.34285
857,0.04225,0.18947,2,0.0006,0.34285
858,0.03382,0.07561,2,0.0006,0.34285
859,0.03594,0.35177,2,0.0006,0.34285
860,0.04132,0.15828,2,0.0006,0.34285
861,0.03894,0.08616,2,0.0006,0.34285
862,0.03686,0.16182,2,0.0006,0.34285
863,0.03608,0.31657,2,0.0006,0.34285
864,0.04323,0.37362,2,0.0006,0.34285
865,0.03419,0.68116,2,0.0006,0.34285
866,0.03842,0.0736,2,0.0006,0.34285
867,0.03723,0.06848,2,0.0006,0.34285
868,0.03892,0.43144,2,0.0006,0.34285
869,0.03593,0.07779,2,0.0006,0.34285
870,0.036,0.06277,2,0.0006,0.34285
871,0.03461,0.11507,2,0.0006,0.34285
872,0.03662,0.23008,2,0.0006,0.34285
873,0.03725,0.061,2,0.0006,0.34285
874,0.03696,0.10362,2,0.0006,0.34285
875,0.04349,0.18254,2,0.0006,0.34285
876,0.04024,0.07067,2,0.0006,0.34285
877,0.03692,0.14746,2,0.0006,0.34285
878,0.037,0.13392,2,0.0006,0.34285
879,0.03706,0.14559,2,0.0006,0.34285
880,0.03667,0.52571,2,0.0006,0.34285
881,0.04172,0.07193,2,0.0006,0.34285
882,0.03421,0.08969,2,0.0006,0.34285
883,0.03418,0.08454,2,0.0006,0.34285
884,0.03351,0.0963,2,0.0006,0.34285
885,0.04073,0.05595,2,0.0006,0.34285
886,0.04406,0.11398,2,0.0006,0.34285
887,0.04627,0.0713,2,0.0006,0.34285
888,0.04215,0.09799,2,0.0006,0.34285
889,0.04046,0.13582,1,0.0006,0.34285
890,0.03873,0.12102,1,0.0006,0.34285
891,0.03778,0.07117,1,0.0006,0.34285
892,0.03745,0.103,1,0.0006,0.34285
893,0.0354,0.08954,1,0.0006,0.34285
894,0.03402,0.0581,1,0.0006,0.34285
895,0.03775,0.51172,1,0.0006,0.34285
896,0.03796,0.06461,1,0.0006,0.34285
897,0.03701,0.08548,1,0.0006,0.34285
898,0.03808,0.06952,1,0.0006,0.34285
899,0.03669,0.54139,1,0.0006,0.34285
900,0.03865,0.07778,1,0.0006,0.34285
901,0.04142,1.03834,1,0.0006,0.34285
902,0.04184,0.06697,1,0.0006,0.34285
903,0.03803,0.12355,1,0.0006,0.34285
904,0.03657,0.0699,1,0.0006,0.34285
905,0.0404,0.06635,1,0.0006,0.34285
906,0.03744,0.0961,1,0.0006,0.34285
907,0.03771,0.40361,1,0.0006,0.34285
908,0.03565,0.07321,1,0.0006,0.34285
909,0.03436,0.10318,1,0.0006,0.34285
910,0.03253,0.14821,1,0.0006,0.34285
911,0.03726,0.14344,1,0.0006,0.34285
912,0.03656,0.14547,1,0.0006,0.34285
913,0.03828,0.07873,1,0.0006,0.34285
914,0.03971,0.42309,1,0.0006,0.34285
915,0.03723,0.06881,1,0.0006,0.34285
916,0.0336,0.13688,1,0.0006,0.34285
917,0.03644,0.07537,1,0.0006,0.34285
918,0.03496,0.08262,1,0.0006,0.34285
919,0.03452,0.07832,1,0.0006,0.34285
920,0.0383,0.15748,1,0.0006,0.34285
921,0.03535,0.21425,1,0.0006,0.34285
922,0.03489,0.14171,1,0.0006,0.34285
923,0.03293,0.10836,1,0.0006,0.34285
924,0.03102,0.13684,1,0.0006,0.34285
925,0.03269,0.0902,1,0.0006,0.34285
926,0.03359,0.38076,1,0.0006,0.34285
927,0.03717,0.90445,1,0.0006,0.34285
928,0.03277,0.06049,1,0.0006,0.34285
929,0.03252,0.07835,1,0.0006,0.34285
930,0.04129,0.20524,1,0.0006,0.34285
931,0.03883,0.35575,1,0.0006,0.34285
932,0.04008,0.12862,1,0.0006,0.34285
933,0.04296,0.21602,1,0.0006,0.34285
934,0.03796,0.10508,1,0.0006,0.34285
935,0.03724,0.16104,1,0.0006,0.34285
936,0.04029,0.12677,1,0.0006,0.34285
937,0.03505,0.08888,1,0.0006,0.34285
938,0.03704,0.39831,1,0.0006,0.34285
939,0.04049,0.96855,1,0.0006,0.34285
940,0.03652,0.06895,1,0.0006,0.34285
941,0.03462,0.33119,1,0.0006,0.34285
942,0.03478,0.12398,1,0.0006,0.34285
943,0.03347,0.55276,1,0.0006,0.34285
944,0.03171,0.29246,1,0.0006,0.34285
945,0.04329,0.1344,2,0.0006,0.34285
946,0.04663,0.14363,2,0.0006,0.34285
947,0.03516,0.16106,2,0.0006,0.34285
948,0.03426,0.49468,2,0.0006,0.34285
949,0.0397,0.24841,2,0.0006,0.34285
950,0.03718,0.16461,2,0.0006,0.34285
951,0.03544,0.52533,2,0.0006,0.34285
952,0.03601,0.17138,2,0.0006,0.34285
953,0.03516,0.10039,2,0.0006,0.34285
954,0.03914,0.33065,2,0.0006,0.34285
955,0.04204,0.23235,2,0.0006,0.34285
956,0.0365,0.09864,2,0.0006,0.34285
957,0.03766,0.13998,2,0.0006,0.34285
958,0.03252,0.2531,2,0.0006,0.34285
959,0.03529,0.16235,2,0.0006,0.34285
960,0.03454,0.1178,2,0.0006,0.34285
961,0.04209,0.09092,2,0.0006,0.34285
962,0.03858,0.09711,2,0.0006,0.34285
963,0.03654,0.81277,2,0.0006,0.34285
964,0.03869,0.36886,2,0.0006,0.34285
965,0.0351,0.16839,2,0.0006,0.34285
966,0.03892,0.39522,2,0.0006,0.34285
967,0.03546,0.41986,2,0.0006,0.34285
968,0.0373,0.08826,2,0.0006,0.34285
969,0.0352,0.13125,2,0.0006,0.34285
970,0.03612,0.12761,2,0.0006,0.34285
971,0.04061,0.15246,2,0.0006,0.34285
972,0.03806,0.13311,2,0.0006,0.34285
973,0.03683,0.33408,2,0.0006,0.34285
974,0.03475,0.13439,2,0.0006,0.34285
975,0.03691,0.07761,2,0.0006,0.34285
976,0.03592,0.0656,2,0.0006,0.34285
977,0.03765,0.55095,2,0.0006,0.34285
978,0.0372,0.06673,2,0.0006,0.34285
979,0.03574,0.43874,2,0.0006,0.34285
980,0.03614,0.17375,2,0.0006,0.34285
981,0.03666,0.06253,2,0.0006,0.34285
982,0.0349,0.08756,2,0.0006,0.34285
983,0.03635,0.22791,2,0.0006,0.34285
984,0.03825,0.16583,2,0.0006,0.34285
985,0.03617,0.11804,2,0.0006,0.34285
986,0.03809,0.36233,2,0.0006,0.34285
987,0.0394,0.24047,2,0.0006,0.34285
988,0.03491,0.06994,2,0.0006,0.34285
989,0.03687,0.11622,2,0.0006,0.34285
990,0.03837,0.07597,2,0.0006,0.34285
991,0.03641,0.13503,2,0.0006,0.34285
992,0.03489,0.17024,2,0.0006,0.34285
993,0.03569,0.52577,2,0.0006,0.34285
994,0.03374,0.50449,2,0.0006,0.34285
995,0.03123,0.18749,2,0.0006,0.34285
996,0.03748,0.07077,2,0.0006,0.34285
997,0.04154,0.14681,2,0.0006,0.34285
998,0.03835,0.12361,2,0.0006,0.34285
999,0.03536,0.21569,2,0.0006,0.34285
1000,0.03761,0.34135,1,0.0006,0.17588
1001,0.03934,0.06106,1,0.0006,0.17588
1002,0.036,0.06116,1,0.0006,0.17588
1003,0.03833,0.51502,1,0.0006,0.17588
1004,0.04013,0.10229,1,0.0006,0.17588
1005,0.03666,0.05939,1,0.0006,0.17588
1006,0.03581,0.13115,1,0.0006,0.17588
1007,0.03721,0.09971,1,0.0006,0.17588
1008,0.0382,1.05101,1,0.0006,0.17588
1009,0.03923,0.09788,1,0.0006,0.17588
1010,0.03966,0.12322,1,0.0006,0.17588
1011,0.0393,0.65891,1,0.0006,0.17588
1012,0.03793,0.07937,1,0.0006,0.17588
1013,0.03865,0.11362,1,0.0006,0.17588
1014,0.03618,0.09539,1,0.0006,0.17588
1015,0.03517,0.06295,1,0.0006,0.17588
1016,0.03834,0.12648,1,0.0006,0.17588
1017,0.0373,0.31249,1,0.0006,0.17588
1018,0.03497,0.37284,1,0.0006,0.17588
1019,0.03517,0.99685,1,0.0006,0.17588
1020,0.03305,0.23225,1,0.0006,0.17588
1021,0.03761,1.07382,1,0.0006,0.17588
1022,0.03748,0.10785,1,0.0006,0.17588
1023,0.03506,0.08724,1,0.0006,0.17588
1024,0.03604,0.08777,1,0.0006,0.17588
1025,0.03671,0.09202,1,0.0006,0.17588
1026,0.0339,0.05762,1,0.0006,0.17588
1027,0.03405,0.54357,1,0.0006,0.17588
1028,0.03551,0.07399,1,0.0006,0.17588
1029,0.03435,0.67895,1,0.0006,0.17588
1030,0.03451,0.06646,1,0.0006,0.17588
1031,0.03666,0.07308,1,0.0006,0.17588
1032,0.03337,0.38104,1,0.0006,0.17588
1033,0.03381,0.07534,1,0.0006,0.17588
1034,0.03274,0.08575,1,0.0006,0.17588
1035,0.03288,0.15661,1,0.0006,0.17588
1036,0.03177,0.06221,1,0.0006,0.17588
1037,0.03065,0.0969,1,0.0006,0.17588
1038,0.03668,0.08164,1,0.0006,0.17588
1039,0.03178,0.13547,1,0.0006,0.17588
1040,0.03165,0.06047,1,0.0006,0.17588
1041,0.03927,0.11011,1,0.0006,0.17588
1042,0.03947,0.82535,1,0.0006,0.17588
1043,0.03741,0.06723,1,0.0006,0.17588
1044,0.03945,0.095,1,0.0006,0.17588
1045,0.03803,0.21269,1,0.0006,0.17588
1046,0.03872,0.0893,1,0.0006,0.17588
1047,0.03983,0.06663,1,0.0006,0.17588
1048,0.03596,0.19049,1,0.0006,0.17588
1049,0.03851,0.7573,1,0.0006,0.17588
1050,0.03832,0.07437,1,0.0006,0.17588
1051,0.03314,0.11631,1,0.0006,0.17588
1052,0.03446,0.63148,1,0.0006,0.17588
1053,0.03324,0.07584,1,0.0006,0.17588
1054,0.03125,0.0703,1,0.0006,0.17588
1055,0.03647,0.09722,1,0.0006,0.17588
1056,0.04222,0.33461,2,0.0006,0.17588
1057,0.04414,0.36002,2,0.0006,0.17588
1058,0.0349,0.13185,2,0.0006,0.17588
1059,0.03391,0.12011,2,0.0006,0.17588
1060,0.03644,0.07927,2,0.0006,0.17588
1061,0.03428,0.11221,2,0.0006,0.17588
1062,0.03532,0.13118,2,0.0006,0.17588
1063,0.03916,0.41159,2,0.0006,0.17588
1064,0.03549,0.12956,2,0.0006,0.17588
1065,0.04005,0.08333,2,0.0006,0.17588
1066,0.04048,0.40146,2,0.0006,0.17588
1067,0.03724,0.10984,2,0.0006,0.17588
1068,0.03733,0.15521,2,0.0006,0.17588
1069,0.03276,0.09801,2,0.0006,0.17588
1070,0.0369,0.10422,2,0.0006,0.17588
1071,0.03582,0.08226,2,0.0006,0.17588
1072,0.03712,0.32277,2,0.0006,0.17588
1073,0.03558,0.57975,2,0.0006,0.17588
1074,0.03588,0.54589,2,0.0006,0.17588
1075,0.03714,0.11324,2,0.0006,0.17588
1076,0.03559,0.07811,2,0.0006,0.17588
1077,0.0391,0.12089,2,0.0006,0.17588
1078,0.03432,0.24469,2,0.0006,0.17588
1079,0.03512,0.10013,2,0.0006,0.17588
1080,0.03429,0.06783,2,0.0006,0.17588
1081,0.03586,0.37688,2,0.0006,0.17588
1082,0.04087,0.23806,2,0.0006,0.17588
1083,0.03828,0.11747,2,0.0006,0.17588
1084,0.03524,0.06489,2,0.0006,0.17588
1085,0.03472,0.0845,2,0.0006,0.17588
1086,0.03885,0.28333,2,0.0006,0.17588
1087,0.03765,0.0891,2,0.0006,0.17588
1088,0.04043,0.11353,2,0.0006,0.17588
1089,0.03596,0.44088,2,0.0006,0.17588
1090,0.03665,0.14498,2,0.0006,0.17588
1091,0.03599,0.18463,2,0.0006,0.17588
1092,0.03587,0.15315,2,0.0006,0.17588
1093,0.03462,0.08228,2,0.0006,0.17588
1094,0.0359,0.05684,2,0.0006,0.17588
1095,0.03834,0.06011,2,0.0006,0.17588
1096,0.03683,0.32524,2,0.0006,0.17588
1097,0.0389,0.07402,2,0.0006,0.17588
1098,0.03851,0.06848,2,0.0006,0.17588
1099,0.03558,0.06144,2,0.0006,0.17588
1100,0.03556,0.09854,2,0.0006,0.17588
1101,0.03599,0.1348,2,0.0006,0.17588
1102,0.0375,0.06049,2,0.0006,0.17588
1103,0.03545,0.12202,2,0.0006,0.17588
1104,0.03331,0.10918,2,0.0006,0.17588
1105,0.03287,0.25922,2,0.0006,0.17588
1106,0.03131,0.26942,2,0.0006,0.17588
1107,0.03414,0.11135,2,0.0006,0.17588
1108,0.03876,0.14488,2,0.0006,0.17588
1109,0.03721,0.17784,2,0.0006,0.17588
1110,0.03479,0.26795,2,0.0006,0.17588
1111,0.03786,0.27971,1,0.0006,0.17588
1112,0.03677,0.20268,1,0.0006,0.17588
1113,0.03595,0.10696,1,0.0006,0.17588
1114,0.0354,0.06623,1,0.0006,0.17588
1115,0.03573,0.08192,1,0.0006,0.17588
1116,0.0336,0.06861,1,0.0006,0.17588
1117,0.0336,0.57302,1,0.0006,0.17588
1118,0.03471,0.06252,1,0.0006,0.17588
1119,0.03771,0.12589,1,0.0006,0.17588
1120,0.03589,0.05985,1,0.0006,0.17588
1121,0.03868,0.06391,1,0.0006,0.17588
1122,0.03767,0.07618,1,0.0006,0.17588
1123,0.03781,0.67749,1,0.0006,0.17588
1124,0.03953,0.18688,1,0.0006,0.17588
1125,0.03688,0.08234,1,0.0006,0.17588
1126,0.03601,0.08895,1,0.0006,0.17588
1127,0.03673,0.22057,1,0.0006,0.17588
1128,0.03605,0.06432,1,0.0006,0.17588
1129,0.03252,0.07258,1,0.0006,0.17588
1130,0.03998,0.21449,1,0.0006,0.17588
1131,0.03392,0.24449,1,0.0006,0.17588
1132,0.03177,0.19574,1,0.0006,0.17588
1133,0.03576,0.06399,1,0.0006,0.17588
1134,0.03572,0.6625,1,0.0006,0.17588
1135,0.03677,0.06549,1,0.0006,0.17588
1136,0.03931,0.12816,1,0.0006,0.17588
1137,0.03621,0.17695,1,0.0006,0.17588
1138,0.03425,0.32884,1,0.0006,0.17588
1139,0.03834,0.06816,1,0.0006,0.17588
1140,0.03475,0.15361,1,0.0006,0.17588
1141,0.03336,0.16681,1,0.0006,0.17588
1142,0.03312,0.06428,1,0.0006,0.17588
1143,0.03389,0.06388,1,0.0006,0.17588
1144,0.03417,0.06285,1,0.0006,0.17588
1145,0.03108,0.12608,1,0.0006,0.17588
1146,0.03098,0.20115,1,0.0006,0.17588
1147,0.03108,0.07623,1,0.0006,0.17588
1148,0.02992,0.0588,1,0.0006,0.17588
1149,0.03622,0.10876,1,0.0006,0.17588
1150,0.0305,0.14927,1,0.0006,0.17588
1151,0.03008,0.60441,1,0.0006,0.17588
1152,0.04007,1.05689,1,0.0006,0.17588
1153,0.03914,0.12193,1,0.0006,0.17588
1154,0.03792,0.06814,1,0.0006,0.17588
1155,0.03831,0.07199,1,0.0006,0.17588
1156,0.03674,0.07433,1,0.0006,0.17588
1157,0.03807,0.08907,1,0.0006,0.17588
1158,0.03846,0.07725,1,0.0006,0.17588
1159,0.03508,0.13235,1,0.0006,0.17588
1160,0.04166,0.10775,1,0.0006,0.17588
1161,0.03636,0.21351,1,0.0006,0.17588
1162,0.03483,0.06639,1,0.0006,0.17588
1163,0.03246,0.25344,1,0.0006,0.17588
1164,0.03239,0.07094,1,0.0006,0.17588
1165,0.03351,0.50389,1,0.0006,0.17588
1166,0.03266,0.0653,1,0.0006,0.17588
1167,0.04193,0.1373,2,0.0006,0.17588
1168,0.04031,0.25425,2,0.0006,0.17588
1169,0.03367,0.1926,2,0.0006,0.17588
1170,0.03353,0.56503,2,0.0006,0.17588
1171,0.03722,0.06589,2,0.0006,0.17588
1172,0.03541,0.13398,2,0.0006,0.17588
1173,0.03608,0.18287,2,0.0006,0.17588
1174,0.03633,0.241,2,0.0006,0.17588
1175,0.03482,0.14955,2,0.0006,0.17588
1176,0.0413,0.07109,2,0.0006,0.17588
1177,0.03896,0.06848,2,0.0006,0.17588
1178,0.03725,0.07487,2,0.0006,0.17588
1179,0.03545,0.13381,2,0.0006,0.17588
1180,0.0323,0.06585,2,0.0006,0.17588
1181,0.03601,0.10221,2,0.0006,0.17588
1182,0.03593,0.17356,2,0.0006,0.17588
1183,0.04056,0.15266,2,0.0006,0.17588
1184,0.03519,0.11057,2,0.0006,0.17588
1185,0.03727,0.08939,2,0.0006,0.17588
1186,0.03533,0.48394,2,0.0006,0.17588
1187,0.03639,0.30595,2,0.0006,0.17588
1188,0.04099,0.09188,2,0.0006,0.17588
1189,0.03489,0.14446,2,0.0006,0.17588
1190,0.03853,0.22917,2,0.0006,0.17588
1191,0.03428,0.18179,2,0.0006,0.17588
1192,0.03537,0.34305,2,0.0006,0.17588
1193,0.04081,0.13244,2,0.0006,0.17588
1194,0.03805,0.10092,2,0.0006,0.17588
1195,0.03828,0.2901,2,0.0006,0.17588
1196,0.03567,0.58242,2,0.0006,0.17588
1197,0.03812,0.07153,2,0.0006,0.17588
1198,0.03393,0.08699,2,0.0006,0.17588
1199,0.03416,0.1102,2,0.0006,0.17588
1200,0.03371,0.0711,2,0.0006,0.17588
1201,0.0371,0.36106,2,0.0006,0.17588
1202,0.03647,0.31731,2,0.0006,0.17588
1203,0.0343,0.07909,2,0.0006,0.17588
1204,0.03465,0.23805,2,0.0006,0.17588
1205,0.03702,0.06032,2,0.0006,0.17588
1206,0.03659,0.50036,2,0.0006,0.17588
1207,0.03488,0.22087,2,0.0006,0.17588
1208,0.0364,0.17448,2,0.0006,0.17588
1209,0.034,0.13295,2,0.0006,0.17588
1210,0.03331,0.63886,2,0.0006,0.17588
1211,0.03515,0.09324,2,0.0006,0.17588
1212,0.03717,0.11764,2,0.0006,0.17588
1213,0.03486,0.41745,2,0.0006,0.17588
1214,0.03324,0.54116,2,0.0006,0.17588
1215,0.03184,0.2566,2,0.0006,0.17588
1216,0.03326,0.12939,2,0.0006,0.17588
1217,0.03066,0.06813,2,0.0006,0.17588
1218,0.04131,0.16052,2,0.0006,0.17588
1219,0.03939,0.1092,2,0.0006,0.17588
1220,0.03973,0.17984,2,0.0006,0.17588
1221,0.03571,0.10493,2,0.0006,0.17588
1222,0.03736,0.06071,1,0.0006,0.17588
1223,0.03835,0.07544,1,0.0006,0.17588
1224,0.03669,0.07523,1,0.0006,0.17588
1225,0.03585,0.08087,1,0.0006,0.17588
1226,0.0365,0.05628,1,0.0006,0.17588
1227,0.03196,0.05137,1,0.0006,0.17588
1228,0.034,0.06377,1,0.0006,0.17588
1229,0.03757,0.38057,1,0.0006,0.17588
1230,0.0339,0.08242,1,0.0006,0.17588
1231,0.03892,0.06301,1,0.0006,0.17588
1232,0.03526,0.61299,1,0.0006,0.17588
1233,0.03611,0.07136,1,0.0006,0.17588
1234,0.03559,0.59333,1,0.0006,0.17588
1235,0.03953,0.42256,1,0.0006,0.17588
1236,0.03654,1.05998,1,0.0006,0.17588
1237,0.03591,0.0683,1,0.0006,0.17588
1238,0.03905,0.05992,1,0.0006,0.17588
1239,0.03459,0.08386,1,0.0006,0.17588
1240,0.03366,0.10643,1,0.0006,0.17588
1241,0.03195,0.06368,1,0.0006,0.17588
1242,0.03078,0.05041,1,0.0006,0.17588
1243,0.03631,0.56528,1,0.0006,0.17588
1244,0.04,0.08774,1,0.0006,0.17588
1245,0.0356,0.43664,1,0.0006,0.17588
1246,0.0342,0.05186,1,0.0006,0.17588
1247,0.03411,0.11966,1,0.0006,0.17588
1248,0.03411,0.1792,1,0.0006,0.17588
1249,0.0325,0.05672,1,0.0006,0.17588
1250,0.0334,0.16713,1,0.0006,0.17588
1251,0.03288,0.40603,1,0.0006,0.17588
1252,0.03351,0.07828,1,0.0006,0.17588
1253,0.03567,0.07356,1,0.0006,0.17588
1254,0.03335,0.09864,1,0.0006,0.17588
1255,0.03129,0.34822,1,0.0006,0.17588
1256,0.03148,0.05652,1,0.0006,0.17588
1257,0.03284,0.58744,1,0.0006,0.17588
1258,0.02961,0.10074,1,0.0006,0.17588
1259,0.03422,0.06769,1,0.0006,0.17588
1260,0.03412,0.31823,1,0.0006,0.17588
1261,0.03098,0.10417,1,0.0006,0.17588
1262,0.03112,0.30066,1,0.0006,0.17588
1263,0.03692,0.06391,1,0.0006,0.17588
1264,0.03849,0.06663,1,0.0006,0.17588
1265,0.03701,0.2655,1,0.0006,0.17588
1266,0.03856,0.09532,1,0.0006,0.17588
1267,0.0395,0.07048,1,0.0006,0.17588
1268,0.03597,0.12577,1,0.0006,0.17588
1269,0.03926,0.05492,1,0.0006,0.17588
1270,0.03449,0.05361,1,0.0006,0.17588
1271,0.03569,0.05648,1,0.0006,0.17588
1272,0.0372,0.65551,1,0.0006,0.17588
1273,0.03727,0.30053,1,0.0006,0.17588
1274,0.03512,0.10177,1,0.0006,0.17588
1275,0.03175,0.08184,1,0.0006,0.17588
1276,0.03222,0.07119,1,0.0006,0.17588
1277,0.03133,0.07355,1,0.0006,0.17588
1278,0.04216,0.06666,2,0.0006,0.17588
1279,0.03803,0.32901,2,0.0006,0.17588
1280,0.03371,0.41224,2,0.0006,0.17588
1281,0.03276,0.14762,2,0.0006,0.17588
1282,0.04073,0.07128,2,0.0006,0.17588
1283,0.03454,0.06242,2,0.0006,0.17588
1284,0.03386,0.06706,2,0.0006,0.17588
1285,0.03589,0.35218,2,0.0006,0.17588
1286,0.03505,0.08028,2,0.0006,0.17588
1287,0.04032,0.09532,2,0.0006,0.17588
1288,0.03805,0.27576,2,0.0006,0.17588
1289,0.03626,0.59874,2,0.0006,0.17588
1290,0.03648,0.35277,2,0.0006,0.17588
1291,0.03078,0.22304,2,0.0006,0.17588
1292,0.03526,0.08052,2,0.0006,0.17588
1293,0.03409,0.12822,2,0.0006,0.17588
1294,0.03855,0.20039,2,0.0006,0.17588
1295,0.03506,0.08369,2,0.0006,0.17588
1296,0.03656,0.12286,2,0.0006,0.17588
1297,0.03648,0.14889,2,0.0006,0.17588
1298,0.03504,0.39658,2,0.0006,0.17588
1299,0.03736,0.11959,2,0.0006,0.17588
1300,0.03635,0.06622,2,0.0006,0.17588
1301,0.03526,0.07231,2,0.0006,0.17588
1302,0.03414,0.2401,2,0.0006,0.17588
1303,0.03567,0.07027,2,0.0006,0.17588
1304,0.0402,0.10919,2,0.0006,0.17588
1305,0.03996,0.50682,2,0.0006,0.17588
1306,0.03613,0.06349,2,0.0006,0.17588
1307,0.03404,0.21318,2,0.0006,0.17588
1308,0.03671,0.27822,2,0.0006,0.17588
1309,0.03488,0.1012,2,0.0006,0.17588
1310,0.0346,0.26888,2,0.0006,0.17588
1311,0.03357,0.10655,2,0.0006,0.17588
1312,0.03327,0.23512,2,0.0006,0.17588
1313,0.03547,0.08815,2,0.0006,0.17588
1314,0.0334,0.07267,2,0.0006,0.17588
1315,0.03286,0.64364,2,0.0006,0.17588
1316,0.03171,0.06606,2,0.0006,0.17588
1317,0.03324,0.20492,2,0.0006,0.17588
1318,0.03444,0.0751,2,0.0006,0.17588
1319,0.03571,0.08208,2,0.0006,0.17588
1320,0.03416,0.1508,2,0.0006,0.17588
1321,0.03322,0.06669,2,0.0006,0.17588
1322,0.0343,0.15042,2,0.0006,0.17588
1323,0.03564,0.12431,2,0.0006,0.17588
1324,0.0351,0.06641,2,0.0006,0.17588
1325,0.03363,0.21955,2,0.0006,0.17588
1326,0.02981,0.05092,2,0.0006,0.17588
1327,0.03225,0.06991,2,0.0006,0.17588
1328,0.03023,0.16048,2,0.0006,0.17588
1329,0.03841,0.12639,2,0.0006,0.17588
1330,0.0392,0.14133,2,0.0006,0.17588
1331,0.03562,0.12581,2,0.0006,0.17588
1332,0.03335,0.58927,2,0.0006,0.17588
1333,0.03745,0.09442,1,0.0006,0.17588
1334,0.03701,0.62106,1,0.0006,0.17588
1335,0.03483,0.23938,1,0.0006,0.17588
1336,0.03519,0.07091,1,0.0006,0.17588
1337,0.03279,0.05798,1,0.0006,0.17588
1338,0.03371,0.12267,1,0.0006,0.17588
1339,0.03126,0.06716,1,0.0006,0.17588
1340,0.03556,0.0688,1,0.0006,0.17588
1341,0.0366,0.13035,1,0.0006,0.17588
1342,0.03721,0.26536,1,0.0006,0.17588
1343,0.03392,0.05875,1,0.0006,0.17588
1344,0.03636,0.07219,1,0.0006,0.17588
1345,0.03793,0.0607,1,0.0006,0.17588
1346,0.03947,0.13148,1,0.0006,0.17588
1347,0.03543,0.13388,1,0.0006,0.17588
1348,0.03401,0.72157,1,0.0006,0.17588
1349,0.03659,0.12627,1,0.0006,0.17588
1350,0.03504,1.04194,1,0.0006,0.17588
1351,0.03192,0.13758,1,0.0006,0.17588
1352,0.03577,0.24691,1,0.0006,0.17588
1353,0.03099,0.44118,1,0.0006,0.17588
1354,0.03143,0.06062,1,0.0006,0.17588
1355,0.03724,0.40636,1,0.0006,0.17588
1356,0.03445,0.17843,1,0.0006,0.17588
1357,0.03623,0.09307,1,0.0006,0.17588
1358,0.03585,0.15242,1,0.0006,0.17588
1359,0.03352,0.16382,1,0.0006,0.17588
1360,0.03096,0.16833,1,0.0006,0.17588
1361,0.0361,1.04229,1,0.0006,0.17588
1362,0.03304,0.25269,1,0.0006,0.17588
1363,0.03181,0.18583,1,0.0006,0.17588
1364,0.03305,0.07008,1,0.0006,0.17588
1365,0.03222,0.06295,1,0.0006,0.17588
1366,0.03343,0.06331,1,0.0006,0.17588
1367,0.03084,0.35954,1,0.0006,0.17588
1368,0.03121,0.0604,1,0.0006,0.17588
1369,0.03191,0.32775,1,0.0006,0.17588
1370,0.03163,0.06084,1,0.0006,0.17588
1371,0.03491,0.07874,1,0.0006,0.17588
1372,0.03119,0.05004,1,0.0006,0.17588
1373,0.03121,0.05472,1,0.0006,0.17588
1374,0.0413,0.08027,1,0.0006,0.17588
1375,0.0384,0.05674,1,0.0006,0.17588
1376,0.03883,0.14413,1,0.0006,0.17588
1377,0.03942,0.36287,1,0.0006,0.17588
1378,0.03763,0.09976,1,0.0006,0.17588
1379,0.03637,0.06438,1,0.0006,0.17588
1380,0.04252,0.07082,1,0.0006,0.17588
1381,0.0362,0.33541,1,0.0006,0.17588
1382,0.03578,0.07047,1,0.0006,0.17588
1383,0.03517,0.0691,1,0.0006,0.17588
1384,0.03237,0.31864,1,0.0006,0.17588
1385,0.03369,0.1089,1,0.0006,0.17588
1386,0.03138,0.07951,1,0.0006,0.17588
1387,0.03187,0.06707,1,0.0006,0.17588
1388,0.03431,0.06676,1,0.0006,0.17588
1389,0.04149,0.08462,2,0.0006,0.17588
1390,0.04338,0.05905,2,0.0006,0.17588
1391,0.03256,0.08017,2,0.0006,0.17588
1392,0.03142,0.06531,2,0.0006,0.17588
1393,0.03783,0.13774,2,0.0006,0.17588
1394,0.03421,0.07406,2,0.0006,0.17588
1395,0.03511,0.06532,2,0.0006,0.17588
1396,0.03409,0.06808,2,0.0006,0.17588
1397,0.03507,0.13956,2,0.0006,0.17588
1398,0.03821,0.35467,2,0.0006,0.17588
1399,0.03792,0.13048,2,0.0006,0.17588
1400,0.03709,0.09684,2,0.0006,0.17588
1401,0.03587,0.0844,2,0.0006,0.17588
1402,0.03081,0.08354,2,0.0006,0.17588
1403,0.03418,0.36878,2,0.0006,0.17588
1404,0.03456,0.10861,2,0.0006,0.17588
1405,0.04343,0.08641,2,0.0006,0.17588
1406,0.03822,0.05669,2,0.0006,0.17588
1407,0.03563,0.05854,2,0.0006,0.17588
1408,0.03511,0.05614,2,0.0006,0.17588
1409,0.03516,0.45294,2,0.0006,0.17588
1410,0.03848,0.11081,2,0.0006,0.17588
1411,0.03412,0.13386,2,0.0006,0.17588
1412,0.03199,0.24224,2,0.0006,0.17588
1413,0.03188,0.06789,2,0.0006,0.17588
1414,0.03527,0.17448,2,0.0006,0.17588
1415,0.04042,0.26845,2,0.0006,0.17588
1416,0.0377,0.58305,2,0.0006,0.17588
1417,0.03322,0.06007,2,0.0006,0.17588
1418,0.03338,0.09216,2,0.0006,0.17588
1419,0.0377,0.06252,2,0.0006,0.17588
1420,0.03384,0.62854,2,0.0006,0.17588
1421,0.03497,0.11904,2,0.0006,0.17588
1422,0.03397,0.04688,2,0.0006,0.17588
1423,0.03489,0.06726,2,0.0006,0.17588
1424,0.03917,0.18354,2,0.0006,0.17588
1425,0.03441,0.19596,2,0.0006,0.17588
1426,0.03385,0.19098,2,0.0006,0.17588
1427,0.0346,0.16931,2,0.0006,0.17588
1428,0.0348,0.19749,2,0.0006,0.17588
1429,0.03292,0.05765,2,0.0006,0.17588
1430,0.0351,0.21207,2,0.0006,0.17588
1431,0.03559,0.05322,2,0.0006,0.17588
1432,0.03298,0.08958,2,0.0006,0.17588
1433,0.0342,0.12722,2,0.0006,0.17588
1434,0.03598,0.1106,2,0.0006,0.17588
1435,0.03463,0.16851,2,0.0006,0.17588
1436,0.03305,0.05755,2,0.0006,0.17588
1437,0.03481,0.06575,2,0.0006,0.17588
1438,0.03358,0.07668,2,0.0006,0.17588
1439,0.03001,0.17695,2,0.0006,0.17588
1440,0.03317,0.28308,2,0.0006,0.17588
1441,0.03924,0.35433,2,0.0006,0.17588
1442,0.03254,0.06825,2,0.0006,0.17588
1443,0.03276,0.62726,2,0.0006,0.17588
1444,0.03693,0.0927,1,0.0006,0.17588
1445,0.03498,0.07873,1,0.0006,0.17588
1446,0.03486,0.06522,1,0.0006,0.17588
1447,0.03532,0.8286,1,0.0006,0.17588
1448,0.03115,0.87002,1,0.0006,0.17588
1449,0.03308,0.07315,1,0.0006,0.17588
1450,0.0322,0.07686,1,0.0006,0.17588
1451,0.03466,0.08527,1,0.0006,0.17588
1452,0.03498,0.14633,1,0.0006,0.17588
1453,0.03544,0.50078,1,0.0006,0.17588
1454,0.03506,0.19092,1,0.0006,0.17588
1455,0.03626,0.06904,1,0.0006,0.17588
1456,0.03485,0.54543,1,0.0006,0.17588
1457,0.04079,0.98287,1,0.0006,0.17588
1458,0.03808,0.11154,1,0.0006,0.17588
1459,0.03585,0.28312,1,0.0006,0.17588
1460,0.03691,0.06327,1,0.0006,0.17588
1461,0.03515,0.09259,1,0.0006,0.17588
1462,0.03383,0.06643,1,0.0006,0.17588
1463,0.03512,0.06131,1,0.0006,0.17588
1464,0.03158,0.17463,1,0.0006,0.17588
1465,0.0308,0.07453,1,0.0006,0.17588
1466,0.03503,0.67986,1,0.0006,0.17588
1467,0.03689,0.05982,1,0.0006,0.17588
1468,0.03484,0.8765,1,0.0006,0.17588
1469,0.0343,0.96486,1,0.0006,0.17588
1470,0.03146,0.7561,1,0.0006,0.17588
1471,0.03332,0.12825,1,0.0006,0.17588
1472,0.03412,0.06757,1,0.0006,0.17588
1473,0.0329,0.23451,1,0.0006,0.17588
1474,0.0309,0.07709,1,0.0006,0.17588
1475,0.03302,0.06421,1,0.0006,0.17588
1476,0.03146,0.08113,1,0.0006,0.17588
1477,0.03312,0.40982,1,0.0006,0.17588
1478,0.0309,0.06054,1,0.0006,0.17588
1479,0.03081,0.81009,1,0.0006,0.17588
1480,0.02985,0.1863,1,0.0006,0.17588
1481,0.03106,0.17356,1,0.0006,0.17588
1482,0.03184,0.05347,1,0.0006,0.17588
1483,0.03059,0.2367,1,0.0006,0.17588
1484,0.02918,0.15211,1,0.0006,0.17588
1485,0.0396,0.08921,1,0.0006,0.17588
1486,0.03672,0.1171,1,0.0006,0.17588
1487,0.03686,0.09277,1,0.0006,0.17588
1488,0.04042,1.21955,1,0.0006,0.17588
1489,0.03697,0.06335,1,0.0006,0.17588
1490,0.03514,0.07573,1,0.0006,0.17588
1491,0.04055,0.05737,1,0.0006,0.17588
1492,0.03536,0.16054,1,0.0006,0.17588
1493,0.03393,0.05771,1,0.0006,0.17588
1494,0.03678,0.33787,1,0.0006,0.17588
1495,0.03628,0.06935,1,0.0006,0.17588
1496,0.03221,0.06115,1,0.0006,0.17588
1497,0.03021,0.43533,1,0.0006,0.17588
1498,0.03521,0.0736,1,0.0006,0.17588
1499,0.03354,0.08717,1,0.0006,0.17588
1500,0.03797,0.57656,2,0.0006,0.17776
1501,0.04081,0.22368,2,0.0006,0.17776
1502,0.03334,0.1811,2,0.0006,0.17776
1503,0.03227,0.08099,2,0.0006,0.17776
1504,0.03681,0.07326,2,0.0006,0.17776
1505,0.0355,0.06497,2,0.0006,0.17776
1506,0.03503,0.32804,2,0.0006,0.17776
1507,0.03508,0.09493,2,0.0006,0.17776
1508,0.03389,0.12175,2,0.0006,0.17776
1509,0.03921,0.07642,2,0.0006,0.17776
1510,0.037,0.06874,2,0.0006,0.17776
1511,0.03588,0.06389,2,0.0006,0.17776
1512,0.03664,0.07914,2,0.0006,0.17776
1513,0.03243,0.09026,2,0.0006,0.17776
1514,0.03264,0.05798,2,0.0006,0.17776
1515,0.03424,0.06283,2,0.0006,0.17776
1516,0.04134,0.06007,2,0.0006,0.17776
1517,0.03554,0.05672,2,0.0006,0.17776
1518,0.03498,0.0698,2,0.0006,0.17776
1519,0.03543,0.31039,2,0.0006,0.17776
1520,0.03366,0.12138,2,0.0006,0.17776
1521,0.03785,0.56903,2,0.0006,0.17776
1522,0.03494,0.06283,2,0.0006,0.17776
1523,0.03321,0.13274,2,0.0006,0.17776
1524,0.03153,0.07511,2,0.0006,0.17776
1525,0.03487,0.1011,2,0.0006,0.17776
1526,0.03897,0.42621,2,0.0006,0.17776
1527,0.03663,0.53515,2,0.0006,0.17776
1528,0.03544,0.09514,2,0.0006,0.17776
1529,0.03348,0.26961,2,0.0006,0.17776
1530,0.03758,0.54025,2,0.0006,0.17776
1531,0.03512,0.07883,2,0.0006,0.17776
1532,0.03331,0.20389,2,0.0006,0.17776
1533,0.03163,0.05625,2,0.0006,0.17776
1534,0.03285,0.05576,2,0.0006,0.17776
1535,0.03351,0.07677,2,0.0006,0.17776
1536,0.0337,0.40419,2,0.0006,0.17776
1537,0.0332,0.09362,2,0.0006,0.17776
1538,0.03505,0.05922,2,0.0006,0.17776
1539,0.03254,0.29664,2,0.0006,0.17776
1540,0.03562,0.18083,2,0.0006,0.17776
1541,0.03591,0.13687,2,0.0006,0.17776
1542,0.03514,0.34934,2,0.0006,0.17776
1543,0.03367,0.27557,2,0.0006,0.17776
1544,0.03357,0.1449,2,0.0006,0.17776
1545,0.0351,0.14216,2,0.0006,0.17776
1546,0.03465,0.1968,2,0.0006,0.17776
1547,0.03228,0.51298,2,0.0006,0.17776
1548,0.03113,0.22345,2,0.0006,0.17776
1549,0.03469,0.10405,2,0.0006,0.17776
1550,0.03018,0.08104,2,0.0006,0.17776
1551,0.03757,0.30223,2,0.0006,0.17776
1552,0.04009,0.41053,2,0.0006,0.17776
1553,0.03372,0.17522,2,0.0006,0.17776
1554,0.03269,0.14428,2,0.0006,0.17776
1555,0.03699,0.06551,1,0.0006,0.17776
1556,0.03557,0.09929,1,0.0006,0.17776
1557,0.03513,0.13884,1,0.0006,0.17776
1558,0.03445,0.07314,1,0.0006,0.17776
1559,0.03356,0.11684,1,0.0006,0.17776
1560,0.03291,0.05424,1,0.0006,0.17776
1561,0.03117,0.84349,1,0.0006,0.17776
1562,0.03487,0.05522,1,0.0006,0.17776
1563,0.03259,0.09477,1,0.0006,0.17776
1564,0.03671,0.99599,1,0.0006,0.17776
1565,0.03683,0.79818,1,0.0006,0.17776
1566,0.03373,0.12215,1,0.0006,0.17776
1567,0.03653,0.50048,1,0.0006,0.17776
1568,0.03694,0.2486,1,0.0006,0.17776
1569,0.03521,0.47436,1,0.0006,0.17776
1570,0.03346,0.07274,1,0.0006,0.17776
1571,0.03564,1.09274,1,0.0006,0.17776
1572,0.03434,0.0625,1,0.0006,0.17776
1573,0.03086,0.05426,1,0.0006,0.17776
1574,0.02988,0.09228,1,0.0006,0.17776
1575,0.03423,0.06844,1,0.0006,0.17776
1576,0.032,0.05085,1,0.0006,0.17776
1577,0.03727,0.07433,1,0.0006,0.17776
1578,0.03363,0.0696,1,0.0006,0.17776
1579,0.03674,0.05776,1,0.0006,0.17776
1580,0.03361,0.06366,1,0.0006,0.17776
1581,0.03396,0.87189,1,0.0006,0.17776
1582,0.03143,0.07048,1,0.0006,0.17776
1583,0.03448,0.33372,1,0.0006,0.17776
1584,0.03215,0.05462,1,0.0006,0.17776
1585,0.0316,0.05711,1,0.0006,0.17776
1586,0.03228,0.05481,1,0.0006,0.17776
1587,0.03234,0.37064,1,0.0006,0.17776
1588,0.03163,0.32894,1,0.0006,0.17776
1589,0.03059,0.06448,1,0.0006,0.17776
1590,0.03244,0.08146,1,0.0006,0.17776
1591,0.02909,0.61092,1,0.0006,0.17776
1592,0.0314,0.41733,1,0.0006,0.17776
1593,0.03346,0.06164,1,0.0006,0.17776
1594,0.03022,0.05275,1,0.0006,0.17776
1595,0.03,0.45293,1,0.0006,0.17776
1596,0.03867,0.12459,1,0.0006,0.17776
1597,0.03723,0.05753,1,0.0006,0.17776
1598,0.03721,0.06004,1,0.0006,0.17776
1599,0.0369,0.07026,1,0.0006,0.17776
1600,0.03742,0.43395,1,0.0006,0.17776
1601,0.035,0.0557,1,0.0006,0.17776
1602,0.03907,0.16454,1,0.0006,0.17776
1603,0.03385,0.06928,1,0.0006,0.17776
1604,0.0358,0.7439,1,0.0006,0.17776
1605,0.03292,0.06897,1,0.0006,0.17776
1606,0.03702,0.76475,1,0.0006,0.17776
1607,0.03181,0.06486,1,0.0006,0.17776
1608,0.03033,0.12589,1,0.0006,0.17776
1609,0.03233,0.05637,1,0.0006,0.17776
1610,0.0303,0.07623,1,0.0006,0.17776
1611,0.04143,0.11101,2,0.0006,0.17776
1612,0.03779,0.09555,2,0.0006,0.17776
1613,0.03405,0.07196,2,0.0006,0.17776
1614,0.03205,0.10221,2,0.0006,0.17776
1615,0.03572,0.11132,2,0.0006,0.17776
1616,0.03288,0.11844,2,0.0006,0.17776
1617,0.03498,0.17024,2,0.0006,0.17776
1618,0.03485,0.11231,2,0.0006,0.17776
1619,0.03419,0.10735,2,0.0006,0.17776
1620,0.03862,0.07172,2,0.0006,0.17776
1621,0.03626,0.09164,2,0.0006,0.17776
1622,0.03733,0.15142,2,0.0006,0.17776
1623,0.03417,0.05343,2,0.0006,0.17776
1624,0.03213,0.11349,2,0.0006,0.17776
1625,0.03298,0.11572,2,0.0006,0.17776
1626,0.03367,0.17403,2,0.0006,0.17776
1627,0.03997,0.25288,2,0.0006,0.17776
1628,0.03499,0.05137,2,0.0006,0.17776
1629,0.03469,0.05831,2,0.0006,0.17776
1630,0.03645,0.17976,2,0.0006,0.17776
1631,0.03452,0.06353,2,0.0006,0.17776
1632,0.03543,0.59916,2,0.0006,0.17776
1633,0.03356,0.08139,2,0.0006,0.17776
1634,0.03167,0.05406,2,0.0006,0.17776
1635,0.03535,0.16661,2,0.0006,0.17776
1636,0.037,0.0555,2,0.0006,0.17776
1637,0.03946,0.08512,2,0.0006,0.17776
1638,0.03547,0.07886,2,0.0006,0.17776
1639,0.03592,0.06043,2,0.0006,0.17776
1640,0.03387,0.08794,2,0.0006,0.17776
1641,0.03755,0.6191,2,0.0006,0.17776
1642,0.03515,0.16637,2,0.0006,0.17776
1643,0.03706,0.20839,2,0.0006,0.17776
1644,0.0373,0.61018,2,0.0006,0.17776
1645,0.03386,0.05248,2,0.0006,0.17776
1646,0.03392,0.06844,2,0.0006,0.17776
1647,0.0348,0.09263,2,0.0006,0.17776
1648,0.03213,0.05983,2,0.0006,0.17776
1649,0.03458,0.13024,2,0.0006,0.17776
1650,0.03309,0.13981,2,0.0006,0.17776
1651,0.03205,0.37324,2,0.0006,0.17776
1652,0.03461,0.08813,2,0.0006,0.17776
1653,0.03606,0.17968,2,0.0006,0.17776
1654,0.03244,0.05866,2,0.0006,0.17776
1655,0.0361,0.05276,2,0.0006,0.17776
1656,0.03358,0.05948,2,0.0006,0.17776
1657,0.03465,0.15195,2,0.0006,0.17776
1658,0.03426,0.13722,2,0.0006,0.17776
1659,0.03386,0.14253,2,0.0006,0.17776
1660,0.03213,0.54449,2,0.0006,0.17776
1661,0.03026,0.10015,2,0.0006,0.17776
1662,0.03536,0.10229,2,0.0006,0.17776
1663,0.03912,0.06506,2,0.0006,0.17776
1664,0.03588,0.09761,2,0.0006,0.17776
1665,0.03288,0.34903,2,0.0006,0.17776
1666,0.03712,0.06688,1,0.0006,0.17776
1667,0.03701,0.07235,1,0.0006,0.17776
1668,0.03529,0.06039,1,0.0006,0.17776
1669,0.0357,0.26465,1,0.0006,0.17776
1670,0.03451,0.05238,1,0.0006,0.17776
1671,0.03446,0.16616,1,0.0006,0.17776
1672,0.03146,0.05058,1,0.0006,0.17776
1673,0.03672,0.25029,1,0.0006,0.17776
1674,0.03318,0.07571,1,0.0006,0.17776
1675,0.03543,0.40029,1,0.0006,0.17776
1676,0.0364,0.7872,1,0.0006,0.17776
1677,0.03528,0.07636,1,0.0006,0.17776
1678,0.03526,0.06908,1,0.0006,0.17776
1679,0.0371,0.3382,1,0.0006,0.17776
1680,0.03481,0.12213,1,0.0006,0.17776
1681,0.03329,0.05694,1,0.0006,0.17776
1682,0.03664,0.12342,1,0.0006,0.17776
1683,0.03485,0.06119,1,0.0006,0.17776
1684,0.03352,0.13377,1,0.0006,0.17776
1685,0.03208,0.06401,1,0.0006,0.17776
1686,0.03201,0.78949,1,0.0006,0.17776
1687,0.03324,0.08397,1,0.0006,0.17776
1688,0.03503,0.04988,1,0.0006,0.17776
1689,0.03512,0.40496,1,0.0006,0.17776
1690,0.03738,0.06469,1,0.0006,0.17776
1691,0.03362,0.08326,1,0.0006,0.17776
1692,0.03134,0.69852,1,0.0006,0.17776
1693,0.03158,0.07721,1,0.0006,0.17776
1694,0.03215,0.06498,1,0.0006,0.17776
1695,0.03248,0.06592,1,0.0006,0.17776
1696,0.0313,0.11662,1,0.0006,0.17776
1697,0.03384,0.11546,1,0.0006,0.17776
1698,0.03122,0.39015,1,0.0006,0.17776
1699,0.03094,0.08391,1,0.0006,0.17776
1700,0.02941,0.28389,1,0.0006,0.17776
1701,0.03125,0.11903,1,0.0006,0.17776
1702,0.02878,0.06071,1,0.0006,0.17776
1703,0.02927,0.0703,1,0.0006,0.17776
1704,0.03525,0.06825,1,0.0006,0.17776
1705,0.03223,0.08418,1,0.0006,0.17776
1706,0.02913,0.07496,1,0.0006,0.17776
1707,0.03872,0.0828,1,0.0006,0.17776
1708,0.03606,0.4108,1,0.0006,0.17776
1709,0.036,0.25005,1,0.0006,0.17776
1710,0.04079,0.11959,1,0.0006,0.17776
1711,0.03517,0.06906,1,0.0006,0.17776
1712,0.03445,0.07081,1,0.0006,0.17776
1713,0.03955,0.06387,1,0.0006,0.17776
1714,0.03342,0.05617,1,0.0006,0.17776
1715,0.03436,0.05773,1,0.0006,0.17776
1716,0.03902,1.89923,1,0.0006,0.17776
1717,0.03762,0.1289,1,0.0006,0.17776
1718,0.03126,0.06797,1,0.0006,0.17776
1719,0.03034,0.15902,1,0.0006,0.17776
1720,0.03069,1.00538,1,0.0006,0.17776
1721,0.03019,0.2272,1,0.0006,0.17776
1722,0.04466,0.17736,2,0.0006,0.17776
1723,0.05014,0.39569,2,0.0006,0.17776
1724,0.03199,0.1684,2,0.0006,0.17776
1725,0.03218,0.08995,2,0.0006,0.17776
1726,0.03557,0.17397,2,0.0006,0.17776
1727,0.03566,0.06533,2,0.0006,0.17776
1728,0.03616,0.94714,2,0.0006,0.17776
1729,0.03269,0.08404,2,0.0006,0.17776
1730,0.034,0.12947,2,0.0006,0.17776
1731,0.03922,0.1765,2,0.0006,0.17776
1732,0.04264,0.05592,2,0.0006,0.17776
1733,0.03637,0.30784,2,0.0006,0.17776
1734,0.03709,0.15317,2,0.0006,0.17776
1735,0.0316,0.50048,2,0.0006,0.17776
1736,0.03232,0.21468,2,0.0006,0.17776
1737,0.03375,0.35331,2,0.0006,0.17776
1738,0.0414,0.13846,2,0.0006,0.17776
1739,0.0371,0.163,2,0.0006,0.17776
1740,0.03561,0.21806,2,0.0006,0.17776
1741,0.03405,0.23268,2,0.0006,0.17776
1742,0.03493,0.13808,2,0.0006,0.17776
1743,0.03737,0.12518,2,0.0006,0.17776
1744,0.03336,0.31441,2,0.0006,0.17776
1745,0.03163,0.09403,2,0.0006,0.17776
1746,0.03393,0.15552,2,0.0006,0.17776
1747,0.03722,0.12767,2,0.0006,0.17776
1748,0.0398,0.10473,2,0.0006,0.17776
1749,0.03657,0.08501,2,0.0006,0.17776
1750,0.03278,0.27479,2,0.0006,0.17776
1751,0.03361,0.8016,2,0.0006,0.17776
1752,0.03773,0.14888,2,0.0006,0.17776
1753,0.0344,0.23473,2,0.0006,0.17776
1754,0.03835,0.1676,2,0.0006,0.17776
1755,0.03113,0.09079,2,0.0006,0.17776
1756,0.03253,0.05418,2,0.0006,0.17776
1757,0.03543,0.06525,2,0.0006,0.17776
1758,0.03233,0.18197,2,0.0006,0.17776
1759,0.03269,0.14596,2,0.0006,0.17776
1760,0.03582,0.0502,2,0.0006,0.17776
1761,0.03086,0.06093,2,0.0006,0.17776
1762,0.03612,0.19149,2,0.0006,0.17776
1763,0.03367,0.08495,2,0.0006,0.17776
1764,0.03303,0.36592,2,0.0006,0.17776
1765,0.03505,0.05754,2,0.0006,0.17776
1766,0.03353,0.05852,2,0.0006,0.17776
1767,0.03475,0.07493,2,0.0006,0.17776
1768,0.034,0.62704,2,0.0006,0.17776
1769,0.03237,0.07012,2,0.0006,0.17776
1770,0.03199,0.0484,2,0.0006,0.17776
1771,0.0341,0.12151,2,0.0006,0.17776
1772,0.0304,0.06868,2,0.0006,0.17776
1773,0.03724,0.12805,2,0.0006,0.17776
1774,0.04035,0.20653,2,0.0006,0.17776
1775,0.03591,0.11925,2,0.0006,0.17776
1776,0.03108,0.06003,2,0.0006,0.17776
1777,0.03657,0.09001,1,0.0006,0.17776
1778,0.03554,0.06505,1,0.0006,0.17776
1779,0.03373,0.05739,1,0.0006,0.17776
1780,0.03407,0.05631,1,0.0006,0.17776
1781,0.03391,0.05516,1,0.0006,0.17776
1782,0.03148,0.05347,1,0.0006,0.17776
1783,0.03369,0.06103,1,0.0006,0.17776
1784,0.0358,0.07662,1,0.0006,0.17776
1785,0.03409,0.0637,1,0.0006,0.17776
1786,0.03565,0.23931,1,0.0006,0.17776
1787,0.03531,0.05953,1,0.0006,0.17776
1788,0.03607,0.05686,1,0.0006,0.17776
1789,0.03403,0.05897,1,0.0006,0.17776
1790,0.03768,0.23172,1,0.0006,0.17776
1791,0.0345,0.05199,1,0.0006,0.17776
1792,0.03334,0.09149,1,0.0006,0.17776
1793,0.0357,0.05343,1,0.0006,0.17776
1794,0.03435,0.05153,1,0.0006,0.17776
1795,0.03399,0.23084,1,0.0006,0.17776
1796,0.03097,0.08377,1,0.0006,0.17776
1797,0.03057,0.09414,1,0.0006,0.17776
1798,0.03231,0.22122,1,0.0006,0.17776
1799,0.03494,0.04674,1,0.0006,0.17776
1800,0.03386,0.06029,1,0.0006,0.17776
1801,0.03816,0.13989,1,0.0006,0.17776
1802,0.03209,0.06351,1,0.0006,0.17776
1803,0.03279,0.04705,1,0.0006,0.17776
1804,0.03175,0.08012,1,0.0006,0.17776
1805,0.03389,0.08497,1,0.0006,0.17776
1806,0.03191,0.04621,1,0.0006,0.17776
1807,0.03078,0.11846,1,0.0006,0.17776
1808,0.03096,0.12149,1,0.0006,0.17776
1809,0.0321,0.55566,1,0.0006,0.17776
1810,0.02972,0.06695,1,0.0006,0.17776
1811,0.02997,0.05704,1,0.0006,0.17776
1812,0.02898,0.16584,1,0.0006,0.17776
1813,0.02889,0.13846,1,0.0006,0.17776
1814,0.02836,0.24958,1,0.0006,0.17776
1815,0.0311,0.12297,1,0.0006,0.17776
1816,0.02819,0.06326,1,0.0006,0.17776
1817,0.02937,0.0634,1,0.0006,0.17776
1818,0.03609,0.1091,1,0.0006,0.17776
1819,0.03563,0.06278,1,0.0006,0.17776
1820,0.03641,0.06428,1,0.0006,0.17776
1821,0.03841,0.10311,1,0.0006,0.17776
1822,0.03923,0.2152,1,0.0006,0.17776
1823,0.03534,0.70386,1,0.0006,0.17776
1824,0.03533,0.10866,1,0.0006,0.17776
1825,0.03336,0.05876,1,0.0006,0.17776
1826,0.03336,0.07973,1,0.0006,0.17776
1827,0.03751,0.08958,1,0.0006,0.17776
1828,0.03296,0.11801,1,0.0006,0.17776
1829,0.02943,0.06385,1,0.0006,0.17776
1830,0.02951,0.05821,1,0.0006,0.17776
1831,0.03063,0.06488,1,0.0006,0.17776
1832,0.02901,0.05749,1,0.0006,0.17776
1833,0.04856,0.17025,2,0.0006,0.17776
1834,0.05489,0.13067,2,0.0006,0.17776
1835,0.0312,0.0666,2,0.0006,0.17776
1836,0.03147,0.06442,2,0.0006,0.17776
1837,0.03989,0.05521,2,0.0006,0.17776
1838,0.03455,0.20142,2,0.0006,0.17776
1839,0.03366,0.33078,2,0.0006,0.17776
1840,0.03482,0.23416,2,0.0006,0.17776
1841,0.0344,0.46926,2,0.0006,0.17776
1842,0.03813,0.18543,2,0.0006,0.17776
1843,0.03992,0.09091,2,0.0006,0.17776
1844,0.03669,0.06732,2,0.0006,0.17776
1845,0.03879,0.44056,2,0.0006,0.17776
1846,0.03018,0.064,2,0.0006,0.17776
1847,0.03191,0.26884,2,0.0006,0.17776
1848,0.03366,0.13879,2,0.0006,0.17776
1849,0.04015,0.13002,2,0.0006,0.17776
1850,0.03694,0.14855,2,0.0006,0.17776
1851,0.03458,0.09874,2,0.0006,0.17776
1852,0.03735,0.29936,2,0.0006,0.17776
1853,0.03448,0.41397,2,0.0006,0.17776
1854,0.03542,0.06703,2,0.0006,0.17776
1855,0.03309,0.0613,2,0.0006,0.17776
1856,0.03264,0.57655,2,0.0006,0.17776
1857,0.03157,0.19083,2,0.0006,0.17776
1858,0.03495,0.05756,2,0.0006,0.17776
1859,0.03921,0.31729,2,0.0006,0.17776
1860,0.03584,0.28945,2,0.0006,0.17776
1861,0.03143,0.54243,2,0.0006,0.17776
1862,0.035,0.24471,2,0.0006,0.17776
1863,0.03968,0.1137,2,0.0006,0.17776
1864,0.03431,0.07784,2,0.0006,0.17776
1865,0.0376,0.11976,2,0.0006,0.17776
1866,0.0315,0.09177,2,0.0006,0.17776
1867,0.03195,0.21719,2,0.0006,0.17776
1868,0.03393,0.10954,2,0.0006,0.17776
1869,0.03271,0.0807,2,0.0006,0.17776
1870,0.03184,0.17206,2,0.0006,0.17776
1871,0.03423,0.09456,2,0.0006,0.17776
1872,0.03114,0.1082,2,0.0006,0.17776
1873,0.03482,0.09157,2,0.0006,0.17776
1874,0.03427,0.07638,2,0.0006,0.17776
1875,0.03432,0.09323,2,0.0006,0.17776
1876,0.0323,0.30242,2,0.0006,0.17776
1877,0.03318,0.11997,2,0.0006,0.17776
1878,0.03532,0.07581,2,0.0006,0.17776
1879,0.0343,0.05384,2,0.0006,0.17776
1880,0.0315,0.08502,2,0.0006,0.17776
1881,0.03118,0.43993,2,0.0006,0.17776
1882,0.03132,0.47438,2,0.0006,0.17776
1883,0.03024,0.08141,2,0.0006,0.17776
1884,0.04039,0.06459,2,0.0006,0.17776
1885,0.03589,0.33178,2,0.0006,0.17776
1886,0.0322,0.08575,2,0.0006,0.17776
1887,0.03091,0.13385,2,0.0006,0.17776
1888,0.03456,0.38061,1,0.0006,0.17776
1889,0.03715,0.06406,1,0.0006,0.17776
1890,0.03414,0.20336,1,0.0006,0.17776
1891,0.03533,0.42942,1,0.0006,0.17776
1892,0.03391,0.14914,1,0.0006,0.17776
1893,0.03113,0.0911,1,0.0006,0.17776
1894,0.03005,0.08405,1,0.0006,0.17776
1895,0.03368,0.09191,1,0.0006,0.17776
1896,0.03669,0.05656,1,0.0006,0.17776
1897,0.03493,0.09208,1,0.0006,0.17776
1898,0.03344,0.07075,1,0.0006,0.17776
1899,0.03315,0.43606,1,0.0006,0.17776
1900,0.03398,0.94056,1,0.0006,0.17776
1901,0.03573,0.07749,1,0.0006,0.17776
1902,0.0342,0.1538,1,0.0006,0.17776
1903,0.03266,0.1775,1,0.0006,0.17776
1904,0.03337,0.09382,1,0.0006,0.17776
1905,0.03221,0.08002,1,0.0006,0.17776
1906,0.037,0.15024,1,0.0006,0.17776
1907,0.03101,0.05355,1,0.0006,0.17776
1908,0.03129,0.04859,1,0.0006,0.17776
1909,0.03128,0.08696,1,0.0006,0.17776
1910,0.0348,0.05497,1,0.0006,0.17776
1911,0.03297,0.32557,1,0.0006,0.17776
1912,0.03526,0.12734,1,0.0006,0.17776
1913,0.03337,0.52803,1,0.0006,0.17776
1914,0.03255,0.0653,1,0.0006,0.17776
1915,0.03254,0.07587,1,0.0006,0.17776
1916,0.03244,0.07085,1,0.0006,0.17776
1917,0.03162,0.05184,1,0.0006,0.17776
1918,0.03055,0.05542,1,0.0006,0.17776
1919,0.03196,0.05778,1,0.0006,0.17776
1920,0.031,0.21915,1,0.0006,0.17776
1921,0.0295,0.09753,1,0.0006,0.17776
1922,0.02954,0.10513,1,0.0006,0.17776
1923,0.02956,0.05579,1,0.0006,0.17776
1924,0.02859,0.06201,1,0.0006,0.17776
1925,0.02757,0.06977,1,0.0006,0.17776
1926,0.03291,0.05474,1,0.0006,0.17776
1927,0.03246,0.05759,1,0.0006,0.17776
1928,0.0274,0.128,1,0.0006,0.17776
1929,0.03563,0.05725,1,0.0006,0.17776
1930,0.03656,0.07211,1,0.0006,0.17776
1931,0.03476,0.09216,1,0.0006,0.17776
1932,0.0403,0.05832,1,0.0006,0.17776
1933,0.03483,0.11682,1,0.0006,0.17776
1934,0.03415,0.23215,1,0.0006,0.17776
1935,0.04034,0.157,1,0.0006,0.17776
1936,0.033,0.08623,1,0.0006,0.17776
1937,0.03128,0.06283,1,0.0006,0.17776
1938,0.03091,0.60248,1,0.0006,0.17776
1939,0.03142,0.21757,1,0.0006,0.17776
1940,0.03137,0.29025,1,0.0006,0.17776
1941,0.02985,0.0673,1,0.0006,0.17776
1942,0.03225,0.17295,1,0.0006,0.17776
1943,0.03023,0.08024,1,0.0006,0.17776
1944,0.0385,0.46201,2,0.0006,0.17776
1945,0.03709,0.07705,2,0.0006,0.17776
1946,0.03207,0.12996,2,0.0006,0.17776
1947,0.03059,0.08715,2,0.0006,0.17776
1948,0.03407,0.17286,2,0.0006,0.17776
1949,0.03633,0.18099,2,0.0006,0.17776
1950,0.0325,0.07543,2,0.0006,0.17776
1951,0.03239,0.30313,2,0.0006,0.17776
1952,0.03392,0.13859,2,0.0006,0.17776
1953,0.03623,0.35918,2,0.0006,0.17776
1954,0.03878,0.09622,2,0.0006,0.17776
1955,0.03429,0.07565,2,0.0006,0.17776
1956,0.03397,0.10591,2,0.0006,0.17776
1957,0.02983,0.05672,2,0.0006,0.17776
1958,0.03198,0.19741,2,0.0006,0.17776
1959,0.03323,0.05405,2,0.0006,0.17776
1960,0.03913,0.31694,2,0.0006,0.17776
1961,0.03503,0.38215,2,0.0006,0.17776
1962,0.0337,0.15122,2,0.0006,0.17776
1963,0.03307,0.23504,2,0.0006,0.17776
1964,0.03442,0.12532,2,0.0006,0.17776
1965,0.03737,0.06153,2,0.0006,0.17776
1966,0.03433,0.72448,2,0.0006,0.17776
1967,0.03597,0.0873,2,0.0006,0.17776
1968,0.03342,0.07342,2,0.0006,0.17776
1969,0.03432,0.05812,2,0.0006,0.17776
1970,0.0403,0.25666,2,0.0006,0.17776
1971,0.03673,0.2138,2,0.0006,0.17776
1972,0.03359,0.05096,2,0.0006,0.17776
1973,0.0331,0.12614,2,0.0006,0.17776
1974,0.03774,0.26908,2,0.0006,0.17776
1975,0.03584,0.09472,2,0.0006,0.17776
1976,0.03553,0.06623,2,0.0006,0.17776
1977,0.03365,0.08597,2,0.0006,0.17776
1978,0.03152,0.15833,2,0.0006,0.17776
1979,0.03312,0.20768,2,0.0006,0.17776
1980,0.03326,0.07235,2,0.0006,0.17776
1981,0.0314,0.09795,2,0.0006,0.17776
1982,0.03189,0.05677,2,0.0006,0.17776
1983,0.03307,0.06013,2,0.0006,0.17776
1984,0.03381,0.07474,2,0.0006,0.17776
1985,0.03328,0.0617,2,0.0006,0.17776
1986,0.03429,0.08625,2,0.0006,0.17776
1987,0.03242,0.08141,2,0.0006,0.17776
1988,0.03324,0.1588,2,0.0006,0.17776
1989,0.03414,0.69099,2,0.0006,0.17776
1990,0.03366,0.2732,2,0.0006,0.17776
1991,0.03112,0.29227,2,0.0006,0.17776
1992,0.02949,0.06263,2,0.0006,0.17776
1993,0.03109,0.06409,2,0.0006,0.17776
1994,0.02873,0.08638,2,0.0006,0.17776
1995,0.0336,0.43572,2,0.0006,0.17776
1996,0.03564,0.1528,2,0.0006,0.17776
1997,0.03404,0.16006,2,0.0006,0.17776
1998,0.0303,0.38522,2,0.0006,0.17776
1999,0.03331,0.7184,1,0.0006,0.17776
2000,0.03489,0.39851,1,0.0006,0.1969
